╔═══════════════════════════════════════════════════════════════╗
║          Full Benchmark Experiment — 20260524_134607             ║
╚═══════════════════════════════════════════════════════════════╝
  Trials:                  3
  Batch (Phase B/fast):    10000
  Batch (Phase A/no-idx):  1000
  Scales override:         (default 500k/1M/10M)
  Database target:         all
  Skip generation:         0
  Skip reset:              0
  Skip notebook:           0
  Log file:                logs/run_20260524_134607.log

Data scales: 500_000, 1_000_000, 10_000_000  (per src/cmd/run_benchmarks/main.go)
Phase A (no indexes) runs only at the smallest scale. Phase B (with
indexes) runs at every scale. With tuned MySQL/Postgres buffers, expected
runtime is ~3–5 hours.


[1m[1;33m▶ Step 1/6 — Reset Docker containers (volumes wiped)[0m

time="2026-05-24T13:46:07+02:00" level=warning msg="/Users/kacperko/University/zaawansowane-technologie-baz-danych/docker-compose.yml: the attribute `version` is obsolete, it will be ignored, please remove it to avoid potential confusion"
 Container bench-redis  Stopping
 Container bench-mongo  Stopping
 Container bench-postgres  Stopping
 Container bench-mysql  Stopping
 Container bench-mysql  Stopped
 Container bench-redis  Stopped
 Container bench-mongo  Stopped
 Container bench-mysql  Removing
 Container bench-redis  Removing
 Container bench-mongo  Removing
 Container bench-postgres  Stopped
 Container bench-postgres  Removing
 Container bench-redis  Removed
 Container bench-mongo  Removed
 Container bench-mysql  Removed
 Container bench-postgres  Removed
 Network zaawansowane-technologie-baz-danych_default  Removing
 Volume zaawansowane-technologie-baz-danych_mongo_data  Removing
 Volume zaawansowane-technologie-baz-danych_redis_data  Removing
 Volume zaawansowane-technologie-baz-danych_mysql_data  Removing
 Volume zaawansowane-technologie-baz-danych_postgres_data  Removing
 Volume zaawansowane-technologie-baz-danych_mongo_data  Removed
 Volume zaawansowane-technologie-baz-danych_postgres_data  Removed
 Volume zaawansowane-technologie-baz-danych_redis_data  Removed
 Volume zaawansowane-technologie-baz-danych_mysql_data  Removed
 Network zaawansowane-technologie-baz-danych_default  Removed
time="2026-05-24T13:46:07+02:00" level=warning msg="/Users/kacperko/University/zaawansowane-technologie-baz-danych/docker-compose.yml: the attribute `version` is obsolete, it will be ignored, please remove it to avoid potential confusion"
 Network zaawansowane-technologie-baz-danych_default  Creating
 Network zaawansowane-technologie-baz-danych_default  Created
 Volume zaawansowane-technologie-baz-danych_mongo_data  Creating
 Volume zaawansowane-technologie-baz-danych_mongo_data  Created
 Volume zaawansowane-technologie-baz-danych_redis_data  Creating
 Volume zaawansowane-technologie-baz-danych_redis_data  Created
 Volume zaawansowane-technologie-baz-danych_mysql_data  Creating
 Volume zaawansowane-technologie-baz-danych_mysql_data  Created
 Volume zaawansowane-technologie-baz-danych_postgres_data  Creating
 Volume zaawansowane-technologie-baz-danych_postgres_data  Created
 Container bench-redis  Creating
 Container bench-postgres  Creating
 Container bench-mysql  Creating
 Container bench-mongo  Creating
 Container bench-mongo  Created
 Container bench-mysql  Created
 Container bench-postgres  Created
 Container bench-redis  Created
 Container bench-redis  Starting
 Container bench-postgres  Starting
 Container bench-mongo  Starting
 Container bench-mysql  Starting
 Container bench-redis  Started
 Container bench-mongo  Started
 Container bench-mysql  Started
 Container bench-postgres  Started

[1m[1;33m▶ Step 2/6 — Waiting for databases to become ready[0m

  waiting (1/60): mysql=0 pg=0 mongo=1 redis=1
  waiting (2/60): mysql=0 pg=1 mongo=1 redis=1
  waiting (3/60): mysql=0 pg=1 mongo=1 redis=1
[0;32m✓ All four databases reachable.[0m

[1m[1;33m▶ Step 3/6 — Regenerate query files (this is slow at 10M scale)[0m

Starting benchmark data generation...

--- category SQL inserts ---

--- category Mongo inserts ---

--- category Redis sets ---

--- category SQL selects ---

--- category SQL updates ---

--- category SQL deletes ---

--- category Mongo finds ---

--- category Mongo updates ---

--- category Mongo deletes ---

--- category Redis updates ---

--- category Redis deletes ---

--- category Redis gets ---

--- user SQL inserts ---
  100000 / 10000000 user SQL inserts
  200000 / 10000000 user SQL inserts
  300000 / 10000000 user SQL inserts
  400000 / 10000000 user SQL inserts
  500000 / 10000000 user SQL inserts
  600000 / 10000000 user SQL inserts
  700000 / 10000000 user SQL inserts
  800000 / 10000000 user SQL inserts
  900000 / 10000000 user SQL inserts
  1000000 / 10000000 user SQL inserts
  1100000 / 10000000 user SQL inserts
  1200000 / 10000000 user SQL inserts
  1300000 / 10000000 user SQL inserts
  1400000 / 10000000 user SQL inserts
  1500000 / 10000000 user SQL inserts
  1600000 / 10000000 user SQL inserts
  1700000 / 10000000 user SQL inserts
  1800000 / 10000000 user SQL inserts
  1900000 / 10000000 user SQL inserts
  2000000 / 10000000 user SQL inserts
  2100000 / 10000000 user SQL inserts
  2200000 / 10000000 user SQL inserts
  2300000 / 10000000 user SQL inserts
  2400000 / 10000000 user SQL inserts
  2500000 / 10000000 user SQL inserts
  2600000 / 10000000 user SQL inserts
  2700000 / 10000000 user SQL inserts
  2800000 / 10000000 user SQL inserts
  2900000 / 10000000 user SQL inserts
  3000000 / 10000000 user SQL inserts
  3100000 / 10000000 user SQL inserts
  3200000 / 10000000 user SQL inserts
  3300000 / 10000000 user SQL inserts
  3400000 / 10000000 user SQL inserts
  3500000 / 10000000 user SQL inserts
  3600000 / 10000000 user SQL inserts
  3700000 / 10000000 user SQL inserts
  3800000 / 10000000 user SQL inserts
  3900000 / 10000000 user SQL inserts
  4000000 / 10000000 user SQL inserts
  4100000 / 10000000 user SQL inserts
  4200000 / 10000000 user SQL inserts
  4300000 / 10000000 user SQL inserts
  4400000 / 10000000 user SQL inserts
  4500000 / 10000000 user SQL inserts
  4600000 / 10000000 user SQL inserts
  4700000 / 10000000 user SQL inserts
  4800000 / 10000000 user SQL inserts
  4900000 / 10000000 user SQL inserts
  5000000 / 10000000 user SQL inserts
  5100000 / 10000000 user SQL inserts
  5200000 / 10000000 user SQL inserts
  5300000 / 10000000 user SQL inserts
  5400000 / 10000000 user SQL inserts
  5500000 / 10000000 user SQL inserts
  5600000 / 10000000 user SQL inserts
  5700000 / 10000000 user SQL inserts
  5800000 / 10000000 user SQL inserts
  5900000 / 10000000 user SQL inserts
  6000000 / 10000000 user SQL inserts
  6100000 / 10000000 user SQL inserts
  6200000 / 10000000 user SQL inserts
  6300000 / 10000000 user SQL inserts
  6400000 / 10000000 user SQL inserts
  6500000 / 10000000 user SQL inserts
  6600000 / 10000000 user SQL inserts
  6700000 / 10000000 user SQL inserts
  6800000 / 10000000 user SQL inserts
  6900000 / 10000000 user SQL inserts
  7000000 / 10000000 user SQL inserts
  7100000 / 10000000 user SQL inserts
  7200000 / 10000000 user SQL inserts
  7300000 / 10000000 user SQL inserts
  7400000 / 10000000 user SQL inserts
  7500000 / 10000000 user SQL inserts
  7600000 / 10000000 user SQL inserts
  7700000 / 10000000 user SQL inserts
  7800000 / 10000000 user SQL inserts
  7900000 / 10000000 user SQL inserts
  8000000 / 10000000 user SQL inserts
  8100000 / 10000000 user SQL inserts
  8200000 / 10000000 user SQL inserts
  8300000 / 10000000 user SQL inserts
  8400000 / 10000000 user SQL inserts
  8500000 / 10000000 user SQL inserts
  8600000 / 10000000 user SQL inserts
  8700000 / 10000000 user SQL inserts
  8800000 / 10000000 user SQL inserts
  8900000 / 10000000 user SQL inserts
  9000000 / 10000000 user SQL inserts
  9100000 / 10000000 user SQL inserts
  9200000 / 10000000 user SQL inserts
  9300000 / 10000000 user SQL inserts
  9400000 / 10000000 user SQL inserts
  9500000 / 10000000 user SQL inserts
  9600000 / 10000000 user SQL inserts
  9700000 / 10000000 user SQL inserts
  9800000 / 10000000 user SQL inserts
  9900000 / 10000000 user SQL inserts
  10000000 / 10000000 user SQL inserts

--- user SQL selects ---
  100000 / 10000000 user SQL selects
  200000 / 10000000 user SQL selects
  300000 / 10000000 user SQL selects
  400000 / 10000000 user SQL selects
  500000 / 10000000 user SQL selects
  600000 / 10000000 user SQL selects
  700000 / 10000000 user SQL selects
  800000 / 10000000 user SQL selects
  900000 / 10000000 user SQL selects
  1000000 / 10000000 user SQL selects
  1100000 / 10000000 user SQL selects
  1200000 / 10000000 user SQL selects
  1300000 / 10000000 user SQL selects
  1400000 / 10000000 user SQL selects
  1500000 / 10000000 user SQL selects
  1600000 / 10000000 user SQL selects
  1700000 / 10000000 user SQL selects
  1800000 / 10000000 user SQL selects
  1900000 / 10000000 user SQL selects
  2000000 / 10000000 user SQL selects
  2100000 / 10000000 user SQL selects
  2200000 / 10000000 user SQL selects
  2300000 / 10000000 user SQL selects
  2400000 / 10000000 user SQL selects
  2500000 / 10000000 user SQL selects
  2600000 / 10000000 user SQL selects
  2700000 / 10000000 user SQL selects
  2800000 / 10000000 user SQL selects
  2900000 / 10000000 user SQL selects
  3000000 / 10000000 user SQL selects
  3100000 / 10000000 user SQL selects
  3200000 / 10000000 user SQL selects
  3300000 / 10000000 user SQL selects
  3400000 / 10000000 user SQL selects
  3500000 / 10000000 user SQL selects
  3600000 / 10000000 user SQL selects
  3700000 / 10000000 user SQL selects
  3800000 / 10000000 user SQL selects
  3900000 / 10000000 user SQL selects
  4000000 / 10000000 user SQL selects
  4100000 / 10000000 user SQL selects
  4200000 / 10000000 user SQL selects
  4300000 / 10000000 user SQL selects
  4400000 / 10000000 user SQL selects
  4500000 / 10000000 user SQL selects
  4600000 / 10000000 user SQL selects
  4700000 / 10000000 user SQL selects
  4800000 / 10000000 user SQL selects
  4900000 / 10000000 user SQL selects
  5000000 / 10000000 user SQL selects
  5100000 / 10000000 user SQL selects
  5200000 / 10000000 user SQL selects
  5300000 / 10000000 user SQL selects
  5400000 / 10000000 user SQL selects
  5500000 / 10000000 user SQL selects
  5600000 / 10000000 user SQL selects
  5700000 / 10000000 user SQL selects
  5800000 / 10000000 user SQL selects
  5900000 / 10000000 user SQL selects
  6000000 / 10000000 user SQL selects
  6100000 / 10000000 user SQL selects
  6200000 / 10000000 user SQL selects
  6300000 / 10000000 user SQL selects
  6400000 / 10000000 user SQL selects
  6500000 / 10000000 user SQL selects
  6600000 / 10000000 user SQL selects
  6700000 / 10000000 user SQL selects
  6800000 / 10000000 user SQL selects
  6900000 / 10000000 user SQL selects
  7000000 / 10000000 user SQL selects
  7100000 / 10000000 user SQL selects
  7200000 / 10000000 user SQL selects
  7300000 / 10000000 user SQL selects
  7400000 / 10000000 user SQL selects
  7500000 / 10000000 user SQL selects
  7600000 / 10000000 user SQL selects
  7700000 / 10000000 user SQL selects
  7800000 / 10000000 user SQL selects
  7900000 / 10000000 user SQL selects
  8000000 / 10000000 user SQL selects
  8100000 / 10000000 user SQL selects
  8200000 / 10000000 user SQL selects
  8300000 / 10000000 user SQL selects
  8400000 / 10000000 user SQL selects
  8500000 / 10000000 user SQL selects
  8600000 / 10000000 user SQL selects
  8700000 / 10000000 user SQL selects
  8800000 / 10000000 user SQL selects
  8900000 / 10000000 user SQL selects
  9000000 / 10000000 user SQL selects
  9100000 / 10000000 user SQL selects
  9200000 / 10000000 user SQL selects
  9300000 / 10000000 user SQL selects
  9400000 / 10000000 user SQL selects
  9500000 / 10000000 user SQL selects
  9600000 / 10000000 user SQL selects
  9700000 / 10000000 user SQL selects
  9800000 / 10000000 user SQL selects
  9900000 / 10000000 user SQL selects
  10000000 / 10000000 user SQL selects

--- user SQL updates ---
  100000 / 10000000 user SQL updates
  200000 / 10000000 user SQL updates
  300000 / 10000000 user SQL updates
  400000 / 10000000 user SQL updates
  500000 / 10000000 user SQL updates
  600000 / 10000000 user SQL updates
  700000 / 10000000 user SQL updates
  800000 / 10000000 user SQL updates
  900000 / 10000000 user SQL updates
  1000000 / 10000000 user SQL updates
  1100000 / 10000000 user SQL updates
  1200000 / 10000000 user SQL updates
  1300000 / 10000000 user SQL updates
  1400000 / 10000000 user SQL updates
  1500000 / 10000000 user SQL updates
  1600000 / 10000000 user SQL updates
  1700000 / 10000000 user SQL updates
  1800000 / 10000000 user SQL updates
  1900000 / 10000000 user SQL updates
  2000000 / 10000000 user SQL updates
  2100000 / 10000000 user SQL updates
  2200000 / 10000000 user SQL updates
  2300000 / 10000000 user SQL updates
  2400000 / 10000000 user SQL updates
  2500000 / 10000000 user SQL updates
  2600000 / 10000000 user SQL updates
  2700000 / 10000000 user SQL updates
  2800000 / 10000000 user SQL updates
  2900000 / 10000000 user SQL updates
  3000000 / 10000000 user SQL updates
  3100000 / 10000000 user SQL updates
  3200000 / 10000000 user SQL updates
  3300000 / 10000000 user SQL updates
  3400000 / 10000000 user SQL updates
  3500000 / 10000000 user SQL updates
  3600000 / 10000000 user SQL updates
  3700000 / 10000000 user SQL updates
  3800000 / 10000000 user SQL updates
  3900000 / 10000000 user SQL updates
  4000000 / 10000000 user SQL updates
  4100000 / 10000000 user SQL updates
  4200000 / 10000000 user SQL updates
  4300000 / 10000000 user SQL updates
  4400000 / 10000000 user SQL updates
  4500000 / 10000000 user SQL updates
  4600000 / 10000000 user SQL updates
  4700000 / 10000000 user SQL updates
  4800000 / 10000000 user SQL updates
  4900000 / 10000000 user SQL updates
  5000000 / 10000000 user SQL updates
  5100000 / 10000000 user SQL updates
  5200000 / 10000000 user SQL updates
  5300000 / 10000000 user SQL updates
  5400000 / 10000000 user SQL updates
  5500000 / 10000000 user SQL updates
  5600000 / 10000000 user SQL updates
  5700000 / 10000000 user SQL updates
  5800000 / 10000000 user SQL updates
  5900000 / 10000000 user SQL updates
  6000000 / 10000000 user SQL updates
  6100000 / 10000000 user SQL updates
  6200000 / 10000000 user SQL updates
  6300000 / 10000000 user SQL updates
  6400000 / 10000000 user SQL updates
  6500000 / 10000000 user SQL updates
  6600000 / 10000000 user SQL updates
  6700000 / 10000000 user SQL updates
  6800000 / 10000000 user SQL updates
  6900000 / 10000000 user SQL updates
  7000000 / 10000000 user SQL updates
  7100000 / 10000000 user SQL updates
  7200000 / 10000000 user SQL updates
  7300000 / 10000000 user SQL updates
  7400000 / 10000000 user SQL updates
  7500000 / 10000000 user SQL updates
  7600000 / 10000000 user SQL updates
  7700000 / 10000000 user SQL updates
  7800000 / 10000000 user SQL updates
  7900000 / 10000000 user SQL updates
  8000000 / 10000000 user SQL updates
  8100000 / 10000000 user SQL updates
  8200000 / 10000000 user SQL updates
  8300000 / 10000000 user SQL updates
  8400000 / 10000000 user SQL updates
  8500000 / 10000000 user SQL updates
  8600000 / 10000000 user SQL updates
  8700000 / 10000000 user SQL updates
  8800000 / 10000000 user SQL updates
  8900000 / 10000000 user SQL updates
  9000000 / 10000000 user SQL updates
  9100000 / 10000000 user SQL updates
  9200000 / 10000000 user SQL updates
  9300000 / 10000000 user SQL updates
  9400000 / 10000000 user SQL updates
  9500000 / 10000000 user SQL updates
  9600000 / 10000000 user SQL updates
  9700000 / 10000000 user SQL updates
  9800000 / 10000000 user SQL updates
  9900000 / 10000000 user SQL updates
  10000000 / 10000000 user SQL updates

--- user SQL deletes ---
  100000 / 10000000 user SQL deletes
  200000 / 10000000 user SQL deletes
  300000 / 10000000 user SQL deletes
  400000 / 10000000 user SQL deletes
  500000 / 10000000 user SQL deletes
  600000 / 10000000 user SQL deletes
  700000 / 10000000 user SQL deletes
  800000 / 10000000 user SQL deletes
  900000 / 10000000 user SQL deletes
  1000000 / 10000000 user SQL deletes
  1100000 / 10000000 user SQL deletes
  1200000 / 10000000 user SQL deletes
  1300000 / 10000000 user SQL deletes
  1400000 / 10000000 user SQL deletes
  1500000 / 10000000 user SQL deletes
  1600000 / 10000000 user SQL deletes
  1700000 / 10000000 user SQL deletes
  1800000 / 10000000 user SQL deletes
  1900000 / 10000000 user SQL deletes
  2000000 / 10000000 user SQL deletes
  2100000 / 10000000 user SQL deletes
  2200000 / 10000000 user SQL deletes
  2300000 / 10000000 user SQL deletes
  2400000 / 10000000 user SQL deletes
  2500000 / 10000000 user SQL deletes
  2600000 / 10000000 user SQL deletes
  2700000 / 10000000 user SQL deletes
  2800000 / 10000000 user SQL deletes
  2900000 / 10000000 user SQL deletes
  3000000 / 10000000 user SQL deletes
  3100000 / 10000000 user SQL deletes
  3200000 / 10000000 user SQL deletes
  3300000 / 10000000 user SQL deletes
  3400000 / 10000000 user SQL deletes
  3500000 / 10000000 user SQL deletes
  3600000 / 10000000 user SQL deletes
  3700000 / 10000000 user SQL deletes
  3800000 / 10000000 user SQL deletes
  3900000 / 10000000 user SQL deletes
  4000000 / 10000000 user SQL deletes
  4100000 / 10000000 user SQL deletes
  4200000 / 10000000 user SQL deletes
  4300000 / 10000000 user SQL deletes
  4400000 / 10000000 user SQL deletes
  4500000 / 10000000 user SQL deletes
  4600000 / 10000000 user SQL deletes
  4700000 / 10000000 user SQL deletes
  4800000 / 10000000 user SQL deletes
  4900000 / 10000000 user SQL deletes
  5000000 / 10000000 user SQL deletes
  5100000 / 10000000 user SQL deletes
  5200000 / 10000000 user SQL deletes
  5300000 / 10000000 user SQL deletes
  5400000 / 10000000 user SQL deletes
  5500000 / 10000000 user SQL deletes
  5600000 / 10000000 user SQL deletes
  5700000 / 10000000 user SQL deletes
  5800000 / 10000000 user SQL deletes
  5900000 / 10000000 user SQL deletes
  6000000 / 10000000 user SQL deletes
  6100000 / 10000000 user SQL deletes
  6200000 / 10000000 user SQL deletes
  6300000 / 10000000 user SQL deletes
  6400000 / 10000000 user SQL deletes
  6500000 / 10000000 user SQL deletes
  6600000 / 10000000 user SQL deletes
  6700000 / 10000000 user SQL deletes
  6800000 / 10000000 user SQL deletes
  6900000 / 10000000 user SQL deletes
  7000000 / 10000000 user SQL deletes
  7100000 / 10000000 user SQL deletes
  7200000 / 10000000 user SQL deletes
  7300000 / 10000000 user SQL deletes
  7400000 / 10000000 user SQL deletes
  7500000 / 10000000 user SQL deletes
  7600000 / 10000000 user SQL deletes
  7700000 / 10000000 user SQL deletes
  7800000 / 10000000 user SQL deletes
  7900000 / 10000000 user SQL deletes
  8000000 / 10000000 user SQL deletes
  8100000 / 10000000 user SQL deletes
  8200000 / 10000000 user SQL deletes
  8300000 / 10000000 user SQL deletes
  8400000 / 10000000 user SQL deletes
  8500000 / 10000000 user SQL deletes
  8600000 / 10000000 user SQL deletes
  8700000 / 10000000 user SQL deletes
  8800000 / 10000000 user SQL deletes
  8900000 / 10000000 user SQL deletes
  9000000 / 10000000 user SQL deletes
  9100000 / 10000000 user SQL deletes
  9200000 / 10000000 user SQL deletes
  9300000 / 10000000 user SQL deletes
  9400000 / 10000000 user SQL deletes
  9500000 / 10000000 user SQL deletes
  9600000 / 10000000 user SQL deletes
  9700000 / 10000000 user SQL deletes
  9800000 / 10000000 user SQL deletes
  9900000 / 10000000 user SQL deletes
  10000000 / 10000000 user SQL deletes

--- user Mongo inserts ---
  100000 / 10000000 user Mongo inserts
  200000 / 10000000 user Mongo inserts
  300000 / 10000000 user Mongo inserts
  400000 / 10000000 user Mongo inserts
  500000 / 10000000 user Mongo inserts
  600000 / 10000000 user Mongo inserts
  700000 / 10000000 user Mongo inserts
  800000 / 10000000 user Mongo inserts
  900000 / 10000000 user Mongo inserts
  1000000 / 10000000 user Mongo inserts
  1100000 / 10000000 user Mongo inserts
  1200000 / 10000000 user Mongo inserts
  1300000 / 10000000 user Mongo inserts
  1400000 / 10000000 user Mongo inserts
  1500000 / 10000000 user Mongo inserts
  1600000 / 10000000 user Mongo inserts
  1700000 / 10000000 user Mongo inserts
  1800000 / 10000000 user Mongo inserts
  1900000 / 10000000 user Mongo inserts
  2000000 / 10000000 user Mongo inserts
  2100000 / 10000000 user Mongo inserts
  2200000 / 10000000 user Mongo inserts
  2300000 / 10000000 user Mongo inserts
  2400000 / 10000000 user Mongo inserts
  2500000 / 10000000 user Mongo inserts
  2600000 / 10000000 user Mongo inserts
  2700000 / 10000000 user Mongo inserts
  2800000 / 10000000 user Mongo inserts
  2900000 / 10000000 user Mongo inserts
  3000000 / 10000000 user Mongo inserts
  3100000 / 10000000 user Mongo inserts
  3200000 / 10000000 user Mongo inserts
  3300000 / 10000000 user Mongo inserts
  3400000 / 10000000 user Mongo inserts
  3500000 / 10000000 user Mongo inserts
  3600000 / 10000000 user Mongo inserts
  3700000 / 10000000 user Mongo inserts
  3800000 / 10000000 user Mongo inserts
  3900000 / 10000000 user Mongo inserts
  4000000 / 10000000 user Mongo inserts
  4100000 / 10000000 user Mongo inserts
  4200000 / 10000000 user Mongo inserts
  4300000 / 10000000 user Mongo inserts
  4400000 / 10000000 user Mongo inserts
  4500000 / 10000000 user Mongo inserts
  4600000 / 10000000 user Mongo inserts
  4700000 / 10000000 user Mongo inserts
  4800000 / 10000000 user Mongo inserts
  4900000 / 10000000 user Mongo inserts
  5000000 / 10000000 user Mongo inserts
  5100000 / 10000000 user Mongo inserts
  5200000 / 10000000 user Mongo inserts
  5300000 / 10000000 user Mongo inserts
  5400000 / 10000000 user Mongo inserts
  5500000 / 10000000 user Mongo inserts
  5600000 / 10000000 user Mongo inserts
  5700000 / 10000000 user Mongo inserts
  5800000 / 10000000 user Mongo inserts
  5900000 / 10000000 user Mongo inserts
  6000000 / 10000000 user Mongo inserts
  6100000 / 10000000 user Mongo inserts
  6200000 / 10000000 user Mongo inserts
  6300000 / 10000000 user Mongo inserts
  6400000 / 10000000 user Mongo inserts
  6500000 / 10000000 user Mongo inserts
  6600000 / 10000000 user Mongo inserts
  6700000 / 10000000 user Mongo inserts
  6800000 / 10000000 user Mongo inserts
  6900000 / 10000000 user Mongo inserts
  7000000 / 10000000 user Mongo inserts
  7100000 / 10000000 user Mongo inserts
  7200000 / 10000000 user Mongo inserts
  7300000 / 10000000 user Mongo inserts
  7400000 / 10000000 user Mongo inserts
  7500000 / 10000000 user Mongo inserts
  7600000 / 10000000 user Mongo inserts
  7700000 / 10000000 user Mongo inserts
  7800000 / 10000000 user Mongo inserts
  7900000 / 10000000 user Mongo inserts
  8000000 / 10000000 user Mongo inserts
  8100000 / 10000000 user Mongo inserts
  8200000 / 10000000 user Mongo inserts
  8300000 / 10000000 user Mongo inserts
  8400000 / 10000000 user Mongo inserts
  8500000 / 10000000 user Mongo inserts
  8600000 / 10000000 user Mongo inserts
  8700000 / 10000000 user Mongo inserts
  8800000 / 10000000 user Mongo inserts
  8900000 / 10000000 user Mongo inserts
  9000000 / 10000000 user Mongo inserts
  9100000 / 10000000 user Mongo inserts
  9200000 / 10000000 user Mongo inserts
  9300000 / 10000000 user Mongo inserts
  9400000 / 10000000 user Mongo inserts
  9500000 / 10000000 user Mongo inserts
  9600000 / 10000000 user Mongo inserts
  9700000 / 10000000 user Mongo inserts
  9800000 / 10000000 user Mongo inserts
  9900000 / 10000000 user Mongo inserts
  10000000 / 10000000 user Mongo inserts

--- user Mongo finds ---
  100000 / 10000000 user Mongo finds
  200000 / 10000000 user Mongo finds
  300000 / 10000000 user Mongo finds
  400000 / 10000000 user Mongo finds
  500000 / 10000000 user Mongo finds
  600000 / 10000000 user Mongo finds
  700000 / 10000000 user Mongo finds
  800000 / 10000000 user Mongo finds
  900000 / 10000000 user Mongo finds
  1000000 / 10000000 user Mongo finds
  1100000 / 10000000 user Mongo finds
  1200000 / 10000000 user Mongo finds
  1300000 / 10000000 user Mongo finds
  1400000 / 10000000 user Mongo finds
  1500000 / 10000000 user Mongo finds
  1600000 / 10000000 user Mongo finds
  1700000 / 10000000 user Mongo finds
  1800000 / 10000000 user Mongo finds
  1900000 / 10000000 user Mongo finds
  2000000 / 10000000 user Mongo finds
  2100000 / 10000000 user Mongo finds
  2200000 / 10000000 user Mongo finds
  2300000 / 10000000 user Mongo finds
  2400000 / 10000000 user Mongo finds
  2500000 / 10000000 user Mongo finds
  2600000 / 10000000 user Mongo finds
  2700000 / 10000000 user Mongo finds
  2800000 / 10000000 user Mongo finds
  2900000 / 10000000 user Mongo finds
  3000000 / 10000000 user Mongo finds
  3100000 / 10000000 user Mongo finds
  3200000 / 10000000 user Mongo finds
  3300000 / 10000000 user Mongo finds
  3400000 / 10000000 user Mongo finds
  3500000 / 10000000 user Mongo finds
  3600000 / 10000000 user Mongo finds
  3700000 / 10000000 user Mongo finds
  3800000 / 10000000 user Mongo finds
  3900000 / 10000000 user Mongo finds
  4000000 / 10000000 user Mongo finds
  4100000 / 10000000 user Mongo finds
  4200000 / 10000000 user Mongo finds
  4300000 / 10000000 user Mongo finds
  4400000 / 10000000 user Mongo finds
  4500000 / 10000000 user Mongo finds
  4600000 / 10000000 user Mongo finds
  4700000 / 10000000 user Mongo finds
  4800000 / 10000000 user Mongo finds
  4900000 / 10000000 user Mongo finds
  5000000 / 10000000 user Mongo finds
  5100000 / 10000000 user Mongo finds
  5200000 / 10000000 user Mongo finds
  5300000 / 10000000 user Mongo finds
  5400000 / 10000000 user Mongo finds
  5500000 / 10000000 user Mongo finds
  5600000 / 10000000 user Mongo finds
  5700000 / 10000000 user Mongo finds
  5800000 / 10000000 user Mongo finds
  5900000 / 10000000 user Mongo finds
  6000000 / 10000000 user Mongo finds
  6100000 / 10000000 user Mongo finds
  6200000 / 10000000 user Mongo finds
  6300000 / 10000000 user Mongo finds
  6400000 / 10000000 user Mongo finds
  6500000 / 10000000 user Mongo finds
  6600000 / 10000000 user Mongo finds
  6700000 / 10000000 user Mongo finds
  6800000 / 10000000 user Mongo finds
  6900000 / 10000000 user Mongo finds
  7000000 / 10000000 user Mongo finds
  7100000 / 10000000 user Mongo finds
  7200000 / 10000000 user Mongo finds
  7300000 / 10000000 user Mongo finds
  7400000 / 10000000 user Mongo finds
  7500000 / 10000000 user Mongo finds
  7600000 / 10000000 user Mongo finds
  7700000 / 10000000 user Mongo finds
  7800000 / 10000000 user Mongo finds
  7900000 / 10000000 user Mongo finds
  8000000 / 10000000 user Mongo finds
  8100000 / 10000000 user Mongo finds
  8200000 / 10000000 user Mongo finds
  8300000 / 10000000 user Mongo finds
  8400000 / 10000000 user Mongo finds
  8500000 / 10000000 user Mongo finds
  8600000 / 10000000 user Mongo finds
  8700000 / 10000000 user Mongo finds
  8800000 / 10000000 user Mongo finds
  8900000 / 10000000 user Mongo finds
  9000000 / 10000000 user Mongo finds
  9100000 / 10000000 user Mongo finds
  9200000 / 10000000 user Mongo finds
  9300000 / 10000000 user Mongo finds
  9400000 / 10000000 user Mongo finds
  9500000 / 10000000 user Mongo finds
  9600000 / 10000000 user Mongo finds
  9700000 / 10000000 user Mongo finds
  9800000 / 10000000 user Mongo finds
  9900000 / 10000000 user Mongo finds
  10000000 / 10000000 user Mongo finds

--- user Mongo updates ---
  100000 / 10000000 user Mongo updates
  200000 / 10000000 user Mongo updates
  300000 / 10000000 user Mongo updates
  400000 / 10000000 user Mongo updates
  500000 / 10000000 user Mongo updates
  600000 / 10000000 user Mongo updates
  700000 / 10000000 user Mongo updates
  800000 / 10000000 user Mongo updates
  900000 / 10000000 user Mongo updates
  1000000 / 10000000 user Mongo updates
  1100000 / 10000000 user Mongo updates
  1200000 / 10000000 user Mongo updates
  1300000 / 10000000 user Mongo updates
  1400000 / 10000000 user Mongo updates
  1500000 / 10000000 user Mongo updates
  1600000 / 10000000 user Mongo updates
  1700000 / 10000000 user Mongo updates
  1800000 / 10000000 user Mongo updates
  1900000 / 10000000 user Mongo updates
  2000000 / 10000000 user Mongo updates
  2100000 / 10000000 user Mongo updates
  2200000 / 10000000 user Mongo updates
  2300000 / 10000000 user Mongo updates
  2400000 / 10000000 user Mongo updates
  2500000 / 10000000 user Mongo updates
  2600000 / 10000000 user Mongo updates
  2700000 / 10000000 user Mongo updates
  2800000 / 10000000 user Mongo updates
  2900000 / 10000000 user Mongo updates
  3000000 / 10000000 user Mongo updates
  3100000 / 10000000 user Mongo updates
  3200000 / 10000000 user Mongo updates
  3300000 / 10000000 user Mongo updates
  3400000 / 10000000 user Mongo updates
  3500000 / 10000000 user Mongo updates
  3600000 / 10000000 user Mongo updates
  3700000 / 10000000 user Mongo updates
  3800000 / 10000000 user Mongo updates
  3900000 / 10000000 user Mongo updates
  4000000 / 10000000 user Mongo updates
  4100000 / 10000000 user Mongo updates
  4200000 / 10000000 user Mongo updates
  4300000 / 10000000 user Mongo updates
  4400000 / 10000000 user Mongo updates
  4500000 / 10000000 user Mongo updates
  4600000 / 10000000 user Mongo updates
  4700000 / 10000000 user Mongo updates
  4800000 / 10000000 user Mongo updates
  4900000 / 10000000 user Mongo updates
  5000000 / 10000000 user Mongo updates
  5100000 / 10000000 user Mongo updates
  5200000 / 10000000 user Mongo updates
  5300000 / 10000000 user Mongo updates
  5400000 / 10000000 user Mongo updates
  5500000 / 10000000 user Mongo updates
  5600000 / 10000000 user Mongo updates
  5700000 / 10000000 user Mongo updates
  5800000 / 10000000 user Mongo updates
  5900000 / 10000000 user Mongo updates
  6000000 / 10000000 user Mongo updates
  6100000 / 10000000 user Mongo updates
  6200000 / 10000000 user Mongo updates
  6300000 / 10000000 user Mongo updates
  6400000 / 10000000 user Mongo updates
  6500000 / 10000000 user Mongo updates
  6600000 / 10000000 user Mongo updates
  6700000 / 10000000 user Mongo updates
  6800000 / 10000000 user Mongo updates
  6900000 / 10000000 user Mongo updates
  7000000 / 10000000 user Mongo updates
  7100000 / 10000000 user Mongo updates
  7200000 / 10000000 user Mongo updates
  7300000 / 10000000 user Mongo updates
  7400000 / 10000000 user Mongo updates
  7500000 / 10000000 user Mongo updates
  7600000 / 10000000 user Mongo updates
  7700000 / 10000000 user Mongo updates
  7800000 / 10000000 user Mongo updates
  7900000 / 10000000 user Mongo updates
  8000000 / 10000000 user Mongo updates
  8100000 / 10000000 user Mongo updates
  8200000 / 10000000 user Mongo updates
  8300000 / 10000000 user Mongo updates
  8400000 / 10000000 user Mongo updates
  8500000 / 10000000 user Mongo updates
  8600000 / 10000000 user Mongo updates
  8700000 / 10000000 user Mongo updates
  8800000 / 10000000 user Mongo updates
  8900000 / 10000000 user Mongo updates
  9000000 / 10000000 user Mongo updates
  9100000 / 10000000 user Mongo updates
  9200000 / 10000000 user Mongo updates
  9300000 / 10000000 user Mongo updates
  9400000 / 10000000 user Mongo updates
  9500000 / 10000000 user Mongo updates
  9600000 / 10000000 user Mongo updates
  9700000 / 10000000 user Mongo updates
  9800000 / 10000000 user Mongo updates
  9900000 / 10000000 user Mongo updates
  10000000 / 10000000 user Mongo updates

--- user Mongo deletes ---
  100000 / 10000000 user Mongo deletes
  200000 / 10000000 user Mongo deletes
  300000 / 10000000 user Mongo deletes
  400000 / 10000000 user Mongo deletes
  500000 / 10000000 user Mongo deletes
  600000 / 10000000 user Mongo deletes
  700000 / 10000000 user Mongo deletes
  800000 / 10000000 user Mongo deletes
  900000 / 10000000 user Mongo deletes
  1000000 / 10000000 user Mongo deletes
  1100000 / 10000000 user Mongo deletes
  1200000 / 10000000 user Mongo deletes
  1300000 / 10000000 user Mongo deletes
  1400000 / 10000000 user Mongo deletes
  1500000 / 10000000 user Mongo deletes
  1600000 / 10000000 user Mongo deletes
  1700000 / 10000000 user Mongo deletes
  1800000 / 10000000 user Mongo deletes
  1900000 / 10000000 user Mongo deletes
  2000000 / 10000000 user Mongo deletes
  2100000 / 10000000 user Mongo deletes
  2200000 / 10000000 user Mongo deletes
  2300000 / 10000000 user Mongo deletes
  2400000 / 10000000 user Mongo deletes
  2500000 / 10000000 user Mongo deletes
  2600000 / 10000000 user Mongo deletes
  2700000 / 10000000 user Mongo deletes
  2800000 / 10000000 user Mongo deletes
  2900000 / 10000000 user Mongo deletes
  3000000 / 10000000 user Mongo deletes
  3100000 / 10000000 user Mongo deletes
  3200000 / 10000000 user Mongo deletes
  3300000 / 10000000 user Mongo deletes
  3400000 / 10000000 user Mongo deletes
  3500000 / 10000000 user Mongo deletes
  3600000 / 10000000 user Mongo deletes
  3700000 / 10000000 user Mongo deletes
  3800000 / 10000000 user Mongo deletes
  3900000 / 10000000 user Mongo deletes
  4000000 / 10000000 user Mongo deletes
  4100000 / 10000000 user Mongo deletes
  4200000 / 10000000 user Mongo deletes
  4300000 / 10000000 user Mongo deletes
  4400000 / 10000000 user Mongo deletes
  4500000 / 10000000 user Mongo deletes
  4600000 / 10000000 user Mongo deletes
  4700000 / 10000000 user Mongo deletes
  4800000 / 10000000 user Mongo deletes
  4900000 / 10000000 user Mongo deletes
  5000000 / 10000000 user Mongo deletes
  5100000 / 10000000 user Mongo deletes
  5200000 / 10000000 user Mongo deletes
  5300000 / 10000000 user Mongo deletes
  5400000 / 10000000 user Mongo deletes
  5500000 / 10000000 user Mongo deletes
  5600000 / 10000000 user Mongo deletes
  5700000 / 10000000 user Mongo deletes
  5800000 / 10000000 user Mongo deletes
  5900000 / 10000000 user Mongo deletes
  6000000 / 10000000 user Mongo deletes
  6100000 / 10000000 user Mongo deletes
  6200000 / 10000000 user Mongo deletes
  6300000 / 10000000 user Mongo deletes
  6400000 / 10000000 user Mongo deletes
  6500000 / 10000000 user Mongo deletes
  6600000 / 10000000 user Mongo deletes
  6700000 / 10000000 user Mongo deletes
  6800000 / 10000000 user Mongo deletes
  6900000 / 10000000 user Mongo deletes
  7000000 / 10000000 user Mongo deletes
  7100000 / 10000000 user Mongo deletes
  7200000 / 10000000 user Mongo deletes
  7300000 / 10000000 user Mongo deletes
  7400000 / 10000000 user Mongo deletes
  7500000 / 10000000 user Mongo deletes
  7600000 / 10000000 user Mongo deletes
  7700000 / 10000000 user Mongo deletes
  7800000 / 10000000 user Mongo deletes
  7900000 / 10000000 user Mongo deletes
  8000000 / 10000000 user Mongo deletes
  8100000 / 10000000 user Mongo deletes
  8200000 / 10000000 user Mongo deletes
  8300000 / 10000000 user Mongo deletes
  8400000 / 10000000 user Mongo deletes
  8500000 / 10000000 user Mongo deletes
  8600000 / 10000000 user Mongo deletes
  8700000 / 10000000 user Mongo deletes
  8800000 / 10000000 user Mongo deletes
  8900000 / 10000000 user Mongo deletes
  9000000 / 10000000 user Mongo deletes
  9100000 / 10000000 user Mongo deletes
  9200000 / 10000000 user Mongo deletes
  9300000 / 10000000 user Mongo deletes
  9400000 / 10000000 user Mongo deletes
  9500000 / 10000000 user Mongo deletes
  9600000 / 10000000 user Mongo deletes
  9700000 / 10000000 user Mongo deletes
  9800000 / 10000000 user Mongo deletes
  9900000 / 10000000 user Mongo deletes
  10000000 / 10000000 user Mongo deletes

--- user Redis sets ---
  100000 / 10000000 user Redis sets
  200000 / 10000000 user Redis sets
  300000 / 10000000 user Redis sets
  400000 / 10000000 user Redis sets
  500000 / 10000000 user Redis sets
  600000 / 10000000 user Redis sets
  700000 / 10000000 user Redis sets
  800000 / 10000000 user Redis sets
  900000 / 10000000 user Redis sets
  1000000 / 10000000 user Redis sets
  1100000 / 10000000 user Redis sets
  1200000 / 10000000 user Redis sets
  1300000 / 10000000 user Redis sets
  1400000 / 10000000 user Redis sets
  1500000 / 10000000 user Redis sets
  1600000 / 10000000 user Redis sets
  1700000 / 10000000 user Redis sets
  1800000 / 10000000 user Redis sets
  1900000 / 10000000 user Redis sets
  2000000 / 10000000 user Redis sets
  2100000 / 10000000 user Redis sets
  2200000 / 10000000 user Redis sets
  2300000 / 10000000 user Redis sets
  2400000 / 10000000 user Redis sets
  2500000 / 10000000 user Redis sets
  2600000 / 10000000 user Redis sets
  2700000 / 10000000 user Redis sets
  2800000 / 10000000 user Redis sets
  2900000 / 10000000 user Redis sets
  3000000 / 10000000 user Redis sets
  3100000 / 10000000 user Redis sets
  3200000 / 10000000 user Redis sets
  3300000 / 10000000 user Redis sets
  3400000 / 10000000 user Redis sets
  3500000 / 10000000 user Redis sets
  3600000 / 10000000 user Redis sets
  3700000 / 10000000 user Redis sets
  3800000 / 10000000 user Redis sets
  3900000 / 10000000 user Redis sets
  4000000 / 10000000 user Redis sets
  4100000 / 10000000 user Redis sets
  4200000 / 10000000 user Redis sets
  4300000 / 10000000 user Redis sets
  4400000 / 10000000 user Redis sets
  4500000 / 10000000 user Redis sets
  4600000 / 10000000 user Redis sets
  4700000 / 10000000 user Redis sets
  4800000 / 10000000 user Redis sets
  4900000 / 10000000 user Redis sets
  5000000 / 10000000 user Redis sets
  5100000 / 10000000 user Redis sets
  5200000 / 10000000 user Redis sets
  5300000 / 10000000 user Redis sets
  5400000 / 10000000 user Redis sets
  5500000 / 10000000 user Redis sets
  5600000 / 10000000 user Redis sets
  5700000 / 10000000 user Redis sets
  5800000 / 10000000 user Redis sets
  5900000 / 10000000 user Redis sets
  6000000 / 10000000 user Redis sets
  6100000 / 10000000 user Redis sets
  6200000 / 10000000 user Redis sets
  6300000 / 10000000 user Redis sets
  6400000 / 10000000 user Redis sets
  6500000 / 10000000 user Redis sets
  6600000 / 10000000 user Redis sets
  6700000 / 10000000 user Redis sets
  6800000 / 10000000 user Redis sets
  6900000 / 10000000 user Redis sets
  7000000 / 10000000 user Redis sets
  7100000 / 10000000 user Redis sets
  7200000 / 10000000 user Redis sets
  7300000 / 10000000 user Redis sets
  7400000 / 10000000 user Redis sets
  7500000 / 10000000 user Redis sets
  7600000 / 10000000 user Redis sets
  7700000 / 10000000 user Redis sets
  7800000 / 10000000 user Redis sets
  7900000 / 10000000 user Redis sets
  8000000 / 10000000 user Redis sets
  8100000 / 10000000 user Redis sets
  8200000 / 10000000 user Redis sets
  8300000 / 10000000 user Redis sets
  8400000 / 10000000 user Redis sets
  8500000 / 10000000 user Redis sets
  8600000 / 10000000 user Redis sets
  8700000 / 10000000 user Redis sets
  8800000 / 10000000 user Redis sets
  8900000 / 10000000 user Redis sets
  9000000 / 10000000 user Redis sets
  9100000 / 10000000 user Redis sets
  9200000 / 10000000 user Redis sets
  9300000 / 10000000 user Redis sets
  9400000 / 10000000 user Redis sets
  9500000 / 10000000 user Redis sets
  9600000 / 10000000 user Redis sets
  9700000 / 10000000 user Redis sets
  9800000 / 10000000 user Redis sets
  9900000 / 10000000 user Redis sets
  10000000 / 10000000 user Redis sets

--- user Redis gets ---
  100000 / 10000000 user Redis gets
  200000 / 10000000 user Redis gets
  300000 / 10000000 user Redis gets
  400000 / 10000000 user Redis gets
  500000 / 10000000 user Redis gets
  600000 / 10000000 user Redis gets
  700000 / 10000000 user Redis gets
  800000 / 10000000 user Redis gets
  900000 / 10000000 user Redis gets
  1000000 / 10000000 user Redis gets
  1100000 / 10000000 user Redis gets
  1200000 / 10000000 user Redis gets
  1300000 / 10000000 user Redis gets
  1400000 / 10000000 user Redis gets
  1500000 / 10000000 user Redis gets
  1600000 / 10000000 user Redis gets
  1700000 / 10000000 user Redis gets
  1800000 / 10000000 user Redis gets
  1900000 / 10000000 user Redis gets
  2000000 / 10000000 user Redis gets
  2100000 / 10000000 user Redis gets
  2200000 / 10000000 user Redis gets
  2300000 / 10000000 user Redis gets
  2400000 / 10000000 user Redis gets
  2500000 / 10000000 user Redis gets
  2600000 / 10000000 user Redis gets
  2700000 / 10000000 user Redis gets
  2800000 / 10000000 user Redis gets
  2900000 / 10000000 user Redis gets
  3000000 / 10000000 user Redis gets
  3100000 / 10000000 user Redis gets
  3200000 / 10000000 user Redis gets
  3300000 / 10000000 user Redis gets
  3400000 / 10000000 user Redis gets
  3500000 / 10000000 user Redis gets
  3600000 / 10000000 user Redis gets
  3700000 / 10000000 user Redis gets
  3800000 / 10000000 user Redis gets
  3900000 / 10000000 user Redis gets
  4000000 / 10000000 user Redis gets
  4100000 / 10000000 user Redis gets
  4200000 / 10000000 user Redis gets
  4300000 / 10000000 user Redis gets
  4400000 / 10000000 user Redis gets
  4500000 / 10000000 user Redis gets
  4600000 / 10000000 user Redis gets
  4700000 / 10000000 user Redis gets
  4800000 / 10000000 user Redis gets
  4900000 / 10000000 user Redis gets
  5000000 / 10000000 user Redis gets
  5100000 / 10000000 user Redis gets
  5200000 / 10000000 user Redis gets
  5300000 / 10000000 user Redis gets
  5400000 / 10000000 user Redis gets
  5500000 / 10000000 user Redis gets
  5600000 / 10000000 user Redis gets
  5700000 / 10000000 user Redis gets
  5800000 / 10000000 user Redis gets
  5900000 / 10000000 user Redis gets
  6000000 / 10000000 user Redis gets
  6100000 / 10000000 user Redis gets
  6200000 / 10000000 user Redis gets
  6300000 / 10000000 user Redis gets
  6400000 / 10000000 user Redis gets
  6500000 / 10000000 user Redis gets
  6600000 / 10000000 user Redis gets
  6700000 / 10000000 user Redis gets
  6800000 / 10000000 user Redis gets
  6900000 / 10000000 user Redis gets
  7000000 / 10000000 user Redis gets
  7100000 / 10000000 user Redis gets
  7200000 / 10000000 user Redis gets
  7300000 / 10000000 user Redis gets
  7400000 / 10000000 user Redis gets
  7500000 / 10000000 user Redis gets
  7600000 / 10000000 user Redis gets
  7700000 / 10000000 user Redis gets
  7800000 / 10000000 user Redis gets
  7900000 / 10000000 user Redis gets
  8000000 / 10000000 user Redis gets
  8100000 / 10000000 user Redis gets
  8200000 / 10000000 user Redis gets
  8300000 / 10000000 user Redis gets
  8400000 / 10000000 user Redis gets
  8500000 / 10000000 user Redis gets
  8600000 / 10000000 user Redis gets
  8700000 / 10000000 user Redis gets
  8800000 / 10000000 user Redis gets
  8900000 / 10000000 user Redis gets
  9000000 / 10000000 user Redis gets
  9100000 / 10000000 user Redis gets
  9200000 / 10000000 user Redis gets
  9300000 / 10000000 user Redis gets
  9400000 / 10000000 user Redis gets
  9500000 / 10000000 user Redis gets
  9600000 / 10000000 user Redis gets
  9700000 / 10000000 user Redis gets
  9800000 / 10000000 user Redis gets
  9900000 / 10000000 user Redis gets
  10000000 / 10000000 user Redis gets

--- user Redis updates ---
  100000 / 10000000 user Redis updates
  200000 / 10000000 user Redis updates
  300000 / 10000000 user Redis updates
  400000 / 10000000 user Redis updates
  500000 / 10000000 user Redis updates
  600000 / 10000000 user Redis updates
  700000 / 10000000 user Redis updates
  800000 / 10000000 user Redis updates
  900000 / 10000000 user Redis updates
  1000000 / 10000000 user Redis updates
  1100000 / 10000000 user Redis updates
  1200000 / 10000000 user Redis updates
  1300000 / 10000000 user Redis updates
  1400000 / 10000000 user Redis updates
  1500000 / 10000000 user Redis updates
  1600000 / 10000000 user Redis updates
  1700000 / 10000000 user Redis updates
  1800000 / 10000000 user Redis updates
  1900000 / 10000000 user Redis updates
  2000000 / 10000000 user Redis updates
  2100000 / 10000000 user Redis updates
  2200000 / 10000000 user Redis updates
  2300000 / 10000000 user Redis updates
  2400000 / 10000000 user Redis updates
  2500000 / 10000000 user Redis updates
  2600000 / 10000000 user Redis updates
  2700000 / 10000000 user Redis updates
  2800000 / 10000000 user Redis updates
  2900000 / 10000000 user Redis updates
  3000000 / 10000000 user Redis updates
  3100000 / 10000000 user Redis updates
  3200000 / 10000000 user Redis updates
  3300000 / 10000000 user Redis updates
  3400000 / 10000000 user Redis updates
  3500000 / 10000000 user Redis updates
  3600000 / 10000000 user Redis updates
  3700000 / 10000000 user Redis updates
  3800000 / 10000000 user Redis updates
  3900000 / 10000000 user Redis updates
  4000000 / 10000000 user Redis updates
  4100000 / 10000000 user Redis updates
  4200000 / 10000000 user Redis updates
  4300000 / 10000000 user Redis updates
  4400000 / 10000000 user Redis updates
  4500000 / 10000000 user Redis updates
  4600000 / 10000000 user Redis updates
  4700000 / 10000000 user Redis updates
  4800000 / 10000000 user Redis updates
  4900000 / 10000000 user Redis updates
  5000000 / 10000000 user Redis updates
  5100000 / 10000000 user Redis updates
  5200000 / 10000000 user Redis updates
  5300000 / 10000000 user Redis updates
  5400000 / 10000000 user Redis updates
  5500000 / 10000000 user Redis updates
  5600000 / 10000000 user Redis updates
  5700000 / 10000000 user Redis updates
  5800000 / 10000000 user Redis updates
  5900000 / 10000000 user Redis updates
  6000000 / 10000000 user Redis updates
  6100000 / 10000000 user Redis updates
  6200000 / 10000000 user Redis updates
  6300000 / 10000000 user Redis updates
  6400000 / 10000000 user Redis updates
  6500000 / 10000000 user Redis updates
  6600000 / 10000000 user Redis updates
  6700000 / 10000000 user Redis updates
  6800000 / 10000000 user Redis updates
  6900000 / 10000000 user Redis updates
  7000000 / 10000000 user Redis updates
  7100000 / 10000000 user Redis updates
  7200000 / 10000000 user Redis updates
  7300000 / 10000000 user Redis updates
  7400000 / 10000000 user Redis updates
  7500000 / 10000000 user Redis updates
  7600000 / 10000000 user Redis updates
  7700000 / 10000000 user Redis updates
  7800000 / 10000000 user Redis updates
  7900000 / 10000000 user Redis updates
  8000000 / 10000000 user Redis updates
  8100000 / 10000000 user Redis updates
  8200000 / 10000000 user Redis updates
  8300000 / 10000000 user Redis updates
  8400000 / 10000000 user Redis updates
  8500000 / 10000000 user Redis updates
  8600000 / 10000000 user Redis updates
  8700000 / 10000000 user Redis updates
  8800000 / 10000000 user Redis updates
  8900000 / 10000000 user Redis updates
  9000000 / 10000000 user Redis updates
  9100000 / 10000000 user Redis updates
  9200000 / 10000000 user Redis updates
  9300000 / 10000000 user Redis updates
  9400000 / 10000000 user Redis updates
  9500000 / 10000000 user Redis updates
  9600000 / 10000000 user Redis updates
  9700000 / 10000000 user Redis updates
  9800000 / 10000000 user Redis updates
  9900000 / 10000000 user Redis updates
  10000000 / 10000000 user Redis updates

--- user Redis deletes ---
  100000 / 10000000 user Redis deletes
  200000 / 10000000 user Redis deletes
  300000 / 10000000 user Redis deletes
  400000 / 10000000 user Redis deletes
  500000 / 10000000 user Redis deletes
  600000 / 10000000 user Redis deletes
  700000 / 10000000 user Redis deletes
  800000 / 10000000 user Redis deletes
  900000 / 10000000 user Redis deletes
  1000000 / 10000000 user Redis deletes
  1100000 / 10000000 user Redis deletes
  1200000 / 10000000 user Redis deletes
  1300000 / 10000000 user Redis deletes
  1400000 / 10000000 user Redis deletes
  1500000 / 10000000 user Redis deletes
  1600000 / 10000000 user Redis deletes
  1700000 / 10000000 user Redis deletes
  1800000 / 10000000 user Redis deletes
  1900000 / 10000000 user Redis deletes
  2000000 / 10000000 user Redis deletes
  2100000 / 10000000 user Redis deletes
  2200000 / 10000000 user Redis deletes
  2300000 / 10000000 user Redis deletes
  2400000 / 10000000 user Redis deletes
  2500000 / 10000000 user Redis deletes
  2600000 / 10000000 user Redis deletes
  2700000 / 10000000 user Redis deletes
  2800000 / 10000000 user Redis deletes
  2900000 / 10000000 user Redis deletes
  3000000 / 10000000 user Redis deletes
  3100000 / 10000000 user Redis deletes
  3200000 / 10000000 user Redis deletes
  3300000 / 10000000 user Redis deletes
  3400000 / 10000000 user Redis deletes
  3500000 / 10000000 user Redis deletes
  3600000 / 10000000 user Redis deletes
  3700000 / 10000000 user Redis deletes
  3800000 / 10000000 user Redis deletes
  3900000 / 10000000 user Redis deletes
  4000000 / 10000000 user Redis deletes
  4100000 / 10000000 user Redis deletes
  4200000 / 10000000 user Redis deletes
  4300000 / 10000000 user Redis deletes
  4400000 / 10000000 user Redis deletes
  4500000 / 10000000 user Redis deletes
  4600000 / 10000000 user Redis deletes
  4700000 / 10000000 user Redis deletes
  4800000 / 10000000 user Redis deletes
  4900000 / 10000000 user Redis deletes
  5000000 / 10000000 user Redis deletes
  5100000 / 10000000 user Redis deletes
  5200000 / 10000000 user Redis deletes
  5300000 / 10000000 user Redis deletes
  5400000 / 10000000 user Redis deletes
  5500000 / 10000000 user Redis deletes
  5600000 / 10000000 user Redis deletes
  5700000 / 10000000 user Redis deletes
  5800000 / 10000000 user Redis deletes
  5900000 / 10000000 user Redis deletes
  6000000 / 10000000 user Redis deletes
  6100000 / 10000000 user Redis deletes
  6200000 / 10000000 user Redis deletes
  6300000 / 10000000 user Redis deletes
  6400000 / 10000000 user Redis deletes
  6500000 / 10000000 user Redis deletes
  6600000 / 10000000 user Redis deletes
  6700000 / 10000000 user Redis deletes
  6800000 / 10000000 user Redis deletes
  6900000 / 10000000 user Redis deletes
  7000000 / 10000000 user Redis deletes
  7100000 / 10000000 user Redis deletes
  7200000 / 10000000 user Redis deletes
  7300000 / 10000000 user Redis deletes
  7400000 / 10000000 user Redis deletes
  7500000 / 10000000 user Redis deletes
  7600000 / 10000000 user Redis deletes
  7700000 / 10000000 user Redis deletes
  7800000 / 10000000 user Redis deletes
  7900000 / 10000000 user Redis deletes
  8000000 / 10000000 user Redis deletes
  8100000 / 10000000 user Redis deletes
  8200000 / 10000000 user Redis deletes
  8300000 / 10000000 user Redis deletes
  8400000 / 10000000 user Redis deletes
  8500000 / 10000000 user Redis deletes
  8600000 / 10000000 user Redis deletes
  8700000 / 10000000 user Redis deletes
  8800000 / 10000000 user Redis deletes
  8900000 / 10000000 user Redis deletes
  9000000 / 10000000 user Redis deletes
  9100000 / 10000000 user Redis deletes
  9200000 / 10000000 user Redis deletes
  9300000 / 10000000 user Redis deletes
  9400000 / 10000000 user Redis deletes
  9500000 / 10000000 user Redis deletes
  9600000 / 10000000 user Redis deletes
  9700000 / 10000000 user Redis deletes
  9800000 / 10000000 user Redis deletes
  9900000 / 10000000 user Redis deletes
  10000000 / 10000000 user Redis deletes

--- address SQL inserts ---
  100000 / 10000000 address SQL inserts
  200000 / 10000000 address SQL inserts
  300000 / 10000000 address SQL inserts
  400000 / 10000000 address SQL inserts
  500000 / 10000000 address SQL inserts
  600000 / 10000000 address SQL inserts
  700000 / 10000000 address SQL inserts
  800000 / 10000000 address SQL inserts
  900000 / 10000000 address SQL inserts
  1000000 / 10000000 address SQL inserts
  1100000 / 10000000 address SQL inserts
  1200000 / 10000000 address SQL inserts
  1300000 / 10000000 address SQL inserts
  1400000 / 10000000 address SQL inserts
  1500000 / 10000000 address SQL inserts
  1600000 / 10000000 address SQL inserts
  1700000 / 10000000 address SQL inserts
  1800000 / 10000000 address SQL inserts
  1900000 / 10000000 address SQL inserts
  2000000 / 10000000 address SQL inserts
  2100000 / 10000000 address SQL inserts
  2200000 / 10000000 address SQL inserts
  2300000 / 10000000 address SQL inserts
  2400000 / 10000000 address SQL inserts
  2500000 / 10000000 address SQL inserts
  2600000 / 10000000 address SQL inserts
  2700000 / 10000000 address SQL inserts
  2800000 / 10000000 address SQL inserts
  2900000 / 10000000 address SQL inserts
  3000000 / 10000000 address SQL inserts
  3100000 / 10000000 address SQL inserts
  3200000 / 10000000 address SQL inserts
  3300000 / 10000000 address SQL inserts
  3400000 / 10000000 address SQL inserts
  3500000 / 10000000 address SQL inserts
  3600000 / 10000000 address SQL inserts
  3700000 / 10000000 address SQL inserts
  3800000 / 10000000 address SQL inserts
  3900000 / 10000000 address SQL inserts
  4000000 / 10000000 address SQL inserts
  4100000 / 10000000 address SQL inserts
  4200000 / 10000000 address SQL inserts
  4300000 / 10000000 address SQL inserts
  4400000 / 10000000 address SQL inserts
  4500000 / 10000000 address SQL inserts
  4600000 / 10000000 address SQL inserts
  4700000 / 10000000 address SQL inserts
  4800000 / 10000000 address SQL inserts
  4900000 / 10000000 address SQL inserts
  5000000 / 10000000 address SQL inserts
  5100000 / 10000000 address SQL inserts
  5200000 / 10000000 address SQL inserts
  5300000 / 10000000 address SQL inserts
  5400000 / 10000000 address SQL inserts
  5500000 / 10000000 address SQL inserts
  5600000 / 10000000 address SQL inserts
  5700000 / 10000000 address SQL inserts
  5800000 / 10000000 address SQL inserts
  5900000 / 10000000 address SQL inserts
  6000000 / 10000000 address SQL inserts
  6100000 / 10000000 address SQL inserts
  6200000 / 10000000 address SQL inserts
  6300000 / 10000000 address SQL inserts
  6400000 / 10000000 address SQL inserts
  6500000 / 10000000 address SQL inserts
  6600000 / 10000000 address SQL inserts
  6700000 / 10000000 address SQL inserts
  6800000 / 10000000 address SQL inserts
  6900000 / 10000000 address SQL inserts
  7000000 / 10000000 address SQL inserts
  7100000 / 10000000 address SQL inserts
  7200000 / 10000000 address SQL inserts
  7300000 / 10000000 address SQL inserts
  7400000 / 10000000 address SQL inserts
  7500000 / 10000000 address SQL inserts
  7600000 / 10000000 address SQL inserts
  7700000 / 10000000 address SQL inserts
  7800000 / 10000000 address SQL inserts
  7900000 / 10000000 address SQL inserts
  8000000 / 10000000 address SQL inserts
  8100000 / 10000000 address SQL inserts
  8200000 / 10000000 address SQL inserts
  8300000 / 10000000 address SQL inserts
  8400000 / 10000000 address SQL inserts
  8500000 / 10000000 address SQL inserts
  8600000 / 10000000 address SQL inserts
  8700000 / 10000000 address SQL inserts
  8800000 / 10000000 address SQL inserts
  8900000 / 10000000 address SQL inserts
  9000000 / 10000000 address SQL inserts
  9100000 / 10000000 address SQL inserts
  9200000 / 10000000 address SQL inserts
  9300000 / 10000000 address SQL inserts
  9400000 / 10000000 address SQL inserts
  9500000 / 10000000 address SQL inserts
  9600000 / 10000000 address SQL inserts
  9700000 / 10000000 address SQL inserts
  9800000 / 10000000 address SQL inserts
  9900000 / 10000000 address SQL inserts
  10000000 / 10000000 address SQL inserts

--- address SQL selects ---
  100000 / 10000000 address SQL selects
  200000 / 10000000 address SQL selects
  300000 / 10000000 address SQL selects
  400000 / 10000000 address SQL selects
  500000 / 10000000 address SQL selects
  600000 / 10000000 address SQL selects
  700000 / 10000000 address SQL selects
  800000 / 10000000 address SQL selects
  900000 / 10000000 address SQL selects
  1000000 / 10000000 address SQL selects
  1100000 / 10000000 address SQL selects
  1200000 / 10000000 address SQL selects
  1300000 / 10000000 address SQL selects
  1400000 / 10000000 address SQL selects
  1500000 / 10000000 address SQL selects
  1600000 / 10000000 address SQL selects
  1700000 / 10000000 address SQL selects
  1800000 / 10000000 address SQL selects
  1900000 / 10000000 address SQL selects
  2000000 / 10000000 address SQL selects
  2100000 / 10000000 address SQL selects
  2200000 / 10000000 address SQL selects
  2300000 / 10000000 address SQL selects
  2400000 / 10000000 address SQL selects
  2500000 / 10000000 address SQL selects
  2600000 / 10000000 address SQL selects
  2700000 / 10000000 address SQL selects
  2800000 / 10000000 address SQL selects
  2900000 / 10000000 address SQL selects
  3000000 / 10000000 address SQL selects
  3100000 / 10000000 address SQL selects
  3200000 / 10000000 address SQL selects
  3300000 / 10000000 address SQL selects
  3400000 / 10000000 address SQL selects
  3500000 / 10000000 address SQL selects
  3600000 / 10000000 address SQL selects
  3700000 / 10000000 address SQL selects
  3800000 / 10000000 address SQL selects
  3900000 / 10000000 address SQL selects
  4000000 / 10000000 address SQL selects
  4100000 / 10000000 address SQL selects
  4200000 / 10000000 address SQL selects
  4300000 / 10000000 address SQL selects
  4400000 / 10000000 address SQL selects
  4500000 / 10000000 address SQL selects
  4600000 / 10000000 address SQL selects
  4700000 / 10000000 address SQL selects
  4800000 / 10000000 address SQL selects
  4900000 / 10000000 address SQL selects
  5000000 / 10000000 address SQL selects
  5100000 / 10000000 address SQL selects
  5200000 / 10000000 address SQL selects
  5300000 / 10000000 address SQL selects
  5400000 / 10000000 address SQL selects
  5500000 / 10000000 address SQL selects
  5600000 / 10000000 address SQL selects
  5700000 / 10000000 address SQL selects
  5800000 / 10000000 address SQL selects
  5900000 / 10000000 address SQL selects
  6000000 / 10000000 address SQL selects
  6100000 / 10000000 address SQL selects
  6200000 / 10000000 address SQL selects
  6300000 / 10000000 address SQL selects
  6400000 / 10000000 address SQL selects
  6500000 / 10000000 address SQL selects
  6600000 / 10000000 address SQL selects
  6700000 / 10000000 address SQL selects
  6800000 / 10000000 address SQL selects
  6900000 / 10000000 address SQL selects
  7000000 / 10000000 address SQL selects
  7100000 / 10000000 address SQL selects
  7200000 / 10000000 address SQL selects
  7300000 / 10000000 address SQL selects
  7400000 / 10000000 address SQL selects
  7500000 / 10000000 address SQL selects
  7600000 / 10000000 address SQL selects
  7700000 / 10000000 address SQL selects
  7800000 / 10000000 address SQL selects
  7900000 / 10000000 address SQL selects
  8000000 / 10000000 address SQL selects
  8100000 / 10000000 address SQL selects
  8200000 / 10000000 address SQL selects
  8300000 / 10000000 address SQL selects
  8400000 / 10000000 address SQL selects
  8500000 / 10000000 address SQL selects
  8600000 / 10000000 address SQL selects
  8700000 / 10000000 address SQL selects
  8800000 / 10000000 address SQL selects
  8900000 / 10000000 address SQL selects
  9000000 / 10000000 address SQL selects
  9100000 / 10000000 address SQL selects
  9200000 / 10000000 address SQL selects
  9300000 / 10000000 address SQL selects
  9400000 / 10000000 address SQL selects
  9500000 / 10000000 address SQL selects
  9600000 / 10000000 address SQL selects
  9700000 / 10000000 address SQL selects
  9800000 / 10000000 address SQL selects
  9900000 / 10000000 address SQL selects
  10000000 / 10000000 address SQL selects

--- address SQL updates ---
  100000 / 10000000 address SQL updates
  200000 / 10000000 address SQL updates
  300000 / 10000000 address SQL updates
  400000 / 10000000 address SQL updates
  500000 / 10000000 address SQL updates
  600000 / 10000000 address SQL updates
  700000 / 10000000 address SQL updates
  800000 / 10000000 address SQL updates
  900000 / 10000000 address SQL updates
  1000000 / 10000000 address SQL updates
  1100000 / 10000000 address SQL updates
  1200000 / 10000000 address SQL updates
  1300000 / 10000000 address SQL updates
  1400000 / 10000000 address SQL updates
  1500000 / 10000000 address SQL updates
  1600000 / 10000000 address SQL updates
  1700000 / 10000000 address SQL updates
  1800000 / 10000000 address SQL updates
  1900000 / 10000000 address SQL updates
  2000000 / 10000000 address SQL updates
  2100000 / 10000000 address SQL updates
  2200000 / 10000000 address SQL updates
  2300000 / 10000000 address SQL updates
  2400000 / 10000000 address SQL updates
  2500000 / 10000000 address SQL updates
  2600000 / 10000000 address SQL updates
  2700000 / 10000000 address SQL updates
  2800000 / 10000000 address SQL updates
  2900000 / 10000000 address SQL updates
  3000000 / 10000000 address SQL updates
  3100000 / 10000000 address SQL updates
  3200000 / 10000000 address SQL updates
  3300000 / 10000000 address SQL updates
  3400000 / 10000000 address SQL updates
  3500000 / 10000000 address SQL updates
  3600000 / 10000000 address SQL updates
  3700000 / 10000000 address SQL updates
  3800000 / 10000000 address SQL updates
  3900000 / 10000000 address SQL updates
  4000000 / 10000000 address SQL updates
  4100000 / 10000000 address SQL updates
  4200000 / 10000000 address SQL updates
  4300000 / 10000000 address SQL updates
  4400000 / 10000000 address SQL updates
  4500000 / 10000000 address SQL updates
  4600000 / 10000000 address SQL updates
  4700000 / 10000000 address SQL updates
  4800000 / 10000000 address SQL updates
  4900000 / 10000000 address SQL updates
  5000000 / 10000000 address SQL updates
  5100000 / 10000000 address SQL updates
  5200000 / 10000000 address SQL updates
  5300000 / 10000000 address SQL updates
  5400000 / 10000000 address SQL updates
  5500000 / 10000000 address SQL updates
  5600000 / 10000000 address SQL updates
  5700000 / 10000000 address SQL updates
  5800000 / 10000000 address SQL updates
  5900000 / 10000000 address SQL updates
  6000000 / 10000000 address SQL updates
  6100000 / 10000000 address SQL updates
  6200000 / 10000000 address SQL updates
  6300000 / 10000000 address SQL updates
  6400000 / 10000000 address SQL updates
  6500000 / 10000000 address SQL updates
  6600000 / 10000000 address SQL updates
  6700000 / 10000000 address SQL updates
  6800000 / 10000000 address SQL updates
  6900000 / 10000000 address SQL updates
  7000000 / 10000000 address SQL updates
  7100000 / 10000000 address SQL updates
  7200000 / 10000000 address SQL updates
  7300000 / 10000000 address SQL updates
  7400000 / 10000000 address SQL updates
  7500000 / 10000000 address SQL updates
  7600000 / 10000000 address SQL updates
  7700000 / 10000000 address SQL updates
  7800000 / 10000000 address SQL updates
  7900000 / 10000000 address SQL updates
  8000000 / 10000000 address SQL updates
  8100000 / 10000000 address SQL updates
  8200000 / 10000000 address SQL updates
  8300000 / 10000000 address SQL updates
  8400000 / 10000000 address SQL updates
  8500000 / 10000000 address SQL updates
  8600000 / 10000000 address SQL updates
  8700000 / 10000000 address SQL updates
  8800000 / 10000000 address SQL updates
  8900000 / 10000000 address SQL updates
  9000000 / 10000000 address SQL updates
  9100000 / 10000000 address SQL updates
  9200000 / 10000000 address SQL updates
  9300000 / 10000000 address SQL updates
  9400000 / 10000000 address SQL updates
  9500000 / 10000000 address SQL updates
  9600000 / 10000000 address SQL updates
  9700000 / 10000000 address SQL updates
  9800000 / 10000000 address SQL updates
  9900000 / 10000000 address SQL updates
  10000000 / 10000000 address SQL updates

--- address SQL deletes ---
  100000 / 10000000 address SQL deletes
  200000 / 10000000 address SQL deletes
  300000 / 10000000 address SQL deletes
  400000 / 10000000 address SQL deletes
  500000 / 10000000 address SQL deletes
  600000 / 10000000 address SQL deletes
  700000 / 10000000 address SQL deletes
  800000 / 10000000 address SQL deletes
  900000 / 10000000 address SQL deletes
  1000000 / 10000000 address SQL deletes
  1100000 / 10000000 address SQL deletes
  1200000 / 10000000 address SQL deletes
  1300000 / 10000000 address SQL deletes
  1400000 / 10000000 address SQL deletes
  1500000 / 10000000 address SQL deletes
  1600000 / 10000000 address SQL deletes
  1700000 / 10000000 address SQL deletes
  1800000 / 10000000 address SQL deletes
  1900000 / 10000000 address SQL deletes
  2000000 / 10000000 address SQL deletes
  2100000 / 10000000 address SQL deletes
  2200000 / 10000000 address SQL deletes
  2300000 / 10000000 address SQL deletes
  2400000 / 10000000 address SQL deletes
  2500000 / 10000000 address SQL deletes
  2600000 / 10000000 address SQL deletes
  2700000 / 10000000 address SQL deletes
  2800000 / 10000000 address SQL deletes
  2900000 / 10000000 address SQL deletes
  3000000 / 10000000 address SQL deletes
  3100000 / 10000000 address SQL deletes
  3200000 / 10000000 address SQL deletes
  3300000 / 10000000 address SQL deletes
  3400000 / 10000000 address SQL deletes
  3500000 / 10000000 address SQL deletes
  3600000 / 10000000 address SQL deletes
  3700000 / 10000000 address SQL deletes
  3800000 / 10000000 address SQL deletes
  3900000 / 10000000 address SQL deletes
  4000000 / 10000000 address SQL deletes
  4100000 / 10000000 address SQL deletes
  4200000 / 10000000 address SQL deletes
  4300000 / 10000000 address SQL deletes
  4400000 / 10000000 address SQL deletes
  4500000 / 10000000 address SQL deletes
  4600000 / 10000000 address SQL deletes
  4700000 / 10000000 address SQL deletes
  4800000 / 10000000 address SQL deletes
  4900000 / 10000000 address SQL deletes
  5000000 / 10000000 address SQL deletes
  5100000 / 10000000 address SQL deletes
  5200000 / 10000000 address SQL deletes
  5300000 / 10000000 address SQL deletes
  5400000 / 10000000 address SQL deletes
  5500000 / 10000000 address SQL deletes
  5600000 / 10000000 address SQL deletes
  5700000 / 10000000 address SQL deletes
  5800000 / 10000000 address SQL deletes
  5900000 / 10000000 address SQL deletes
  6000000 / 10000000 address SQL deletes
  6100000 / 10000000 address SQL deletes
  6200000 / 10000000 address SQL deletes
  6300000 / 10000000 address SQL deletes
  6400000 / 10000000 address SQL deletes
  6500000 / 10000000 address SQL deletes
  6600000 / 10000000 address SQL deletes
  6700000 / 10000000 address SQL deletes
  6800000 / 10000000 address SQL deletes
  6900000 / 10000000 address SQL deletes
  7000000 / 10000000 address SQL deletes
  7100000 / 10000000 address SQL deletes
  7200000 / 10000000 address SQL deletes
  7300000 / 10000000 address SQL deletes
  7400000 / 10000000 address SQL deletes
  7500000 / 10000000 address SQL deletes
  7600000 / 10000000 address SQL deletes
  7700000 / 10000000 address SQL deletes
  7800000 / 10000000 address SQL deletes
  7900000 / 10000000 address SQL deletes
  8000000 / 10000000 address SQL deletes
  8100000 / 10000000 address SQL deletes
  8200000 / 10000000 address SQL deletes
  8300000 / 10000000 address SQL deletes
  8400000 / 10000000 address SQL deletes
  8500000 / 10000000 address SQL deletes
  8600000 / 10000000 address SQL deletes
  8700000 / 10000000 address SQL deletes
  8800000 / 10000000 address SQL deletes
  8900000 / 10000000 address SQL deletes
  9000000 / 10000000 address SQL deletes
  9100000 / 10000000 address SQL deletes
  9200000 / 10000000 address SQL deletes
  9300000 / 10000000 address SQL deletes
  9400000 / 10000000 address SQL deletes
  9500000 / 10000000 address SQL deletes
  9600000 / 10000000 address SQL deletes
  9700000 / 10000000 address SQL deletes
  9800000 / 10000000 address SQL deletes
  9900000 / 10000000 address SQL deletes
  10000000 / 10000000 address SQL deletes

--- address Mongo inserts ---
  100000 / 10000000 address Mongo inserts
  200000 / 10000000 address Mongo inserts
  300000 / 10000000 address Mongo inserts
  400000 / 10000000 address Mongo inserts
  500000 / 10000000 address Mongo inserts
  600000 / 10000000 address Mongo inserts
  700000 / 10000000 address Mongo inserts
  800000 / 10000000 address Mongo inserts
  900000 / 10000000 address Mongo inserts
  1000000 / 10000000 address Mongo inserts
  1100000 / 10000000 address Mongo inserts
  1200000 / 10000000 address Mongo inserts
  1300000 / 10000000 address Mongo inserts
  1400000 / 10000000 address Mongo inserts
  1500000 / 10000000 address Mongo inserts
  1600000 / 10000000 address Mongo inserts
  1700000 / 10000000 address Mongo inserts
  1800000 / 10000000 address Mongo inserts
  1900000 / 10000000 address Mongo inserts
  2000000 / 10000000 address Mongo inserts
  2100000 / 10000000 address Mongo inserts
  2200000 / 10000000 address Mongo inserts
  2300000 / 10000000 address Mongo inserts
  2400000 / 10000000 address Mongo inserts
  2500000 / 10000000 address Mongo inserts
  2600000 / 10000000 address Mongo inserts
  2700000 / 10000000 address Mongo inserts
  2800000 / 10000000 address Mongo inserts
  2900000 / 10000000 address Mongo inserts
  3000000 / 10000000 address Mongo inserts
  3100000 / 10000000 address Mongo inserts
  3200000 / 10000000 address Mongo inserts
  3300000 / 10000000 address Mongo inserts
  3400000 / 10000000 address Mongo inserts
  3500000 / 10000000 address Mongo inserts
  3600000 / 10000000 address Mongo inserts
  3700000 / 10000000 address Mongo inserts
  3800000 / 10000000 address Mongo inserts
  3900000 / 10000000 address Mongo inserts
  4000000 / 10000000 address Mongo inserts
  4100000 / 10000000 address Mongo inserts
  4200000 / 10000000 address Mongo inserts
  4300000 / 10000000 address Mongo inserts
  4400000 / 10000000 address Mongo inserts
  4500000 / 10000000 address Mongo inserts
  4600000 / 10000000 address Mongo inserts
  4700000 / 10000000 address Mongo inserts
  4800000 / 10000000 address Mongo inserts
  4900000 / 10000000 address Mongo inserts
  5000000 / 10000000 address Mongo inserts
  5100000 / 10000000 address Mongo inserts
  5200000 / 10000000 address Mongo inserts
  5300000 / 10000000 address Mongo inserts
  5400000 / 10000000 address Mongo inserts
  5500000 / 10000000 address Mongo inserts
  5600000 / 10000000 address Mongo inserts
  5700000 / 10000000 address Mongo inserts
  5800000 / 10000000 address Mongo inserts
  5900000 / 10000000 address Mongo inserts
  6000000 / 10000000 address Mongo inserts
  6100000 / 10000000 address Mongo inserts
  6200000 / 10000000 address Mongo inserts
  6300000 / 10000000 address Mongo inserts
  6400000 / 10000000 address Mongo inserts
  6500000 / 10000000 address Mongo inserts
  6600000 / 10000000 address Mongo inserts
  6700000 / 10000000 address Mongo inserts
  6800000 / 10000000 address Mongo inserts
  6900000 / 10000000 address Mongo inserts
  7000000 / 10000000 address Mongo inserts
  7100000 / 10000000 address Mongo inserts
  7200000 / 10000000 address Mongo inserts
  7300000 / 10000000 address Mongo inserts
  7400000 / 10000000 address Mongo inserts
  7500000 / 10000000 address Mongo inserts
  7600000 / 10000000 address Mongo inserts
  7700000 / 10000000 address Mongo inserts
  7800000 / 10000000 address Mongo inserts
  7900000 / 10000000 address Mongo inserts
  8000000 / 10000000 address Mongo inserts
  8100000 / 10000000 address Mongo inserts
  8200000 / 10000000 address Mongo inserts
  8300000 / 10000000 address Mongo inserts
  8400000 / 10000000 address Mongo inserts
  8500000 / 10000000 address Mongo inserts
  8600000 / 10000000 address Mongo inserts
  8700000 / 10000000 address Mongo inserts
  8800000 / 10000000 address Mongo inserts
  8900000 / 10000000 address Mongo inserts
  9000000 / 10000000 address Mongo inserts
  9100000 / 10000000 address Mongo inserts
  9200000 / 10000000 address Mongo inserts
  9300000 / 10000000 address Mongo inserts
  9400000 / 10000000 address Mongo inserts
  9500000 / 10000000 address Mongo inserts
  9600000 / 10000000 address Mongo inserts
  9700000 / 10000000 address Mongo inserts
  9800000 / 10000000 address Mongo inserts
  9900000 / 10000000 address Mongo inserts
  10000000 / 10000000 address Mongo inserts

--- address Redis sets ---
  100000 / 10000000 address Redis sets
  200000 / 10000000 address Redis sets
  300000 / 10000000 address Redis sets
  400000 / 10000000 address Redis sets
  500000 / 10000000 address Redis sets
  600000 / 10000000 address Redis sets
  700000 / 10000000 address Redis sets
  800000 / 10000000 address Redis sets
  900000 / 10000000 address Redis sets
  1000000 / 10000000 address Redis sets
  1100000 / 10000000 address Redis sets
  1200000 / 10000000 address Redis sets
  1300000 / 10000000 address Redis sets
  1400000 / 10000000 address Redis sets
  1500000 / 10000000 address Redis sets
  1600000 / 10000000 address Redis sets
  1700000 / 10000000 address Redis sets
  1800000 / 10000000 address Redis sets
  1900000 / 10000000 address Redis sets
  2000000 / 10000000 address Redis sets
  2100000 / 10000000 address Redis sets
  2200000 / 10000000 address Redis sets
  2300000 / 10000000 address Redis sets
  2400000 / 10000000 address Redis sets
  2500000 / 10000000 address Redis sets
  2600000 / 10000000 address Redis sets
  2700000 / 10000000 address Redis sets
  2800000 / 10000000 address Redis sets
  2900000 / 10000000 address Redis sets
  3000000 / 10000000 address Redis sets
  3100000 / 10000000 address Redis sets
  3200000 / 10000000 address Redis sets
  3300000 / 10000000 address Redis sets
  3400000 / 10000000 address Redis sets
  3500000 / 10000000 address Redis sets
  3600000 / 10000000 address Redis sets
  3700000 / 10000000 address Redis sets
  3800000 / 10000000 address Redis sets
  3900000 / 10000000 address Redis sets
  4000000 / 10000000 address Redis sets
  4100000 / 10000000 address Redis sets
  4200000 / 10000000 address Redis sets
  4300000 / 10000000 address Redis sets
  4400000 / 10000000 address Redis sets
  4500000 / 10000000 address Redis sets
  4600000 / 10000000 address Redis sets
  4700000 / 10000000 address Redis sets
  4800000 / 10000000 address Redis sets
  4900000 / 10000000 address Redis sets
  5000000 / 10000000 address Redis sets
  5100000 / 10000000 address Redis sets
  5200000 / 10000000 address Redis sets
  5300000 / 10000000 address Redis sets
  5400000 / 10000000 address Redis sets
  5500000 / 10000000 address Redis sets
  5600000 / 10000000 address Redis sets
  5700000 / 10000000 address Redis sets
  5800000 / 10000000 address Redis sets
  5900000 / 10000000 address Redis sets
  6000000 / 10000000 address Redis sets
  6100000 / 10000000 address Redis sets
  6200000 / 10000000 address Redis sets
  6300000 / 10000000 address Redis sets
  6400000 / 10000000 address Redis sets
  6500000 / 10000000 address Redis sets
  6600000 / 10000000 address Redis sets
  6700000 / 10000000 address Redis sets
  6800000 / 10000000 address Redis sets
  6900000 / 10000000 address Redis sets
  7000000 / 10000000 address Redis sets
  7100000 / 10000000 address Redis sets
  7200000 / 10000000 address Redis sets
  7300000 / 10000000 address Redis sets
  7400000 / 10000000 address Redis sets
  7500000 / 10000000 address Redis sets
  7600000 / 10000000 address Redis sets
  7700000 / 10000000 address Redis sets
  7800000 / 10000000 address Redis sets
  7900000 / 10000000 address Redis sets
  8000000 / 10000000 address Redis sets
  8100000 / 10000000 address Redis sets
  8200000 / 10000000 address Redis sets
  8300000 / 10000000 address Redis sets
  8400000 / 10000000 address Redis sets
  8500000 / 10000000 address Redis sets
  8600000 / 10000000 address Redis sets
  8700000 / 10000000 address Redis sets
  8800000 / 10000000 address Redis sets
  8900000 / 10000000 address Redis sets
  9000000 / 10000000 address Redis sets
  9100000 / 10000000 address Redis sets
  9200000 / 10000000 address Redis sets
  9300000 / 10000000 address Redis sets
  9400000 / 10000000 address Redis sets
  9500000 / 10000000 address Redis sets
  9600000 / 10000000 address Redis sets
  9700000 / 10000000 address Redis sets
  9800000 / 10000000 address Redis sets
  9900000 / 10000000 address Redis sets
  10000000 / 10000000 address Redis sets

--- product SQL inserts ---
  100000 / 100000 product SQL inserts

--- product SQL selects ---
  100000 / 100000 product SQL selects

--- product SQL updates ---
  100000 / 100000 product SQL updates

--- product SQL deletes ---
  100000 / 100000 product SQL deletes

--- product Mongo inserts ---
  100000 / 100000 product Mongo inserts

--- product Mongo finds ---
  100000 / 100000 product Mongo finds

--- product Mongo updates ---
  100000 / 100000 product Mongo updates

--- product Mongo deletes ---
  100000 / 100000 product Mongo deletes

--- product Redis sets ---
  100000 / 100000 product Redis sets

--- product Redis gets ---
  100000 / 100000 product Redis gets

--- product Redis updates ---
  100000 / 100000 product Redis updates

--- product Redis deletes ---
  100000 / 100000 product Redis deletes

--- product image SQL inserts ---
  100000 / 100000 product image SQL inserts

--- product image Mongo inserts ---
  100000 / 100000 product image Mongo inserts

--- order SQL inserts ---
  100000 / 10000000 order SQL inserts
  200000 / 10000000 order SQL inserts
  300000 / 10000000 order SQL inserts
  400000 / 10000000 order SQL inserts
  500000 / 10000000 order SQL inserts
  600000 / 10000000 order SQL inserts
  700000 / 10000000 order SQL inserts
  800000 / 10000000 order SQL inserts
  900000 / 10000000 order SQL inserts
  1000000 / 10000000 order SQL inserts
  1100000 / 10000000 order SQL inserts
  1200000 / 10000000 order SQL inserts
  1300000 / 10000000 order SQL inserts
  1400000 / 10000000 order SQL inserts
  1500000 / 10000000 order SQL inserts
  1600000 / 10000000 order SQL inserts
  1700000 / 10000000 order SQL inserts
  1800000 / 10000000 order SQL inserts
  1900000 / 10000000 order SQL inserts
  2000000 / 10000000 order SQL inserts
  2100000 / 10000000 order SQL inserts
  2200000 / 10000000 order SQL inserts
  2300000 / 10000000 order SQL inserts
  2400000 / 10000000 order SQL inserts
  2500000 / 10000000 order SQL inserts
  2600000 / 10000000 order SQL inserts
  2700000 / 10000000 order SQL inserts
  2800000 / 10000000 order SQL inserts
  2900000 / 10000000 order SQL inserts
  3000000 / 10000000 order SQL inserts
  3100000 / 10000000 order SQL inserts
  3200000 / 10000000 order SQL inserts
  3300000 / 10000000 order SQL inserts
  3400000 / 10000000 order SQL inserts
  3500000 / 10000000 order SQL inserts
  3600000 / 10000000 order SQL inserts
  3700000 / 10000000 order SQL inserts
  3800000 / 10000000 order SQL inserts
  3900000 / 10000000 order SQL inserts
  4000000 / 10000000 order SQL inserts
  4100000 / 10000000 order SQL inserts
  4200000 / 10000000 order SQL inserts
  4300000 / 10000000 order SQL inserts
  4400000 / 10000000 order SQL inserts
  4500000 / 10000000 order SQL inserts
  4600000 / 10000000 order SQL inserts
  4700000 / 10000000 order SQL inserts
  4800000 / 10000000 order SQL inserts
  4900000 / 10000000 order SQL inserts
  5000000 / 10000000 order SQL inserts
  5100000 / 10000000 order SQL inserts
  5200000 / 10000000 order SQL inserts
  5300000 / 10000000 order SQL inserts
  5400000 / 10000000 order SQL inserts
  5500000 / 10000000 order SQL inserts
  5600000 / 10000000 order SQL inserts
  5700000 / 10000000 order SQL inserts
  5800000 / 10000000 order SQL inserts
  5900000 / 10000000 order SQL inserts
  6000000 / 10000000 order SQL inserts
  6100000 / 10000000 order SQL inserts
  6200000 / 10000000 order SQL inserts
  6300000 / 10000000 order SQL inserts
  6400000 / 10000000 order SQL inserts
  6500000 / 10000000 order SQL inserts
  6600000 / 10000000 order SQL inserts
  6700000 / 10000000 order SQL inserts
  6800000 / 10000000 order SQL inserts
  6900000 / 10000000 order SQL inserts
  7000000 / 10000000 order SQL inserts
  7100000 / 10000000 order SQL inserts
  7200000 / 10000000 order SQL inserts
  7300000 / 10000000 order SQL inserts
  7400000 / 10000000 order SQL inserts
  7500000 / 10000000 order SQL inserts
  7600000 / 10000000 order SQL inserts
  7700000 / 10000000 order SQL inserts
  7800000 / 10000000 order SQL inserts
  7900000 / 10000000 order SQL inserts
  8000000 / 10000000 order SQL inserts
  8100000 / 10000000 order SQL inserts
  8200000 / 10000000 order SQL inserts
  8300000 / 10000000 order SQL inserts
  8400000 / 10000000 order SQL inserts
  8500000 / 10000000 order SQL inserts
  8600000 / 10000000 order SQL inserts
  8700000 / 10000000 order SQL inserts
  8800000 / 10000000 order SQL inserts
  8900000 / 10000000 order SQL inserts
  9000000 / 10000000 order SQL inserts
  9100000 / 10000000 order SQL inserts
  9200000 / 10000000 order SQL inserts
  9300000 / 10000000 order SQL inserts
  9400000 / 10000000 order SQL inserts
  9500000 / 10000000 order SQL inserts
  9600000 / 10000000 order SQL inserts
  9700000 / 10000000 order SQL inserts
  9800000 / 10000000 order SQL inserts
  9900000 / 10000000 order SQL inserts
  10000000 / 10000000 order SQL inserts

--- order SQL selects ---
  100000 / 10000000 order SQL selects
  200000 / 10000000 order SQL selects
  300000 / 10000000 order SQL selects
  400000 / 10000000 order SQL selects
  500000 / 10000000 order SQL selects
  600000 / 10000000 order SQL selects
  700000 / 10000000 order SQL selects
  800000 / 10000000 order SQL selects
  900000 / 10000000 order SQL selects
  1000000 / 10000000 order SQL selects
  1100000 / 10000000 order SQL selects
  1200000 / 10000000 order SQL selects
  1300000 / 10000000 order SQL selects
  1400000 / 10000000 order SQL selects
  1500000 / 10000000 order SQL selects
  1600000 / 10000000 order SQL selects
  1700000 / 10000000 order SQL selects
  1800000 / 10000000 order SQL selects
  1900000 / 10000000 order SQL selects
  2000000 / 10000000 order SQL selects
  2100000 / 10000000 order SQL selects
  2200000 / 10000000 order SQL selects
  2300000 / 10000000 order SQL selects
  2400000 / 10000000 order SQL selects
  2500000 / 10000000 order SQL selects
  2600000 / 10000000 order SQL selects
  2700000 / 10000000 order SQL selects
  2800000 / 10000000 order SQL selects
  2900000 / 10000000 order SQL selects
  3000000 / 10000000 order SQL selects
  3100000 / 10000000 order SQL selects
  3200000 / 10000000 order SQL selects
  3300000 / 10000000 order SQL selects
  3400000 / 10000000 order SQL selects
  3500000 / 10000000 order SQL selects
  3600000 / 10000000 order SQL selects
  3700000 / 10000000 order SQL selects
  3800000 / 10000000 order SQL selects
  3900000 / 10000000 order SQL selects
  4000000 / 10000000 order SQL selects
  4100000 / 10000000 order SQL selects
  4200000 / 10000000 order SQL selects
  4300000 / 10000000 order SQL selects
  4400000 / 10000000 order SQL selects
  4500000 / 10000000 order SQL selects
  4600000 / 10000000 order SQL selects
  4700000 / 10000000 order SQL selects
  4800000 / 10000000 order SQL selects
  4900000 / 10000000 order SQL selects
  5000000 / 10000000 order SQL selects
  5100000 / 10000000 order SQL selects
  5200000 / 10000000 order SQL selects
  5300000 / 10000000 order SQL selects
  5400000 / 10000000 order SQL selects
  5500000 / 10000000 order SQL selects
  5600000 / 10000000 order SQL selects
  5700000 / 10000000 order SQL selects
  5800000 / 10000000 order SQL selects
  5900000 / 10000000 order SQL selects
  6000000 / 10000000 order SQL selects
  6100000 / 10000000 order SQL selects
  6200000 / 10000000 order SQL selects
  6300000 / 10000000 order SQL selects
  6400000 / 10000000 order SQL selects
  6500000 / 10000000 order SQL selects
  6600000 / 10000000 order SQL selects
  6700000 / 10000000 order SQL selects
  6800000 / 10000000 order SQL selects
  6900000 / 10000000 order SQL selects
  7000000 / 10000000 order SQL selects
  7100000 / 10000000 order SQL selects
  7200000 / 10000000 order SQL selects
  7300000 / 10000000 order SQL selects
  7400000 / 10000000 order SQL selects
  7500000 / 10000000 order SQL selects
  7600000 / 10000000 order SQL selects
  7700000 / 10000000 order SQL selects
  7800000 / 10000000 order SQL selects
  7900000 / 10000000 order SQL selects
  8000000 / 10000000 order SQL selects
  8100000 / 10000000 order SQL selects
  8200000 / 10000000 order SQL selects
  8300000 / 10000000 order SQL selects
  8400000 / 10000000 order SQL selects
  8500000 / 10000000 order SQL selects
  8600000 / 10000000 order SQL selects
  8700000 / 10000000 order SQL selects
  8800000 / 10000000 order SQL selects
  8900000 / 10000000 order SQL selects
  9000000 / 10000000 order SQL selects
  9100000 / 10000000 order SQL selects
  9200000 / 10000000 order SQL selects
  9300000 / 10000000 order SQL selects
  9400000 / 10000000 order SQL selects
  9500000 / 10000000 order SQL selects
  9600000 / 10000000 order SQL selects
  9700000 / 10000000 order SQL selects
  9800000 / 10000000 order SQL selects
  9900000 / 10000000 order SQL selects
  10000000 / 10000000 order SQL selects

--- order SQL updates ---
  100000 / 10000000 order SQL updates
  200000 / 10000000 order SQL updates
  300000 / 10000000 order SQL updates
  400000 / 10000000 order SQL updates
  500000 / 10000000 order SQL updates
  600000 / 10000000 order SQL updates
  700000 / 10000000 order SQL updates
  800000 / 10000000 order SQL updates
  900000 / 10000000 order SQL updates
  1000000 / 10000000 order SQL updates
  1100000 / 10000000 order SQL updates
  1200000 / 10000000 order SQL updates
  1300000 / 10000000 order SQL updates
  1400000 / 10000000 order SQL updates
  1500000 / 10000000 order SQL updates
  1600000 / 10000000 order SQL updates
  1700000 / 10000000 order SQL updates
  1800000 / 10000000 order SQL updates
  1900000 / 10000000 order SQL updates
  2000000 / 10000000 order SQL updates
  2100000 / 10000000 order SQL updates
  2200000 / 10000000 order SQL updates
  2300000 / 10000000 order SQL updates
  2400000 / 10000000 order SQL updates
  2500000 / 10000000 order SQL updates
  2600000 / 10000000 order SQL updates
  2700000 / 10000000 order SQL updates
  2800000 / 10000000 order SQL updates
  2900000 / 10000000 order SQL updates
  3000000 / 10000000 order SQL updates
  3100000 / 10000000 order SQL updates
  3200000 / 10000000 order SQL updates
  3300000 / 10000000 order SQL updates
  3400000 / 10000000 order SQL updates
  3500000 / 10000000 order SQL updates
  3600000 / 10000000 order SQL updates
  3700000 / 10000000 order SQL updates
  3800000 / 10000000 order SQL updates
  3900000 / 10000000 order SQL updates
  4000000 / 10000000 order SQL updates
  4100000 / 10000000 order SQL updates
  4200000 / 10000000 order SQL updates
  4300000 / 10000000 order SQL updates
  4400000 / 10000000 order SQL updates
  4500000 / 10000000 order SQL updates
  4600000 / 10000000 order SQL updates
  4700000 / 10000000 order SQL updates
  4800000 / 10000000 order SQL updates
  4900000 / 10000000 order SQL updates
  5000000 / 10000000 order SQL updates
  5100000 / 10000000 order SQL updates
  5200000 / 10000000 order SQL updates
  5300000 / 10000000 order SQL updates
  5400000 / 10000000 order SQL updates
  5500000 / 10000000 order SQL updates
  5600000 / 10000000 order SQL updates
  5700000 / 10000000 order SQL updates
  5800000 / 10000000 order SQL updates
  5900000 / 10000000 order SQL updates
  6000000 / 10000000 order SQL updates
  6100000 / 10000000 order SQL updates
  6200000 / 10000000 order SQL updates
  6300000 / 10000000 order SQL updates
  6400000 / 10000000 order SQL updates
  6500000 / 10000000 order SQL updates
  6600000 / 10000000 order SQL updates
  6700000 / 10000000 order SQL updates
  6800000 / 10000000 order SQL updates
  6900000 / 10000000 order SQL updates
  7000000 / 10000000 order SQL updates
  7100000 / 10000000 order SQL updates
  7200000 / 10000000 order SQL updates
  7300000 / 10000000 order SQL updates
  7400000 / 10000000 order SQL updates
  7500000 / 10000000 order SQL updates
  7600000 / 10000000 order SQL updates
  7700000 / 10000000 order SQL updates
  7800000 / 10000000 order SQL updates
  7900000 / 10000000 order SQL updates
  8000000 / 10000000 order SQL updates
  8100000 / 10000000 order SQL updates
  8200000 / 10000000 order SQL updates
  8300000 / 10000000 order SQL updates
  8400000 / 10000000 order SQL updates
  8500000 / 10000000 order SQL updates
  8600000 / 10000000 order SQL updates
  8700000 / 10000000 order SQL updates
  8800000 / 10000000 order SQL updates
  8900000 / 10000000 order SQL updates
  9000000 / 10000000 order SQL updates
  9100000 / 10000000 order SQL updates
  9200000 / 10000000 order SQL updates
  9300000 / 10000000 order SQL updates
  9400000 / 10000000 order SQL updates
  9500000 / 10000000 order SQL updates
  9600000 / 10000000 order SQL updates
  9700000 / 10000000 order SQL updates
  9800000 / 10000000 order SQL updates
  9900000 / 10000000 order SQL updates
  10000000 / 10000000 order SQL updates

--- order SQL deletes ---
  100000 / 10000000 order SQL deletes
  200000 / 10000000 order SQL deletes
  300000 / 10000000 order SQL deletes
  400000 / 10000000 order SQL deletes
  500000 / 10000000 order SQL deletes
  600000 / 10000000 order SQL deletes
  700000 / 10000000 order SQL deletes
  800000 / 10000000 order SQL deletes
  900000 / 10000000 order SQL deletes
  1000000 / 10000000 order SQL deletes
  1100000 / 10000000 order SQL deletes
  1200000 / 10000000 order SQL deletes
  1300000 / 10000000 order SQL deletes
  1400000 / 10000000 order SQL deletes
  1500000 / 10000000 order SQL deletes
  1600000 / 10000000 order SQL deletes
  1700000 / 10000000 order SQL deletes
  1800000 / 10000000 order SQL deletes
  1900000 / 10000000 order SQL deletes
  2000000 / 10000000 order SQL deletes
  2100000 / 10000000 order SQL deletes
  2200000 / 10000000 order SQL deletes
  2300000 / 10000000 order SQL deletes
  2400000 / 10000000 order SQL deletes
  2500000 / 10000000 order SQL deletes
  2600000 / 10000000 order SQL deletes
  2700000 / 10000000 order SQL deletes
  2800000 / 10000000 order SQL deletes
  2900000 / 10000000 order SQL deletes
  3000000 / 10000000 order SQL deletes
  3100000 / 10000000 order SQL deletes
  3200000 / 10000000 order SQL deletes
  3300000 / 10000000 order SQL deletes
  3400000 / 10000000 order SQL deletes
  3500000 / 10000000 order SQL deletes
  3600000 / 10000000 order SQL deletes
  3700000 / 10000000 order SQL deletes
  3800000 / 10000000 order SQL deletes
  3900000 / 10000000 order SQL deletes
  4000000 / 10000000 order SQL deletes
  4100000 / 10000000 order SQL deletes
  4200000 / 10000000 order SQL deletes
  4300000 / 10000000 order SQL deletes
  4400000 / 10000000 order SQL deletes
  4500000 / 10000000 order SQL deletes
  4600000 / 10000000 order SQL deletes
  4700000 / 10000000 order SQL deletes
  4800000 / 10000000 order SQL deletes
  4900000 / 10000000 order SQL deletes
  5000000 / 10000000 order SQL deletes
  5100000 / 10000000 order SQL deletes
  5200000 / 10000000 order SQL deletes
  5300000 / 10000000 order SQL deletes
  5400000 / 10000000 order SQL deletes
  5500000 / 10000000 order SQL deletes
  5600000 / 10000000 order SQL deletes
  5700000 / 10000000 order SQL deletes
  5800000 / 10000000 order SQL deletes
  5900000 / 10000000 order SQL deletes
  6000000 / 10000000 order SQL deletes
  6100000 / 10000000 order SQL deletes
  6200000 / 10000000 order SQL deletes
  6300000 / 10000000 order SQL deletes
  6400000 / 10000000 order SQL deletes
  6500000 / 10000000 order SQL deletes
  6600000 / 10000000 order SQL deletes
  6700000 / 10000000 order SQL deletes
  6800000 / 10000000 order SQL deletes
  6900000 / 10000000 order SQL deletes
  7000000 / 10000000 order SQL deletes
  7100000 / 10000000 order SQL deletes
  7200000 / 10000000 order SQL deletes
  7300000 / 10000000 order SQL deletes
  7400000 / 10000000 order SQL deletes
  7500000 / 10000000 order SQL deletes
  7600000 / 10000000 order SQL deletes
  7700000 / 10000000 order SQL deletes
  7800000 / 10000000 order SQL deletes
  7900000 / 10000000 order SQL deletes
  8000000 / 10000000 order SQL deletes
  8100000 / 10000000 order SQL deletes
  8200000 / 10000000 order SQL deletes
  8300000 / 10000000 order SQL deletes
  8400000 / 10000000 order SQL deletes
  8500000 / 10000000 order SQL deletes
  8600000 / 10000000 order SQL deletes
  8700000 / 10000000 order SQL deletes
  8800000 / 10000000 order SQL deletes
  8900000 / 10000000 order SQL deletes
  9000000 / 10000000 order SQL deletes
  9100000 / 10000000 order SQL deletes
  9200000 / 10000000 order SQL deletes
  9300000 / 10000000 order SQL deletes
  9400000 / 10000000 order SQL deletes
  9500000 / 10000000 order SQL deletes
  9600000 / 10000000 order SQL deletes
  9700000 / 10000000 order SQL deletes
  9800000 / 10000000 order SQL deletes
  9900000 / 10000000 order SQL deletes
  10000000 / 10000000 order SQL deletes

--- order Mongo inserts ---
  100000 / 10000000 order Mongo inserts
  200000 / 10000000 order Mongo inserts
  300000 / 10000000 order Mongo inserts
  400000 / 10000000 order Mongo inserts
  500000 / 10000000 order Mongo inserts
  600000 / 10000000 order Mongo inserts
  700000 / 10000000 order Mongo inserts
  800000 / 10000000 order Mongo inserts
  900000 / 10000000 order Mongo inserts
  1000000 / 10000000 order Mongo inserts
  1100000 / 10000000 order Mongo inserts
  1200000 / 10000000 order Mongo inserts
  1300000 / 10000000 order Mongo inserts
  1400000 / 10000000 order Mongo inserts
  1500000 / 10000000 order Mongo inserts
  1600000 / 10000000 order Mongo inserts
  1700000 / 10000000 order Mongo inserts
  1800000 / 10000000 order Mongo inserts
  1900000 / 10000000 order Mongo inserts
  2000000 / 10000000 order Mongo inserts
  2100000 / 10000000 order Mongo inserts
  2200000 / 10000000 order Mongo inserts
  2300000 / 10000000 order Mongo inserts
  2400000 / 10000000 order Mongo inserts
  2500000 / 10000000 order Mongo inserts
  2600000 / 10000000 order Mongo inserts
  2700000 / 10000000 order Mongo inserts
  2800000 / 10000000 order Mongo inserts
  2900000 / 10000000 order Mongo inserts
  3000000 / 10000000 order Mongo inserts
  3100000 / 10000000 order Mongo inserts
  3200000 / 10000000 order Mongo inserts
  3300000 / 10000000 order Mongo inserts
  3400000 / 10000000 order Mongo inserts
  3500000 / 10000000 order Mongo inserts
  3600000 / 10000000 order Mongo inserts
  3700000 / 10000000 order Mongo inserts
  3800000 / 10000000 order Mongo inserts
  3900000 / 10000000 order Mongo inserts
  4000000 / 10000000 order Mongo inserts
  4100000 / 10000000 order Mongo inserts
  4200000 / 10000000 order Mongo inserts
  4300000 / 10000000 order Mongo inserts
  4400000 / 10000000 order Mongo inserts
  4500000 / 10000000 order Mongo inserts
  4600000 / 10000000 order Mongo inserts
  4700000 / 10000000 order Mongo inserts
  4800000 / 10000000 order Mongo inserts
  4900000 / 10000000 order Mongo inserts
  5000000 / 10000000 order Mongo inserts
  5100000 / 10000000 order Mongo inserts
  5200000 / 10000000 order Mongo inserts
  5300000 / 10000000 order Mongo inserts
  5400000 / 10000000 order Mongo inserts
  5500000 / 10000000 order Mongo inserts
  5600000 / 10000000 order Mongo inserts
  5700000 / 10000000 order Mongo inserts
  5800000 / 10000000 order Mongo inserts
  5900000 / 10000000 order Mongo inserts
  6000000 / 10000000 order Mongo inserts
  6100000 / 10000000 order Mongo inserts
  6200000 / 10000000 order Mongo inserts
  6300000 / 10000000 order Mongo inserts
  6400000 / 10000000 order Mongo inserts
  6500000 / 10000000 order Mongo inserts
  6600000 / 10000000 order Mongo inserts
  6700000 / 10000000 order Mongo inserts
  6800000 / 10000000 order Mongo inserts
  6900000 / 10000000 order Mongo inserts
  7000000 / 10000000 order Mongo inserts
  7100000 / 10000000 order Mongo inserts
  7200000 / 10000000 order Mongo inserts
  7300000 / 10000000 order Mongo inserts
  7400000 / 10000000 order Mongo inserts
  7500000 / 10000000 order Mongo inserts
  7600000 / 10000000 order Mongo inserts
  7700000 / 10000000 order Mongo inserts
  7800000 / 10000000 order Mongo inserts
  7900000 / 10000000 order Mongo inserts
  8000000 / 10000000 order Mongo inserts
  8100000 / 10000000 order Mongo inserts
  8200000 / 10000000 order Mongo inserts
  8300000 / 10000000 order Mongo inserts
  8400000 / 10000000 order Mongo inserts
  8500000 / 10000000 order Mongo inserts
  8600000 / 10000000 order Mongo inserts
  8700000 / 10000000 order Mongo inserts
  8800000 / 10000000 order Mongo inserts
  8900000 / 10000000 order Mongo inserts
  9000000 / 10000000 order Mongo inserts
  9100000 / 10000000 order Mongo inserts
  9200000 / 10000000 order Mongo inserts
  9300000 / 10000000 order Mongo inserts
  9400000 / 10000000 order Mongo inserts
  9500000 / 10000000 order Mongo inserts
  9600000 / 10000000 order Mongo inserts
  9700000 / 10000000 order Mongo inserts
  9800000 / 10000000 order Mongo inserts
  9900000 / 10000000 order Mongo inserts
  10000000 / 10000000 order Mongo inserts

--- order Mongo finds ---
  100000 / 10000000 order Mongo finds
  200000 / 10000000 order Mongo finds
  300000 / 10000000 order Mongo finds
  400000 / 10000000 order Mongo finds
  500000 / 10000000 order Mongo finds
  600000 / 10000000 order Mongo finds
  700000 / 10000000 order Mongo finds
  800000 / 10000000 order Mongo finds
  900000 / 10000000 order Mongo finds
  1000000 / 10000000 order Mongo finds
  1100000 / 10000000 order Mongo finds
  1200000 / 10000000 order Mongo finds
  1300000 / 10000000 order Mongo finds
  1400000 / 10000000 order Mongo finds
  1500000 / 10000000 order Mongo finds
  1600000 / 10000000 order Mongo finds
  1700000 / 10000000 order Mongo finds
  1800000 / 10000000 order Mongo finds
  1900000 / 10000000 order Mongo finds
  2000000 / 10000000 order Mongo finds
  2100000 / 10000000 order Mongo finds
  2200000 / 10000000 order Mongo finds
  2300000 / 10000000 order Mongo finds
  2400000 / 10000000 order Mongo finds
  2500000 / 10000000 order Mongo finds
  2600000 / 10000000 order Mongo finds
  2700000 / 10000000 order Mongo finds
  2800000 / 10000000 order Mongo finds
  2900000 / 10000000 order Mongo finds
  3000000 / 10000000 order Mongo finds
  3100000 / 10000000 order Mongo finds
  3200000 / 10000000 order Mongo finds
  3300000 / 10000000 order Mongo finds
  3400000 / 10000000 order Mongo finds
  3500000 / 10000000 order Mongo finds
  3600000 / 10000000 order Mongo finds
  3700000 / 10000000 order Mongo finds
  3800000 / 10000000 order Mongo finds
  3900000 / 10000000 order Mongo finds
  4000000 / 10000000 order Mongo finds
  4100000 / 10000000 order Mongo finds
  4200000 / 10000000 order Mongo finds
  4300000 / 10000000 order Mongo finds
  4400000 / 10000000 order Mongo finds
  4500000 / 10000000 order Mongo finds
  4600000 / 10000000 order Mongo finds
  4700000 / 10000000 order Mongo finds
  4800000 / 10000000 order Mongo finds
  4900000 / 10000000 order Mongo finds
  5000000 / 10000000 order Mongo finds
  5100000 / 10000000 order Mongo finds
  5200000 / 10000000 order Mongo finds
  5300000 / 10000000 order Mongo finds
  5400000 / 10000000 order Mongo finds
  5500000 / 10000000 order Mongo finds
  5600000 / 10000000 order Mongo finds
  5700000 / 10000000 order Mongo finds
  5800000 / 10000000 order Mongo finds
  5900000 / 10000000 order Mongo finds
  6000000 / 10000000 order Mongo finds
  6100000 / 10000000 order Mongo finds
  6200000 / 10000000 order Mongo finds
  6300000 / 10000000 order Mongo finds
  6400000 / 10000000 order Mongo finds
  6500000 / 10000000 order Mongo finds
  6600000 / 10000000 order Mongo finds
  6700000 / 10000000 order Mongo finds
  6800000 / 10000000 order Mongo finds
  6900000 / 10000000 order Mongo finds
  7000000 / 10000000 order Mongo finds
  7100000 / 10000000 order Mongo finds
  7200000 / 10000000 order Mongo finds
  7300000 / 10000000 order Mongo finds
  7400000 / 10000000 order Mongo finds
  7500000 / 10000000 order Mongo finds
  7600000 / 10000000 order Mongo finds
  7700000 / 10000000 order Mongo finds
  7800000 / 10000000 order Mongo finds
  7900000 / 10000000 order Mongo finds
  8000000 / 10000000 order Mongo finds
  8100000 / 10000000 order Mongo finds
  8200000 / 10000000 order Mongo finds
  8300000 / 10000000 order Mongo finds
  8400000 / 10000000 order Mongo finds
  8500000 / 10000000 order Mongo finds
  8600000 / 10000000 order Mongo finds
  8700000 / 10000000 order Mongo finds
  8800000 / 10000000 order Mongo finds
  8900000 / 10000000 order Mongo finds
  9000000 / 10000000 order Mongo finds
  9100000 / 10000000 order Mongo finds
  9200000 / 10000000 order Mongo finds
  9300000 / 10000000 order Mongo finds
  9400000 / 10000000 order Mongo finds
  9500000 / 10000000 order Mongo finds
  9600000 / 10000000 order Mongo finds
  9700000 / 10000000 order Mongo finds
  9800000 / 10000000 order Mongo finds
  9900000 / 10000000 order Mongo finds
  10000000 / 10000000 order Mongo finds

--- order Redis sets ---
  100000 / 10000000 order Redis sets
  200000 / 10000000 order Redis sets
  300000 / 10000000 order Redis sets
  400000 / 10000000 order Redis sets
  500000 / 10000000 order Redis sets
  600000 / 10000000 order Redis sets
  700000 / 10000000 order Redis sets
  800000 / 10000000 order Redis sets
  900000 / 10000000 order Redis sets
  1000000 / 10000000 order Redis sets
  1100000 / 10000000 order Redis sets
  1200000 / 10000000 order Redis sets
  1300000 / 10000000 order Redis sets
  1400000 / 10000000 order Redis sets
  1500000 / 10000000 order Redis sets
  1600000 / 10000000 order Redis sets
  1700000 / 10000000 order Redis sets
  1800000 / 10000000 order Redis sets
  1900000 / 10000000 order Redis sets
  2000000 / 10000000 order Redis sets
  2100000 / 10000000 order Redis sets
  2200000 / 10000000 order Redis sets
  2300000 / 10000000 order Redis sets
  2400000 / 10000000 order Redis sets
  2500000 / 10000000 order Redis sets
  2600000 / 10000000 order Redis sets
  2700000 / 10000000 order Redis sets
  2800000 / 10000000 order Redis sets
  2900000 / 10000000 order Redis sets
  3000000 / 10000000 order Redis sets
  3100000 / 10000000 order Redis sets
  3200000 / 10000000 order Redis sets
  3300000 / 10000000 order Redis sets
  3400000 / 10000000 order Redis sets
  3500000 / 10000000 order Redis sets
  3600000 / 10000000 order Redis sets
  3700000 / 10000000 order Redis sets
  3800000 / 10000000 order Redis sets
  3900000 / 10000000 order Redis sets
  4000000 / 10000000 order Redis sets
  4100000 / 10000000 order Redis sets
  4200000 / 10000000 order Redis sets
  4300000 / 10000000 order Redis sets
  4400000 / 10000000 order Redis sets
  4500000 / 10000000 order Redis sets
  4600000 / 10000000 order Redis sets
  4700000 / 10000000 order Redis sets
  4800000 / 10000000 order Redis sets
  4900000 / 10000000 order Redis sets
  5000000 / 10000000 order Redis sets
  5100000 / 10000000 order Redis sets
  5200000 / 10000000 order Redis sets
  5300000 / 10000000 order Redis sets
  5400000 / 10000000 order Redis sets
  5500000 / 10000000 order Redis sets
  5600000 / 10000000 order Redis sets
  5700000 / 10000000 order Redis sets
  5800000 / 10000000 order Redis sets
  5900000 / 10000000 order Redis sets
  6000000 / 10000000 order Redis sets
  6100000 / 10000000 order Redis sets
  6200000 / 10000000 order Redis sets
  6300000 / 10000000 order Redis sets
  6400000 / 10000000 order Redis sets
  6500000 / 10000000 order Redis sets
  6600000 / 10000000 order Redis sets
  6700000 / 10000000 order Redis sets
  6800000 / 10000000 order Redis sets
  6900000 / 10000000 order Redis sets
  7000000 / 10000000 order Redis sets
  7100000 / 10000000 order Redis sets
  7200000 / 10000000 order Redis sets
  7300000 / 10000000 order Redis sets
  7400000 / 10000000 order Redis sets
  7500000 / 10000000 order Redis sets
  7600000 / 10000000 order Redis sets
  7700000 / 10000000 order Redis sets
  7800000 / 10000000 order Redis sets
  7900000 / 10000000 order Redis sets
  8000000 / 10000000 order Redis sets
  8100000 / 10000000 order Redis sets
  8200000 / 10000000 order Redis sets
  8300000 / 10000000 order Redis sets
  8400000 / 10000000 order Redis sets
  8500000 / 10000000 order Redis sets
  8600000 / 10000000 order Redis sets
  8700000 / 10000000 order Redis sets
  8800000 / 10000000 order Redis sets
  8900000 / 10000000 order Redis sets
  9000000 / 10000000 order Redis sets
  9100000 / 10000000 order Redis sets
  9200000 / 10000000 order Redis sets
  9300000 / 10000000 order Redis sets
  9400000 / 10000000 order Redis sets
  9500000 / 10000000 order Redis sets
  9600000 / 10000000 order Redis sets
  9700000 / 10000000 order Redis sets
  9800000 / 10000000 order Redis sets
  9900000 / 10000000 order Redis sets
  10000000 / 10000000 order Redis sets

--- order Redis gets ---
  100000 / 10000000 order Redis gets
  200000 / 10000000 order Redis gets
  300000 / 10000000 order Redis gets
  400000 / 10000000 order Redis gets
  500000 / 10000000 order Redis gets
  600000 / 10000000 order Redis gets
  700000 / 10000000 order Redis gets
  800000 / 10000000 order Redis gets
  900000 / 10000000 order Redis gets
  1000000 / 10000000 order Redis gets
  1100000 / 10000000 order Redis gets
  1200000 / 10000000 order Redis gets
  1300000 / 10000000 order Redis gets
  1400000 / 10000000 order Redis gets
  1500000 / 10000000 order Redis gets
  1600000 / 10000000 order Redis gets
  1700000 / 10000000 order Redis gets
  1800000 / 10000000 order Redis gets
  1900000 / 10000000 order Redis gets
  2000000 / 10000000 order Redis gets
  2100000 / 10000000 order Redis gets
  2200000 / 10000000 order Redis gets
  2300000 / 10000000 order Redis gets
  2400000 / 10000000 order Redis gets
  2500000 / 10000000 order Redis gets
  2600000 / 10000000 order Redis gets
  2700000 / 10000000 order Redis gets
  2800000 / 10000000 order Redis gets
  2900000 / 10000000 order Redis gets
  3000000 / 10000000 order Redis gets
  3100000 / 10000000 order Redis gets
  3200000 / 10000000 order Redis gets
  3300000 / 10000000 order Redis gets
  3400000 / 10000000 order Redis gets
  3500000 / 10000000 order Redis gets
  3600000 / 10000000 order Redis gets
  3700000 / 10000000 order Redis gets
  3800000 / 10000000 order Redis gets
  3900000 / 10000000 order Redis gets
  4000000 / 10000000 order Redis gets
  4100000 / 10000000 order Redis gets
  4200000 / 10000000 order Redis gets
  4300000 / 10000000 order Redis gets
  4400000 / 10000000 order Redis gets
  4500000 / 10000000 order Redis gets
  4600000 / 10000000 order Redis gets
  4700000 / 10000000 order Redis gets
  4800000 / 10000000 order Redis gets
  4900000 / 10000000 order Redis gets
  5000000 / 10000000 order Redis gets
  5100000 / 10000000 order Redis gets
  5200000 / 10000000 order Redis gets
  5300000 / 10000000 order Redis gets
  5400000 / 10000000 order Redis gets
  5500000 / 10000000 order Redis gets
  5600000 / 10000000 order Redis gets
  5700000 / 10000000 order Redis gets
  5800000 / 10000000 order Redis gets
  5900000 / 10000000 order Redis gets
  6000000 / 10000000 order Redis gets
  6100000 / 10000000 order Redis gets
  6200000 / 10000000 order Redis gets
  6300000 / 10000000 order Redis gets
  6400000 / 10000000 order Redis gets
  6500000 / 10000000 order Redis gets
  6600000 / 10000000 order Redis gets
  6700000 / 10000000 order Redis gets
  6800000 / 10000000 order Redis gets
  6900000 / 10000000 order Redis gets
  7000000 / 10000000 order Redis gets
  7100000 / 10000000 order Redis gets
  7200000 / 10000000 order Redis gets
  7300000 / 10000000 order Redis gets
  7400000 / 10000000 order Redis gets
  7500000 / 10000000 order Redis gets
  7600000 / 10000000 order Redis gets
  7700000 / 10000000 order Redis gets
  7800000 / 10000000 order Redis gets
  7900000 / 10000000 order Redis gets
  8000000 / 10000000 order Redis gets
  8100000 / 10000000 order Redis gets
  8200000 / 10000000 order Redis gets
  8300000 / 10000000 order Redis gets
  8400000 / 10000000 order Redis gets
  8500000 / 10000000 order Redis gets
  8600000 / 10000000 order Redis gets
  8700000 / 10000000 order Redis gets
  8800000 / 10000000 order Redis gets
  8900000 / 10000000 order Redis gets
  9000000 / 10000000 order Redis gets
  9100000 / 10000000 order Redis gets
  9200000 / 10000000 order Redis gets
  9300000 / 10000000 order Redis gets
  9400000 / 10000000 order Redis gets
  9500000 / 10000000 order Redis gets
  9600000 / 10000000 order Redis gets
  9700000 / 10000000 order Redis gets
  9800000 / 10000000 order Redis gets
  9900000 / 10000000 order Redis gets
  10000000 / 10000000 order Redis gets

--- order Redis updates ---
  100000 / 10000000 order Redis updates
  200000 / 10000000 order Redis updates
  300000 / 10000000 order Redis updates
  400000 / 10000000 order Redis updates
  500000 / 10000000 order Redis updates
  600000 / 10000000 order Redis updates
  700000 / 10000000 order Redis updates
  800000 / 10000000 order Redis updates
  900000 / 10000000 order Redis updates
  1000000 / 10000000 order Redis updates
  1100000 / 10000000 order Redis updates
  1200000 / 10000000 order Redis updates
  1300000 / 10000000 order Redis updates
  1400000 / 10000000 order Redis updates
  1500000 / 10000000 order Redis updates
  1600000 / 10000000 order Redis updates
  1700000 / 10000000 order Redis updates
  1800000 / 10000000 order Redis updates
  1900000 / 10000000 order Redis updates
  2000000 / 10000000 order Redis updates
  2100000 / 10000000 order Redis updates
  2200000 / 10000000 order Redis updates
  2300000 / 10000000 order Redis updates
  2400000 / 10000000 order Redis updates
  2500000 / 10000000 order Redis updates
  2600000 / 10000000 order Redis updates
  2700000 / 10000000 order Redis updates
  2800000 / 10000000 order Redis updates
  2900000 / 10000000 order Redis updates
  3000000 / 10000000 order Redis updates
  3100000 / 10000000 order Redis updates
  3200000 / 10000000 order Redis updates
  3300000 / 10000000 order Redis updates
  3400000 / 10000000 order Redis updates
  3500000 / 10000000 order Redis updates
  3600000 / 10000000 order Redis updates
  3700000 / 10000000 order Redis updates
  3800000 / 10000000 order Redis updates
  3900000 / 10000000 order Redis updates
  4000000 / 10000000 order Redis updates
  4100000 / 10000000 order Redis updates
  4200000 / 10000000 order Redis updates
  4300000 / 10000000 order Redis updates
  4400000 / 10000000 order Redis updates
  4500000 / 10000000 order Redis updates
  4600000 / 10000000 order Redis updates
  4700000 / 10000000 order Redis updates
  4800000 / 10000000 order Redis updates
  4900000 / 10000000 order Redis updates
  5000000 / 10000000 order Redis updates
  5100000 / 10000000 order Redis updates
  5200000 / 10000000 order Redis updates
  5300000 / 10000000 order Redis updates
  5400000 / 10000000 order Redis updates
  5500000 / 10000000 order Redis updates
  5600000 / 10000000 order Redis updates
  5700000 / 10000000 order Redis updates
  5800000 / 10000000 order Redis updates
  5900000 / 10000000 order Redis updates
  6000000 / 10000000 order Redis updates
  6100000 / 10000000 order Redis updates
  6200000 / 10000000 order Redis updates
  6300000 / 10000000 order Redis updates
  6400000 / 10000000 order Redis updates
  6500000 / 10000000 order Redis updates
  6600000 / 10000000 order Redis updates
  6700000 / 10000000 order Redis updates
  6800000 / 10000000 order Redis updates
  6900000 / 10000000 order Redis updates
  7000000 / 10000000 order Redis updates
  7100000 / 10000000 order Redis updates
  7200000 / 10000000 order Redis updates
  7300000 / 10000000 order Redis updates
  7400000 / 10000000 order Redis updates
  7500000 / 10000000 order Redis updates
  7600000 / 10000000 order Redis updates
  7700000 / 10000000 order Redis updates
  7800000 / 10000000 order Redis updates
  7900000 / 10000000 order Redis updates
  8000000 / 10000000 order Redis updates
  8100000 / 10000000 order Redis updates
  8200000 / 10000000 order Redis updates
  8300000 / 10000000 order Redis updates
  8400000 / 10000000 order Redis updates
  8500000 / 10000000 order Redis updates
  8600000 / 10000000 order Redis updates
  8700000 / 10000000 order Redis updates
  8800000 / 10000000 order Redis updates
  8900000 / 10000000 order Redis updates
  9000000 / 10000000 order Redis updates
  9100000 / 10000000 order Redis updates
  9200000 / 10000000 order Redis updates
  9300000 / 10000000 order Redis updates
  9400000 / 10000000 order Redis updates
  9500000 / 10000000 order Redis updates
  9600000 / 10000000 order Redis updates
  9700000 / 10000000 order Redis updates
  9800000 / 10000000 order Redis updates
  9900000 / 10000000 order Redis updates
  10000000 / 10000000 order Redis updates

--- order Redis deletes ---
  100000 / 10000000 order Redis deletes
  200000 / 10000000 order Redis deletes
  300000 / 10000000 order Redis deletes
  400000 / 10000000 order Redis deletes
  500000 / 10000000 order Redis deletes
  600000 / 10000000 order Redis deletes
  700000 / 10000000 order Redis deletes
  800000 / 10000000 order Redis deletes
  900000 / 10000000 order Redis deletes
  1000000 / 10000000 order Redis deletes
  1100000 / 10000000 order Redis deletes
  1200000 / 10000000 order Redis deletes
  1300000 / 10000000 order Redis deletes
  1400000 / 10000000 order Redis deletes
  1500000 / 10000000 order Redis deletes
  1600000 / 10000000 order Redis deletes
  1700000 / 10000000 order Redis deletes
  1800000 / 10000000 order Redis deletes
  1900000 / 10000000 order Redis deletes
  2000000 / 10000000 order Redis deletes
  2100000 / 10000000 order Redis deletes
  2200000 / 10000000 order Redis deletes
  2300000 / 10000000 order Redis deletes
  2400000 / 10000000 order Redis deletes
  2500000 / 10000000 order Redis deletes
  2600000 / 10000000 order Redis deletes
  2700000 / 10000000 order Redis deletes
  2800000 / 10000000 order Redis deletes
  2900000 / 10000000 order Redis deletes
  3000000 / 10000000 order Redis deletes
  3100000 / 10000000 order Redis deletes
  3200000 / 10000000 order Redis deletes
  3300000 / 10000000 order Redis deletes
  3400000 / 10000000 order Redis deletes
  3500000 / 10000000 order Redis deletes
  3600000 / 10000000 order Redis deletes
  3700000 / 10000000 order Redis deletes
  3800000 / 10000000 order Redis deletes
  3900000 / 10000000 order Redis deletes
  4000000 / 10000000 order Redis deletes
  4100000 / 10000000 order Redis deletes
  4200000 / 10000000 order Redis deletes
  4300000 / 10000000 order Redis deletes
  4400000 / 10000000 order Redis deletes
  4500000 / 10000000 order Redis deletes
  4600000 / 10000000 order Redis deletes
  4700000 / 10000000 order Redis deletes
  4800000 / 10000000 order Redis deletes
  4900000 / 10000000 order Redis deletes
  5000000 / 10000000 order Redis deletes
  5100000 / 10000000 order Redis deletes
  5200000 / 10000000 order Redis deletes
  5300000 / 10000000 order Redis deletes
  5400000 / 10000000 order Redis deletes
  5500000 / 10000000 order Redis deletes
  5600000 / 10000000 order Redis deletes
  5700000 / 10000000 order Redis deletes
  5800000 / 10000000 order Redis deletes
  5900000 / 10000000 order Redis deletes
  6000000 / 10000000 order Redis deletes
  6100000 / 10000000 order Redis deletes
  6200000 / 10000000 order Redis deletes
  6300000 / 10000000 order Redis deletes
  6400000 / 10000000 order Redis deletes
  6500000 / 10000000 order Redis deletes
  6600000 / 10000000 order Redis deletes
  6700000 / 10000000 order Redis deletes
  6800000 / 10000000 order Redis deletes
  6900000 / 10000000 order Redis deletes
  7000000 / 10000000 order Redis deletes
  7100000 / 10000000 order Redis deletes
  7200000 / 10000000 order Redis deletes
  7300000 / 10000000 order Redis deletes
  7400000 / 10000000 order Redis deletes
  7500000 / 10000000 order Redis deletes
  7600000 / 10000000 order Redis deletes
  7700000 / 10000000 order Redis deletes
  7800000 / 10000000 order Redis deletes
  7900000 / 10000000 order Redis deletes
  8000000 / 10000000 order Redis deletes
  8100000 / 10000000 order Redis deletes
  8200000 / 10000000 order Redis deletes
  8300000 / 10000000 order Redis deletes
  8400000 / 10000000 order Redis deletes
  8500000 / 10000000 order Redis deletes
  8600000 / 10000000 order Redis deletes
  8700000 / 10000000 order Redis deletes
  8800000 / 10000000 order Redis deletes
  8900000 / 10000000 order Redis deletes
  9000000 / 10000000 order Redis deletes
  9100000 / 10000000 order Redis deletes
  9200000 / 10000000 order Redis deletes
  9300000 / 10000000 order Redis deletes
  9400000 / 10000000 order Redis deletes
  9500000 / 10000000 order Redis deletes
  9600000 / 10000000 order Redis deletes
  9700000 / 10000000 order Redis deletes
  9800000 / 10000000 order Redis deletes
  9900000 / 10000000 order Redis deletes
  10000000 / 10000000 order Redis deletes

--- order item SQL inserts ---
  100000 / 10000000 order item SQL inserts
  200000 / 10000000 order item SQL inserts
  300000 / 10000000 order item SQL inserts
  400000 / 10000000 order item SQL inserts
  500000 / 10000000 order item SQL inserts
  600000 / 10000000 order item SQL inserts
  700000 / 10000000 order item SQL inserts
  800000 / 10000000 order item SQL inserts
  900000 / 10000000 order item SQL inserts
  1000000 / 10000000 order item SQL inserts
  1100000 / 10000000 order item SQL inserts
  1200000 / 10000000 order item SQL inserts
  1300000 / 10000000 order item SQL inserts
  1400000 / 10000000 order item SQL inserts
  1500000 / 10000000 order item SQL inserts
  1600000 / 10000000 order item SQL inserts
  1700000 / 10000000 order item SQL inserts
  1800000 / 10000000 order item SQL inserts
  1900000 / 10000000 order item SQL inserts
  2000000 / 10000000 order item SQL inserts
  2100000 / 10000000 order item SQL inserts
  2200000 / 10000000 order item SQL inserts
  2300000 / 10000000 order item SQL inserts
  2400000 / 10000000 order item SQL inserts
  2500000 / 10000000 order item SQL inserts
  2600000 / 10000000 order item SQL inserts
  2700000 / 10000000 order item SQL inserts
  2800000 / 10000000 order item SQL inserts
  2900000 / 10000000 order item SQL inserts
  3000000 / 10000000 order item SQL inserts
  3100000 / 10000000 order item SQL inserts
  3200000 / 10000000 order item SQL inserts
  3300000 / 10000000 order item SQL inserts
  3400000 / 10000000 order item SQL inserts
  3500000 / 10000000 order item SQL inserts
  3600000 / 10000000 order item SQL inserts
  3700000 / 10000000 order item SQL inserts
  3800000 / 10000000 order item SQL inserts
  3900000 / 10000000 order item SQL inserts
  4000000 / 10000000 order item SQL inserts
  4100000 / 10000000 order item SQL inserts
  4200000 / 10000000 order item SQL inserts
  4300000 / 10000000 order item SQL inserts
  4400000 / 10000000 order item SQL inserts
  4500000 / 10000000 order item SQL inserts
  4600000 / 10000000 order item SQL inserts
  4700000 / 10000000 order item SQL inserts
  4800000 / 10000000 order item SQL inserts
  4900000 / 10000000 order item SQL inserts
  5000000 / 10000000 order item SQL inserts
  5100000 / 10000000 order item SQL inserts
  5200000 / 10000000 order item SQL inserts
  5300000 / 10000000 order item SQL inserts
  5400000 / 10000000 order item SQL inserts
  5500000 / 10000000 order item SQL inserts
  5600000 / 10000000 order item SQL inserts
  5700000 / 10000000 order item SQL inserts
  5800000 / 10000000 order item SQL inserts
  5900000 / 10000000 order item SQL inserts
  6000000 / 10000000 order item SQL inserts
  6100000 / 10000000 order item SQL inserts
  6200000 / 10000000 order item SQL inserts
  6300000 / 10000000 order item SQL inserts
  6400000 / 10000000 order item SQL inserts
  6500000 / 10000000 order item SQL inserts
  6600000 / 10000000 order item SQL inserts
  6700000 / 10000000 order item SQL inserts
  6800000 / 10000000 order item SQL inserts
  6900000 / 10000000 order item SQL inserts
  7000000 / 10000000 order item SQL inserts
  7100000 / 10000000 order item SQL inserts
  7200000 / 10000000 order item SQL inserts
  7300000 / 10000000 order item SQL inserts
  7400000 / 10000000 order item SQL inserts
  7500000 / 10000000 order item SQL inserts
  7600000 / 10000000 order item SQL inserts
  7700000 / 10000000 order item SQL inserts
  7800000 / 10000000 order item SQL inserts
  7900000 / 10000000 order item SQL inserts
  8000000 / 10000000 order item SQL inserts
  8100000 / 10000000 order item SQL inserts
  8200000 / 10000000 order item SQL inserts
  8300000 / 10000000 order item SQL inserts
  8400000 / 10000000 order item SQL inserts
  8500000 / 10000000 order item SQL inserts
  8600000 / 10000000 order item SQL inserts
  8700000 / 10000000 order item SQL inserts
  8800000 / 10000000 order item SQL inserts
  8900000 / 10000000 order item SQL inserts
  9000000 / 10000000 order item SQL inserts
  9100000 / 10000000 order item SQL inserts
  9200000 / 10000000 order item SQL inserts
  9300000 / 10000000 order item SQL inserts
  9400000 / 10000000 order item SQL inserts
  9500000 / 10000000 order item SQL inserts
  9600000 / 10000000 order item SQL inserts
  9700000 / 10000000 order item SQL inserts
  9800000 / 10000000 order item SQL inserts
  9900000 / 10000000 order item SQL inserts
  10000000 / 10000000 order item SQL inserts

--- order item Mongo inserts ---
  100000 / 10000000 order item Mongo inserts
  200000 / 10000000 order item Mongo inserts
  300000 / 10000000 order item Mongo inserts
  400000 / 10000000 order item Mongo inserts
  500000 / 10000000 order item Mongo inserts
  600000 / 10000000 order item Mongo inserts
  700000 / 10000000 order item Mongo inserts
  800000 / 10000000 order item Mongo inserts
  900000 / 10000000 order item Mongo inserts
  1000000 / 10000000 order item Mongo inserts
  1100000 / 10000000 order item Mongo inserts
  1200000 / 10000000 order item Mongo inserts
  1300000 / 10000000 order item Mongo inserts
  1400000 / 10000000 order item Mongo inserts
  1500000 / 10000000 order item Mongo inserts
  1600000 / 10000000 order item Mongo inserts
  1700000 / 10000000 order item Mongo inserts
  1800000 / 10000000 order item Mongo inserts
  1900000 / 10000000 order item Mongo inserts
  2000000 / 10000000 order item Mongo inserts
  2100000 / 10000000 order item Mongo inserts
  2200000 / 10000000 order item Mongo inserts
  2300000 / 10000000 order item Mongo inserts
  2400000 / 10000000 order item Mongo inserts
  2500000 / 10000000 order item Mongo inserts
  2600000 / 10000000 order item Mongo inserts
  2700000 / 10000000 order item Mongo inserts
  2800000 / 10000000 order item Mongo inserts
  2900000 / 10000000 order item Mongo inserts
  3000000 / 10000000 order item Mongo inserts
  3100000 / 10000000 order item Mongo inserts
  3200000 / 10000000 order item Mongo inserts
  3300000 / 10000000 order item Mongo inserts
  3400000 / 10000000 order item Mongo inserts
  3500000 / 10000000 order item Mongo inserts
  3600000 / 10000000 order item Mongo inserts
  3700000 / 10000000 order item Mongo inserts
  3800000 / 10000000 order item Mongo inserts
  3900000 / 10000000 order item Mongo inserts
  4000000 / 10000000 order item Mongo inserts
  4100000 / 10000000 order item Mongo inserts
  4200000 / 10000000 order item Mongo inserts
  4300000 / 10000000 order item Mongo inserts
  4400000 / 10000000 order item Mongo inserts
  4500000 / 10000000 order item Mongo inserts
  4600000 / 10000000 order item Mongo inserts
  4700000 / 10000000 order item Mongo inserts
  4800000 / 10000000 order item Mongo inserts
  4900000 / 10000000 order item Mongo inserts
  5000000 / 10000000 order item Mongo inserts
  5100000 / 10000000 order item Mongo inserts
  5200000 / 10000000 order item Mongo inserts
  5300000 / 10000000 order item Mongo inserts
  5400000 / 10000000 order item Mongo inserts
  5500000 / 10000000 order item Mongo inserts
  5600000 / 10000000 order item Mongo inserts
  5700000 / 10000000 order item Mongo inserts
  5800000 / 10000000 order item Mongo inserts
  5900000 / 10000000 order item Mongo inserts
  6000000 / 10000000 order item Mongo inserts
  6100000 / 10000000 order item Mongo inserts
  6200000 / 10000000 order item Mongo inserts
  6300000 / 10000000 order item Mongo inserts
  6400000 / 10000000 order item Mongo inserts
  6500000 / 10000000 order item Mongo inserts
  6600000 / 10000000 order item Mongo inserts
  6700000 / 10000000 order item Mongo inserts
  6800000 / 10000000 order item Mongo inserts
  6900000 / 10000000 order item Mongo inserts
  7000000 / 10000000 order item Mongo inserts
  7100000 / 10000000 order item Mongo inserts
  7200000 / 10000000 order item Mongo inserts
  7300000 / 10000000 order item Mongo inserts
  7400000 / 10000000 order item Mongo inserts
  7500000 / 10000000 order item Mongo inserts
  7600000 / 10000000 order item Mongo inserts
  7700000 / 10000000 order item Mongo inserts
  7800000 / 10000000 order item Mongo inserts
  7900000 / 10000000 order item Mongo inserts
  8000000 / 10000000 order item Mongo inserts
  8100000 / 10000000 order item Mongo inserts
  8200000 / 10000000 order item Mongo inserts
  8300000 / 10000000 order item Mongo inserts
  8400000 / 10000000 order item Mongo inserts
  8500000 / 10000000 order item Mongo inserts
  8600000 / 10000000 order item Mongo inserts
  8700000 / 10000000 order item Mongo inserts
  8800000 / 10000000 order item Mongo inserts
  8900000 / 10000000 order item Mongo inserts
  9000000 / 10000000 order item Mongo inserts
  9100000 / 10000000 order item Mongo inserts
  9200000 / 10000000 order item Mongo inserts
  9300000 / 10000000 order item Mongo inserts
  9400000 / 10000000 order item Mongo inserts
  9500000 / 10000000 order item Mongo inserts
  9600000 / 10000000 order item Mongo inserts
  9700000 / 10000000 order item Mongo inserts
  9800000 / 10000000 order item Mongo inserts
  9900000 / 10000000 order item Mongo inserts
  10000000 / 10000000 order item Mongo inserts

--- payment SQL inserts ---
  100000 / 10000000 payment SQL inserts
  200000 / 10000000 payment SQL inserts
  300000 / 10000000 payment SQL inserts
  400000 / 10000000 payment SQL inserts
  500000 / 10000000 payment SQL inserts
  600000 / 10000000 payment SQL inserts
  700000 / 10000000 payment SQL inserts
  800000 / 10000000 payment SQL inserts
  900000 / 10000000 payment SQL inserts
  1000000 / 10000000 payment SQL inserts
  1100000 / 10000000 payment SQL inserts
  1200000 / 10000000 payment SQL inserts
  1300000 / 10000000 payment SQL inserts
  1400000 / 10000000 payment SQL inserts
  1500000 / 10000000 payment SQL inserts
  1600000 / 10000000 payment SQL inserts
  1700000 / 10000000 payment SQL inserts
  1800000 / 10000000 payment SQL inserts
  1900000 / 10000000 payment SQL inserts
  2000000 / 10000000 payment SQL inserts
  2100000 / 10000000 payment SQL inserts
  2200000 / 10000000 payment SQL inserts
  2300000 / 10000000 payment SQL inserts
  2400000 / 10000000 payment SQL inserts
  2500000 / 10000000 payment SQL inserts
  2600000 / 10000000 payment SQL inserts
  2700000 / 10000000 payment SQL inserts
  2800000 / 10000000 payment SQL inserts
  2900000 / 10000000 payment SQL inserts
  3000000 / 10000000 payment SQL inserts
  3100000 / 10000000 payment SQL inserts
  3200000 / 10000000 payment SQL inserts
  3300000 / 10000000 payment SQL inserts
  3400000 / 10000000 payment SQL inserts
  3500000 / 10000000 payment SQL inserts
  3600000 / 10000000 payment SQL inserts
  3700000 / 10000000 payment SQL inserts
  3800000 / 10000000 payment SQL inserts
  3900000 / 10000000 payment SQL inserts
  4000000 / 10000000 payment SQL inserts
  4100000 / 10000000 payment SQL inserts
  4200000 / 10000000 payment SQL inserts
  4300000 / 10000000 payment SQL inserts
  4400000 / 10000000 payment SQL inserts
  4500000 / 10000000 payment SQL inserts
  4600000 / 10000000 payment SQL inserts
  4700000 / 10000000 payment SQL inserts
  4800000 / 10000000 payment SQL inserts
  4900000 / 10000000 payment SQL inserts
  5000000 / 10000000 payment SQL inserts
  5100000 / 10000000 payment SQL inserts
  5200000 / 10000000 payment SQL inserts
  5300000 / 10000000 payment SQL inserts
  5400000 / 10000000 payment SQL inserts
  5500000 / 10000000 payment SQL inserts
  5600000 / 10000000 payment SQL inserts
  5700000 / 10000000 payment SQL inserts
  5800000 / 10000000 payment SQL inserts
  5900000 / 10000000 payment SQL inserts
  6000000 / 10000000 payment SQL inserts
  6100000 / 10000000 payment SQL inserts
  6200000 / 10000000 payment SQL inserts
  6300000 / 10000000 payment SQL inserts
  6400000 / 10000000 payment SQL inserts
  6500000 / 10000000 payment SQL inserts
  6600000 / 10000000 payment SQL inserts
  6700000 / 10000000 payment SQL inserts
  6800000 / 10000000 payment SQL inserts
  6900000 / 10000000 payment SQL inserts
  7000000 / 10000000 payment SQL inserts
  7100000 / 10000000 payment SQL inserts
  7200000 / 10000000 payment SQL inserts
  7300000 / 10000000 payment SQL inserts
  7400000 / 10000000 payment SQL inserts
  7500000 / 10000000 payment SQL inserts
  7600000 / 10000000 payment SQL inserts
  7700000 / 10000000 payment SQL inserts
  7800000 / 10000000 payment SQL inserts
  7900000 / 10000000 payment SQL inserts
  8000000 / 10000000 payment SQL inserts
  8100000 / 10000000 payment SQL inserts
  8200000 / 10000000 payment SQL inserts
  8300000 / 10000000 payment SQL inserts
  8400000 / 10000000 payment SQL inserts
  8500000 / 10000000 payment SQL inserts
  8600000 / 10000000 payment SQL inserts
  8700000 / 10000000 payment SQL inserts
  8800000 / 10000000 payment SQL inserts
  8900000 / 10000000 payment SQL inserts
  9000000 / 10000000 payment SQL inserts
  9100000 / 10000000 payment SQL inserts
  9200000 / 10000000 payment SQL inserts
  9300000 / 10000000 payment SQL inserts
  9400000 / 10000000 payment SQL inserts
  9500000 / 10000000 payment SQL inserts
  9600000 / 10000000 payment SQL inserts
  9700000 / 10000000 payment SQL inserts
  9800000 / 10000000 payment SQL inserts
  9900000 / 10000000 payment SQL inserts
  10000000 / 10000000 payment SQL inserts

--- payment Mongo inserts ---
  100000 / 10000000 payment Mongo inserts
  200000 / 10000000 payment Mongo inserts
  300000 / 10000000 payment Mongo inserts
  400000 / 10000000 payment Mongo inserts
  500000 / 10000000 payment Mongo inserts
  600000 / 10000000 payment Mongo inserts
  700000 / 10000000 payment Mongo inserts
  800000 / 10000000 payment Mongo inserts
  900000 / 10000000 payment Mongo inserts
  1000000 / 10000000 payment Mongo inserts
  1100000 / 10000000 payment Mongo inserts
  1200000 / 10000000 payment Mongo inserts
  1300000 / 10000000 payment Mongo inserts
  1400000 / 10000000 payment Mongo inserts
  1500000 / 10000000 payment Mongo inserts
  1600000 / 10000000 payment Mongo inserts
  1700000 / 10000000 payment Mongo inserts
  1800000 / 10000000 payment Mongo inserts
  1900000 / 10000000 payment Mongo inserts
  2000000 / 10000000 payment Mongo inserts
  2100000 / 10000000 payment Mongo inserts
  2200000 / 10000000 payment Mongo inserts
  2300000 / 10000000 payment Mongo inserts
  2400000 / 10000000 payment Mongo inserts
  2500000 / 10000000 payment Mongo inserts
  2600000 / 10000000 payment Mongo inserts
  2700000 / 10000000 payment Mongo inserts
  2800000 / 10000000 payment Mongo inserts
  2900000 / 10000000 payment Mongo inserts
  3000000 / 10000000 payment Mongo inserts
  3100000 / 10000000 payment Mongo inserts
  3200000 / 10000000 payment Mongo inserts
  3300000 / 10000000 payment Mongo inserts
  3400000 / 10000000 payment Mongo inserts
  3500000 / 10000000 payment Mongo inserts
  3600000 / 10000000 payment Mongo inserts
  3700000 / 10000000 payment Mongo inserts
  3800000 / 10000000 payment Mongo inserts
  3900000 / 10000000 payment Mongo inserts
  4000000 / 10000000 payment Mongo inserts
  4100000 / 10000000 payment Mongo inserts
  4200000 / 10000000 payment Mongo inserts
  4300000 / 10000000 payment Mongo inserts
  4400000 / 10000000 payment Mongo inserts
  4500000 / 10000000 payment Mongo inserts
  4600000 / 10000000 payment Mongo inserts
  4700000 / 10000000 payment Mongo inserts
  4800000 / 10000000 payment Mongo inserts
  4900000 / 10000000 payment Mongo inserts
  5000000 / 10000000 payment Mongo inserts
  5100000 / 10000000 payment Mongo inserts
  5200000 / 10000000 payment Mongo inserts
  5300000 / 10000000 payment Mongo inserts
  5400000 / 10000000 payment Mongo inserts
  5500000 / 10000000 payment Mongo inserts
  5600000 / 10000000 payment Mongo inserts
  5700000 / 10000000 payment Mongo inserts
  5800000 / 10000000 payment Mongo inserts
  5900000 / 10000000 payment Mongo inserts
  6000000 / 10000000 payment Mongo inserts
  6100000 / 10000000 payment Mongo inserts
  6200000 / 10000000 payment Mongo inserts
  6300000 / 10000000 payment Mongo inserts
  6400000 / 10000000 payment Mongo inserts
  6500000 / 10000000 payment Mongo inserts
  6600000 / 10000000 payment Mongo inserts
  6700000 / 10000000 payment Mongo inserts
  6800000 / 10000000 payment Mongo inserts
  6900000 / 10000000 payment Mongo inserts
  7000000 / 10000000 payment Mongo inserts
  7100000 / 10000000 payment Mongo inserts
  7200000 / 10000000 payment Mongo inserts
  7300000 / 10000000 payment Mongo inserts
  7400000 / 10000000 payment Mongo inserts
  7500000 / 10000000 payment Mongo inserts
  7600000 / 10000000 payment Mongo inserts
  7700000 / 10000000 payment Mongo inserts
  7800000 / 10000000 payment Mongo inserts
  7900000 / 10000000 payment Mongo inserts
  8000000 / 10000000 payment Mongo inserts
  8100000 / 10000000 payment Mongo inserts
  8200000 / 10000000 payment Mongo inserts
  8300000 / 10000000 payment Mongo inserts
  8400000 / 10000000 payment Mongo inserts
  8500000 / 10000000 payment Mongo inserts
  8600000 / 10000000 payment Mongo inserts
  8700000 / 10000000 payment Mongo inserts
  8800000 / 10000000 payment Mongo inserts
  8900000 / 10000000 payment Mongo inserts
  9000000 / 10000000 payment Mongo inserts
  9100000 / 10000000 payment Mongo inserts
  9200000 / 10000000 payment Mongo inserts
  9300000 / 10000000 payment Mongo inserts
  9400000 / 10000000 payment Mongo inserts
  9500000 / 10000000 payment Mongo inserts
  9600000 / 10000000 payment Mongo inserts
  9700000 / 10000000 payment Mongo inserts
  9800000 / 10000000 payment Mongo inserts
  9900000 / 10000000 payment Mongo inserts
  10000000 / 10000000 payment Mongo inserts

--- payment Redis sets ---
  100000 / 10000000 payment Redis sets
  200000 / 10000000 payment Redis sets
  300000 / 10000000 payment Redis sets
  400000 / 10000000 payment Redis sets
  500000 / 10000000 payment Redis sets
  600000 / 10000000 payment Redis sets
  700000 / 10000000 payment Redis sets
  800000 / 10000000 payment Redis sets
  900000 / 10000000 payment Redis sets
  1000000 / 10000000 payment Redis sets
  1100000 / 10000000 payment Redis sets
  1200000 / 10000000 payment Redis sets
  1300000 / 10000000 payment Redis sets
  1400000 / 10000000 payment Redis sets
  1500000 / 10000000 payment Redis sets
  1600000 / 10000000 payment Redis sets
  1700000 / 10000000 payment Redis sets
  1800000 / 10000000 payment Redis sets
  1900000 / 10000000 payment Redis sets
  2000000 / 10000000 payment Redis sets
  2100000 / 10000000 payment Redis sets
  2200000 / 10000000 payment Redis sets
  2300000 / 10000000 payment Redis sets
  2400000 / 10000000 payment Redis sets
  2500000 / 10000000 payment Redis sets
  2600000 / 10000000 payment Redis sets
  2700000 / 10000000 payment Redis sets
  2800000 / 10000000 payment Redis sets
  2900000 / 10000000 payment Redis sets
  3000000 / 10000000 payment Redis sets
  3100000 / 10000000 payment Redis sets
  3200000 / 10000000 payment Redis sets
  3300000 / 10000000 payment Redis sets
  3400000 / 10000000 payment Redis sets
  3500000 / 10000000 payment Redis sets
  3600000 / 10000000 payment Redis sets
  3700000 / 10000000 payment Redis sets
  3800000 / 10000000 payment Redis sets
  3900000 / 10000000 payment Redis sets
  4000000 / 10000000 payment Redis sets
  4100000 / 10000000 payment Redis sets
  4200000 / 10000000 payment Redis sets
  4300000 / 10000000 payment Redis sets
  4400000 / 10000000 payment Redis sets
  4500000 / 10000000 payment Redis sets
  4600000 / 10000000 payment Redis sets
  4700000 / 10000000 payment Redis sets
  4800000 / 10000000 payment Redis sets
  4900000 / 10000000 payment Redis sets
  5000000 / 10000000 payment Redis sets
  5100000 / 10000000 payment Redis sets
  5200000 / 10000000 payment Redis sets
  5300000 / 10000000 payment Redis sets
  5400000 / 10000000 payment Redis sets
  5500000 / 10000000 payment Redis sets
  5600000 / 10000000 payment Redis sets
  5700000 / 10000000 payment Redis sets
  5800000 / 10000000 payment Redis sets
  5900000 / 10000000 payment Redis sets
  6000000 / 10000000 payment Redis sets
  6100000 / 10000000 payment Redis sets
  6200000 / 10000000 payment Redis sets
  6300000 / 10000000 payment Redis sets
  6400000 / 10000000 payment Redis sets
  6500000 / 10000000 payment Redis sets
  6600000 / 10000000 payment Redis sets
  6700000 / 10000000 payment Redis sets
  6800000 / 10000000 payment Redis sets
  6900000 / 10000000 payment Redis sets
  7000000 / 10000000 payment Redis sets
  7100000 / 10000000 payment Redis sets
  7200000 / 10000000 payment Redis sets
  7300000 / 10000000 payment Redis sets
  7400000 / 10000000 payment Redis sets
  7500000 / 10000000 payment Redis sets
  7600000 / 10000000 payment Redis sets
  7700000 / 10000000 payment Redis sets
  7800000 / 10000000 payment Redis sets
  7900000 / 10000000 payment Redis sets
  8000000 / 10000000 payment Redis sets
  8100000 / 10000000 payment Redis sets
  8200000 / 10000000 payment Redis sets
  8300000 / 10000000 payment Redis sets
  8400000 / 10000000 payment Redis sets
  8500000 / 10000000 payment Redis sets
  8600000 / 10000000 payment Redis sets
  8700000 / 10000000 payment Redis sets
  8800000 / 10000000 payment Redis sets
  8900000 / 10000000 payment Redis sets
  9000000 / 10000000 payment Redis sets
  9100000 / 10000000 payment Redis sets
  9200000 / 10000000 payment Redis sets
  9300000 / 10000000 payment Redis sets
  9400000 / 10000000 payment Redis sets
  9500000 / 10000000 payment Redis sets
  9600000 / 10000000 payment Redis sets
  9700000 / 10000000 payment Redis sets
  9800000 / 10000000 payment Redis sets
  9900000 / 10000000 payment Redis sets
  10000000 / 10000000 payment Redis sets

--- review SQL inserts ---
  100000 / 2000000 review SQL inserts
  200000 / 2000000 review SQL inserts
  300000 / 2000000 review SQL inserts
  400000 / 2000000 review SQL inserts
  500000 / 2000000 review SQL inserts
  600000 / 2000000 review SQL inserts
  700000 / 2000000 review SQL inserts
  800000 / 2000000 review SQL inserts
  900000 / 2000000 review SQL inserts
  1000000 / 2000000 review SQL inserts
  1100000 / 2000000 review SQL inserts
  1200000 / 2000000 review SQL inserts
  1300000 / 2000000 review SQL inserts
  1400000 / 2000000 review SQL inserts
  1500000 / 2000000 review SQL inserts
  1600000 / 2000000 review SQL inserts
  1700000 / 2000000 review SQL inserts
  1800000 / 2000000 review SQL inserts
  1900000 / 2000000 review SQL inserts
  2000000 / 2000000 review SQL inserts

--- review Mongo inserts ---
  100000 / 2000000 review Mongo inserts
  200000 / 2000000 review Mongo inserts
  300000 / 2000000 review Mongo inserts
  400000 / 2000000 review Mongo inserts
  500000 / 2000000 review Mongo inserts
  600000 / 2000000 review Mongo inserts
  700000 / 2000000 review Mongo inserts
  800000 / 2000000 review Mongo inserts
  900000 / 2000000 review Mongo inserts
  1000000 / 2000000 review Mongo inserts
  1100000 / 2000000 review Mongo inserts
  1200000 / 2000000 review Mongo inserts
  1300000 / 2000000 review Mongo inserts
  1400000 / 2000000 review Mongo inserts
  1500000 / 2000000 review Mongo inserts
  1600000 / 2000000 review Mongo inserts
  1700000 / 2000000 review Mongo inserts
  1800000 / 2000000 review Mongo inserts
  1900000 / 2000000 review Mongo inserts
  2000000 / 2000000 review Mongo inserts

--- inventory log SQL inserts ---
  100000 / 100000 inventory log SQL inserts

--- inventory log Mongo inserts ---
  100000 / 100000 inventory log Mongo inserts

Benchmark data generation complete!
[0;32m✓ Query files regenerated.[0m
 43G	queries/

[1m[1;33m▶ Step 4/6 — Build benchmark runner[0m

[0;32m✓ bin/bench built.[0m

[1m[1;33m▶ Step 5/6 — Run benchmark (this is the long phase)[0m

╔════════════════════════════════════════════════════════════╗
║        Database Performance Benchmark Suite               ║
╚════════════════════════════════════════════════════════════╝

Configuration:
  Trials per test:       3
  Batch (Phase B/fast):  10000
  Batch (Phase A/scan):  1000
  Target database:       all
  Data scales:           [500000 1000000 10000000]
  Phase A runs at:       500000 only (smallest scale)


============================================================
Starting MySQL Benchmarks
============================================================
✓ Connected to MySQL

▶ MySQL @ scale=500000
  Phase A: WITHOUT indexes
✓ MySQL tables truncated
  ✓ Loaded 200 rows from queries/categories_sql_insert.sql
  ✓ Loaded 500000 rows from queries/users_sql_insert.sql
  ✓ Loaded 500000 rows from queries/addresses_sql_insert.sql
  ✓ Loaded 100000 rows from queries/products_sql_insert.sql
  ✓ Loaded 500000 rows from queries/orders_sql_insert.sql
  Collecting EXPLAIN plans (with_index=false)...

============================================================
MySQL Benchmark: users - SELECT (batch: 1000)
============================================================

Trial 1/3:
  Running 1000 queries...
  ✓ Time: 1.34s (1.34 ms/query)
  ✓ QPS: 747.76

Trial 2/3:
  Running 1000 queries...
  ✓ Time: 1.33s (1.33 ms/query)
  ✓ QPS: 750.76

Trial 3/3:
  Running 1000 queries...
  ✓ Time: 1.31s (1.31 ms/query)
  ✓ QPS: 764.11

📊 Average Results:
  Time: 1.33s
  QPS: 754.21

============================================================
MySQL Benchmark: categories - SELECT (batch: 1000)
============================================================

Trial 1/3:
  Running 1000 queries...
  ✓ Time: 0.20s (0.20 ms/query)
  ✓ QPS: 5113.63

Trial 2/3:
  Running 1000 queries...
  ✓ Time: 0.21s (0.21 ms/query)
  ✓ QPS: 4825.83

Trial 3/3:
  Running 1000 queries...
  ✓ Time: 0.19s (0.19 ms/query)
  ✓ QPS: 5318.65

📊 Average Results:
  Time: 0.20s
  QPS: 5086.04

============================================================
MySQL Benchmark: products - SELECT (batch: 1000)
============================================================

Trial 1/3:
  Running 1000 queries...
  ✓ Time: 5.38s (5.38 ms/query)
  ✓ QPS: 185.98

Trial 2/3:
  Running 1000 queries...
  ✓ Time: 5.24s (5.24 ms/query)
  ✓ QPS: 190.67

Trial 3/3:
  Running 1000 queries...
  ✓ Time: 5.48s (5.48 ms/query)
  ✓ QPS: 182.61

📊 Average Results:
  Time: 5.37s
  QPS: 186.42

============================================================
MySQL Benchmark: addresses - SELECT (batch: 1000)
============================================================

Trial 1/3:
  Running 1000 queries...
  ✓ Time: 102.49s (102.49 ms/query)
  ✓ QPS: 9.76

Trial 2/3:
  Running 1000 queries...
  ✓ Time: 101.95s (101.95 ms/query)
  ✓ QPS: 9.81

Trial 3/3:
  Running 1000 queries...
  ✓ Time: 101.83s (101.83 ms/query)
  ✓ QPS: 9.82

📊 Average Results:
  Time: 102.09s
  QPS: 9.80

============================================================
MySQL Benchmark: orders - SELECT (batch: 1000)
============================================================

Trial 1/3:
  Running 1000 queries...
  ✓ Time: 4.44s (4.44 ms/query)
  ✓ QPS: 225.04

Trial 2/3:
  Running 1000 queries...
  ✓ Time: 4.30s (4.30 ms/query)
  ✓ QPS: 232.66

Trial 3/3:
  Running 1000 queries...
  ✓ Time: 4.44s (4.44 ms/query)
  ✓ QPS: 225.10

📊 Average Results:
  Time: 4.39s
  QPS: 227.60

============================================================
MySQL Benchmark: users - INSERT (batch: 1000)
============================================================

Trial 1/3:
  Running 1000 queries...
  ✓ Time: 0.14s (0.14 ms/query)
  ✓ QPS: 7062.86

Trial 2/3:
  Running 1000 queries...
  ✓ Time: 0.11s (0.11 ms/query)
  ✓ QPS: 8953.29

Trial 3/3:
  Running 1000 queries...
  ✓ Time: 0.11s (0.11 ms/query)
  ✓ QPS: 8949.62

📊 Average Results:
  Time: 0.12s
  QPS: 8321.92

============================================================
MySQL Benchmark: categories - INSERT (batch: 1000)
============================================================

Trial 1/3:
  Running 1000 queries...
  ✓ Time: 0.12s (0.12 ms/query)
  ✓ QPS: 8408.14

Trial 2/3:
  Running 1000 queries...
  ✓ Time: 0.12s (0.12 ms/query)
  ✓ QPS: 8463.97

Trial 3/3:
  Running 1000 queries...
  ✓ Time: 0.12s (0.12 ms/query)
  ✓ QPS: 8027.26

📊 Average Results:
  Time: 0.12s
  QPS: 8299.79

============================================================
MySQL Benchmark: products - INSERT (batch: 1000)
============================================================

Trial 1/3:
  Running 1000 queries...
  ✓ Time: 0.12s (0.12 ms/query)
  ✓ QPS: 8222.18

Trial 2/3:
  Running 1000 queries...
  ✓ Time: 0.13s (0.13 ms/query)
  ✓ QPS: 7855.98

Trial 3/3:
  Running 1000 queries...
  ✓ Time: 0.13s (0.13 ms/query)
  ✓ QPS: 7883.90

📊 Average Results:
  Time: 0.12s
  QPS: 7987.36

============================================================
MySQL Benchmark: addresses - INSERT (batch: 1000)
============================================================

Trial 1/3:
  Running 1000 queries...
  ✓ Time: 0.13s (0.13 ms/query)
  ✓ QPS: 7845.11

Trial 2/3:
  Running 1000 queries...
  ✓ Time: 0.13s (0.13 ms/query)
  ✓ QPS: 7893.17

Trial 3/3:
  Running 1000 queries...
  ✓ Time: 0.12s (0.12 ms/query)
  ✓ QPS: 8131.50

📊 Average Results:
  Time: 0.12s
  QPS: 7956.59

============================================================
MySQL Benchmark: orders - INSERT (batch: 1000)
============================================================

Trial 1/3:
  Running 1000 queries...
  ✓ Time: 0.12s (0.12 ms/query)
  ✓ QPS: 8323.72

Trial 2/3:
  Running 1000 queries...
  ✓ Time: 0.13s (0.13 ms/query)
  ✓ QPS: 7470.79

Trial 3/3:
  Running 1000 queries...
  ✓ Time: 0.13s (0.13 ms/query)
  ✓ QPS: 7544.93

📊 Average Results:
  Time: 0.13s
  QPS: 7779.81

============================================================
MySQL Benchmark: users - UPDATE (batch: 1000)
============================================================

Trial 1/3:
  Running 1000 queries...
  ✓ Time: 0.71s (0.71 ms/query)
  ✓ QPS: 1403.91

Trial 2/3:
  Running 1000 queries...
  ✓ Time: 0.13s (0.12 ms/query)
  ✓ QPS: 7944.08

Trial 3/3:
  Running 1000 queries...
  ✓ Time: 0.12s (0.12 ms/query)
  ✓ QPS: 8359.30

📊 Average Results:
  Time: 0.32s
  QPS: 5902.43

============================================================
MySQL Benchmark: categories - UPDATE (batch: 1000)
============================================================

Trial 1/3:
  Running 1000 queries...
  ✓ Time: 0.25s (0.24 ms/query)
  ✓ QPS: 4068.12

Trial 2/3:
  Running 1000 queries...
  ✓ Time: 0.12s (0.12 ms/query)
  ✓ QPS: 8446.67

Trial 3/3:
  Running 1000 queries...
  ✓ Time: 0.12s (0.12 ms/query)
  ✓ QPS: 8342.29

📊 Average Results:
  Time: 0.16s
  QPS: 6952.36

============================================================
MySQL Benchmark: products - UPDATE (batch: 1000)
============================================================

Trial 1/3:
  Running 1000 queries...
  ✓ Time: 0.77s (0.77 ms/query)
  ✓ QPS: 1300.11

Trial 2/3:
  Running 1000 queries...
  ✓ Time: 0.13s (0.13 ms/query)
  ✓ QPS: 7905.05

Trial 3/3:
  Running 1000 queries...
  ✓ Time: 0.12s (0.12 ms/query)
  ✓ QPS: 8072.65

📊 Average Results:
  Time: 0.34s
  QPS: 5759.27

============================================================
MySQL Benchmark: addresses - UPDATE (batch: 1000)
============================================================

Trial 1/3:
  Running 1000 queries...
  ✓ Time: 0.82s (0.82 ms/query)
  ✓ QPS: 1215.34

Trial 2/3:
  Running 1000 queries...
  ✓ Time: 0.13s (0.13 ms/query)
  ✓ QPS: 7904.11

Trial 3/3:
  Running 1000 queries...
  ✓ Time: 0.12s (0.12 ms/query)
  ✓ QPS: 8121.50

📊 Average Results:
  Time: 0.36s
  QPS: 5746.98

============================================================
MySQL Benchmark: orders - UPDATE (batch: 1000)
============================================================

Trial 1/3:
  Running 1000 queries...
  ✓ Time: 0.72s (0.72 ms/query)
  ✓ QPS: 1385.32

Trial 2/3:
  Running 1000 queries...
  ✓ Time: 0.13s (0.12 ms/query)
  ✓ QPS: 7950.32

Trial 3/3:
  Running 1000 queries...
  ✓ Time: 0.12s (0.12 ms/query)
  ✓ QPS: 8388.89

📊 Average Results:
  Time: 0.32s
  QPS: 5908.18

============================================================
MySQL Benchmark: users - DELETE (batch: 1000)
============================================================

Trial 1/3:
  Running 1000 queries...
  ✓ Time: 0.68s (0.68 ms/query)
  ✓ QPS: 1470.38

Trial 2/3:
  Running 1000 queries...
  ✓ Time: 0.12s (0.12 ms/query)
  ✓ QPS: 8257.25

Trial 3/3:
  Running 1000 queries...
  ✓ Time: 0.11s (0.11 ms/query)
  ✓ QPS: 8744.83

📊 Average Results:
  Time: 0.30s
  QPS: 6157.48

============================================================
MySQL Benchmark: categories - DELETE (batch: 1000)
============================================================

Trial 1/3:
  Running 1000 queries...
  ✓ Time: 0.23s (0.23 ms/query)
  ✓ QPS: 4395.67

Trial 2/3:
  Running 1000 queries...
  ✓ Time: 0.11s (0.11 ms/query)
  ✓ QPS: 8775.24

Trial 3/3:
  Running 1000 queries...
  ✓ Time: 0.11s (0.11 ms/query)
  ✓ QPS: 8782.80

📊 Average Results:
  Time: 0.15s
  QPS: 7317.90

============================================================
MySQL Benchmark: products - DELETE (batch: 1000)
============================================================

Trial 1/3:
  Running 1000 queries...
  ✓ Time: 0.71s (0.71 ms/query)
  ✓ QPS: 1413.66

Trial 2/3:
  Running 1000 queries...
  ✓ Time: 0.12s (0.12 ms/query)
  ✓ QPS: 8283.21

Trial 3/3:
  Running 1000 queries...
  ✓ Time: 0.11s (0.11 ms/query)
  ✓ QPS: 8744.11

📊 Average Results:
  Time: 0.31s
  QPS: 6146.99

============================================================
MySQL Benchmark: addresses - DELETE (batch: 1000)
============================================================

Trial 1/3:
  Running 1000 queries...
  ✓ Time: 0.78s (0.78 ms/query)
  ✓ QPS: 1284.06

Trial 2/3:
  Running 1000 queries...
  ✓ Time: 0.12s (0.12 ms/query)
  ✓ QPS: 8314.25

Trial 3/3:
  Running 1000 queries...
  ✓ Time: 0.12s (0.12 ms/query)
  ✓ QPS: 8391.47

📊 Average Results:
  Time: 0.34s
  QPS: 5996.59

============================================================
MySQL Benchmark: orders - DELETE (batch: 1000)
============================================================

Trial 1/3:
  Running 1000 queries...
  ✓ Time: 0.70s (0.70 ms/query)
  ✓ QPS: 1421.65

Trial 2/3:
  Running 1000 queries...
  ✓ Time: 0.13s (0.13 ms/query)
  ✓ QPS: 7624.28

Trial 3/3:
  Running 1000 queries...
  ✓ Time: 0.12s (0.12 ms/query)
  ✓ QPS: 8432.26

📊 Average Results:
  Time: 0.32s
  QPS: 5826.06
  Phase B: WITH indexes
✓ MySQL tables truncated
  ✓ Loaded 200 rows from queries/categories_sql_insert.sql
  ✓ Loaded 500000 rows from queries/users_sql_insert.sql
  ✓ Loaded 500000 rows from queries/addresses_sql_insert.sql
  ✓ Loaded 100000 rows from queries/products_sql_insert.sql
  ✓ Loaded 500000 rows from queries/orders_sql_insert.sql
✓ Indexes created (and ANALYZE run)

============================================================
MySQL Benchmark: users - SELECT (batch: 10000)
============================================================

Trial 1/3:
  Running 10000 queries...
  ✓ Time: 2.97s (0.30 ms/query)
  ✓ QPS: 3372.49

Trial 2/3:
  Running 10000 queries...
  ✓ Time: 2.87s (0.29 ms/query)
  ✓ QPS: 3489.88

Trial 3/3:
  Running 10000 queries...
  ✓ Time: 3.21s (0.32 ms/query)
  ✓ QPS: 3117.22

📊 Average Results:
  Time: 3.01s
  QPS: 3326.53

============================================================
MySQL Benchmark: categories - SELECT (batch: 10000)
============================================================

Trial 1/3:
  Running 10000 queries...
  ✓ Time: 1.38s (0.14 ms/query)
  ✓ QPS: 7235.20

Trial 2/3:
  Running 10000 queries...
  ✓ Time: 1.38s (0.14 ms/query)
  ✓ QPS: 7228.53

Trial 3/3:
  Running 10000 queries...
  ✓ Time: 1.45s (0.15 ms/query)
  ✓ QPS: 6887.42

📊 Average Results:
  Time: 1.41s
  QPS: 7117.05

============================================================
MySQL Benchmark: products - SELECT (batch: 10000)
============================================================

Trial 1/3:
  Running 10000 queries...
  ✓ Time: 2.97s (0.30 ms/query)
  ✓ QPS: 3364.85

Trial 2/3:
  Running 10000 queries...
  ✓ Time: 2.85s (0.28 ms/query)
  ✓ QPS: 3513.50

Trial 3/3:
  Running 10000 queries...
  ✓ Time: 2.97s (0.30 ms/query)
  ✓ QPS: 3370.78

📊 Average Results:
  Time: 2.93s
  QPS: 3416.38

============================================================
MySQL Benchmark: addresses - SELECT (batch: 10000)
============================================================

Trial 1/3:
  Running 10000 queries...
  ✓ Time: 1.59s (0.16 ms/query)
  ✓ QPS: 6299.92

Trial 2/3:
  Running 10000 queries...
  ✓ Time: 1.59s (0.16 ms/query)
  ✓ QPS: 6276.33

Trial 3/3:
  Running 10000 queries...
  ✓ Time: 1.57s (0.16 ms/query)
  ✓ QPS: 6369.85

📊 Average Results:
  Time: 1.58s
  QPS: 6315.37

============================================================
MySQL Benchmark: orders - SELECT (batch: 10000)
============================================================

Trial 1/3:
  Running 10000 queries...
  ✓ Time: 3.17s (0.32 ms/query)
  ✓ QPS: 3154.34

Trial 2/3:
  Running 10000 queries...
  ✓ Time: 3.25s (0.33 ms/query)
  ✓ QPS: 3073.09

Trial 3/3:
  Running 10000 queries...
  ✓ Time: 3.12s (0.31 ms/query)
  ✓ QPS: 3201.19

📊 Average Results:
  Time: 3.18s
  QPS: 3142.87

============================================================
MySQL Benchmark: users - INSERT (batch: 10000)
============================================================

Trial 1/3:
  Running 10000 queries...
  ✓ Time: 1.37s (0.14 ms/query)
  ✓ QPS: 7282.01

Trial 2/3:
  Running 10000 queries...
  ✓ Time: 1.27s (0.13 ms/query)
  ✓ QPS: 7883.94

Trial 3/3:
  Running 10000 queries...
  ✓ Time: 1.23s (0.12 ms/query)
  ✓ QPS: 8156.88

📊 Average Results:
  Time: 1.29s
  QPS: 7774.27

============================================================
MySQL Benchmark: categories - INSERT (batch: 10000)
============================================================

Trial 1/3:
  Running 10000 queries...
  ✓ Time: 1.23s (0.12 ms/query)
  ✓ QPS: 8140.08

Trial 2/3:
  Running 10000 queries...
  ✓ Time: 1.21s (0.12 ms/query)
  ✓ QPS: 8250.89

Trial 3/3:
  Running 10000 queries...
  ✓ Time: 1.23s (0.12 ms/query)
  ✓ QPS: 8148.74

📊 Average Results:
  Time: 1.22s
  QPS: 8179.90

============================================================
MySQL Benchmark: products - INSERT (batch: 10000)
============================================================

Trial 1/3:
  Running 10000 queries...
  ✓ Time: 1.26s (0.13 ms/query)
  ✓ QPS: 7913.25

Trial 2/3:
  Running 10000 queries...
  ✓ Time: 1.21s (0.12 ms/query)
  ✓ QPS: 8279.39

Trial 3/3:
  Running 10000 queries...
  ✓ Time: 1.21s (0.12 ms/query)
  ✓ QPS: 8283.94

📊 Average Results:
  Time: 1.23s
  QPS: 8158.86

============================================================
MySQL Benchmark: addresses - INSERT (batch: 10000)
============================================================

Trial 1/3:
  Running 10000 queries...
  ✓ Time: 1.29s (0.13 ms/query)
  ✓ QPS: 7731.63

Trial 2/3:
  Running 10000 queries...
  ✓ Time: 1.33s (0.13 ms/query)
  ✓ QPS: 7528.25

Trial 3/3:
  Running 10000 queries...
  ✓ Time: 1.26s (0.13 ms/query)
  ✓ QPS: 7967.52

📊 Average Results:
  Time: 1.29s
  QPS: 7742.46

============================================================
MySQL Benchmark: orders - INSERT (batch: 10000)
============================================================

Trial 1/3:
  Running 10000 queries...
  ✓ Time: 1.25s (0.12 ms/query)
  ✓ QPS: 8012.57

Trial 2/3:
  Running 10000 queries...
  ✓ Time: 1.23s (0.12 ms/query)
  ✓ QPS: 8102.11

Trial 3/3:
  Running 10000 queries...
  ✓ Time: 1.26s (0.13 ms/query)
  ✓ QPS: 7915.89

📊 Average Results:
  Time: 1.25s
  QPS: 8010.19

============================================================
MySQL Benchmark: users - UPDATE (batch: 10000)
============================================================

Trial 1/3:
  Running 10000 queries...
  ✓ Time: 8.10s (0.81 ms/query)
  ✓ QPS: 1235.14

Trial 2/3:
  Running 10000 queries...
  ✓ Time: 1.23s (0.12 ms/query)
  ✓ QPS: 8154.66

Trial 3/3:
  Running 10000 queries...
  ✓ Time: 1.21s (0.12 ms/query)
  ✓ QPS: 8237.29

📊 Average Results:
  Time: 3.51s
  QPS: 5875.70

============================================================
MySQL Benchmark: categories - UPDATE (batch: 10000)
============================================================

Trial 1/3:
  Running 10000 queries...
  ✓ Time: 1.48s (0.15 ms/query)
  ✓ QPS: 6749.80

Trial 2/3:
  Running 10000 queries...
  ✓ Time: 1.34s (0.13 ms/query)
  ✓ QPS: 7467.31

Trial 3/3:
  Running 10000 queries...
  ✓ Time: 1.24s (0.12 ms/query)
  ✓ QPS: 8036.85

📊 Average Results:
  Time: 1.35s
  QPS: 7417.99

============================================================
MySQL Benchmark: products - UPDATE (batch: 10000)
============================================================

Trial 1/3:
  Running 10000 queries...
  ✓ Time: 8.40s (0.84 ms/query)
  ✓ QPS: 1189.79

Trial 2/3:
  Running 10000 queries...
  ✓ Time: 1.24s (0.12 ms/query)
  ✓ QPS: 8087.70

Trial 3/3:
  Running 10000 queries...
  ✓ Time: 1.19s (0.12 ms/query)
  ✓ QPS: 8430.45

📊 Average Results:
  Time: 3.61s
  QPS: 5902.65

============================================================
MySQL Benchmark: addresses - UPDATE (batch: 10000)
============================================================

Trial 1/3:
  Running 10000 queries...
  ✓ Time: 7.65s (0.76 ms/query)
  ✓ QPS: 1307.77

Trial 2/3:
  Running 10000 queries...
  ✓ Time: 1.28s (0.13 ms/query)
  ✓ QPS: 7799.61

Trial 3/3:
  Running 10000 queries...
  ✓ Time: 1.32s (0.13 ms/query)
  ✓ QPS: 7586.32

📊 Average Results:
  Time: 3.42s
  QPS: 5564.57

============================================================
MySQL Benchmark: orders - UPDATE (batch: 10000)
============================================================

Trial 1/3:
  Running 10000 queries...
  ✓ Time: 9.13s (0.91 ms/query)
  ✓ QPS: 1095.86

Trial 2/3:
  Running 10000 queries...
  ✓ Time: 1.22s (0.12 ms/query)
  ✓ QPS: 8211.47

Trial 3/3:
  Running 10000 queries...
  ✓ Time: 1.24s (0.12 ms/query)
  ✓ QPS: 8092.44

📊 Average Results:
  Time: 3.86s
  QPS: 5799.93

============================================================
MySQL Benchmark: users - DELETE (batch: 10000)
============================================================

Trial 1/3:
  Running 10000 queries...
  ✓ Time: 9.32s (0.93 ms/query)
  ✓ QPS: 1073.18

Trial 2/3:
  Running 10000 queries...
  ✓ Time: 1.40s (0.14 ms/query)
  ✓ QPS: 7139.62

Trial 3/3:
  Running 10000 queries...
  ✓ Time: 1.38s (0.14 ms/query)
  ✓ QPS: 7220.52

📊 Average Results:
  Time: 4.03s
  QPS: 5144.44

============================================================
MySQL Benchmark: categories - DELETE (batch: 10000)
============================================================

Trial 1/3:
  Running 10000 queries...
  ✓ Time: 1.55s (0.16 ms/query)
  ✓ QPS: 6444.26

Trial 2/3:
  Running 10000 queries...
  ✓ Time: 1.18s (0.12 ms/query)
  ✓ QPS: 8467.15

Trial 3/3:
  Running 10000 queries...
  ✓ Time: 1.22s (0.12 ms/query)
  ✓ QPS: 8193.48

📊 Average Results:
  Time: 1.32s
  QPS: 7701.63

============================================================
MySQL Benchmark: products - DELETE (batch: 10000)
============================================================

Trial 1/3:
  Running 10000 queries...
  ✓ Time: 7.38s (0.74 ms/query)
  ✓ QPS: 1354.16

Trial 2/3:
  Running 10000 queries...
  ✓ Time: 1.27s (0.13 ms/query)
  ✓ QPS: 7856.84

Trial 3/3:
  Running 10000 queries...
  ✓ Time: 1.13s (0.11 ms/query)
  ✓ QPS: 8844.76

📊 Average Results:
  Time: 3.26s
  QPS: 6018.59

============================================================
MySQL Benchmark: addresses - DELETE (batch: 10000)
============================================================

Trial 1/3:
  Running 10000 queries...
  ✓ Time: 7.41s (0.74 ms/query)
  ✓ QPS: 1350.28

Trial 2/3:
  Running 10000 queries...
  ✓ Time: 1.18s (0.12 ms/query)
  ✓ QPS: 8482.03

Trial 3/3:
  Running 10000 queries...
  ✓ Time: 1.17s (0.12 ms/query)
  ✓ QPS: 8551.65

📊 Average Results:
  Time: 3.25s
  QPS: 6127.99

============================================================
MySQL Benchmark: orders - DELETE (batch: 10000)
============================================================

Trial 1/3:
  Running 10000 queries...
  ✓ Time: 8.09s (0.81 ms/query)
  ✓ QPS: 1235.39

Trial 2/3:
  Running 10000 queries...
  ✓ Time: 1.18s (0.12 ms/query)
  ✓ QPS: 8483.27

Trial 3/3:
  Running 10000 queries...
  ✓ Time: 1.17s (0.12 ms/query)
  ✓ QPS: 8576.91

📊 Average Results:
  Time: 3.48s
  QPS: 6098.52
✓ Indexes dropped

▶ MySQL @ scale=1000000
  Phase A: SKIPPED (only runs at smallest scale=500000)
  Phase B: WITH indexes
✓ MySQL tables truncated
  ✓ Loaded 200 rows from queries/categories_sql_insert.sql
  ✓ Loaded 1000000 rows from queries/users_sql_insert.sql
  ✓ Loaded 1000000 rows from queries/addresses_sql_insert.sql
  ✓ Loaded 100000 rows from queries/products_sql_insert.sql
  ✓ Loaded 1000000 rows from queries/orders_sql_insert.sql
✓ Indexes created (and ANALYZE run)

============================================================
MySQL Benchmark: users - SELECT (batch: 10000)
============================================================

Trial 1/3:
  Running 10000 queries...
  ✓ Time: 2.89s (0.29 ms/query)
  ✓ QPS: 3458.83

Trial 2/3:
  Running 10000 queries...
  ✓ Time: 2.86s (0.29 ms/query)
  ✓ QPS: 3502.04

Trial 3/3:
  Running 10000 queries...
  ✓ Time: 2.86s (0.29 ms/query)
  ✓ QPS: 3498.07

📊 Average Results:
  Time: 2.87s
  QPS: 3486.31

============================================================
MySQL Benchmark: categories - SELECT (batch: 10000)
============================================================

Trial 1/3:
  Running 10000 queries...
  ✓ Time: 1.36s (0.14 ms/query)
  ✓ QPS: 7352.55

Trial 2/3:
  Running 10000 queries...
  ✓ Time: 1.37s (0.14 ms/query)
  ✓ QPS: 7325.59

Trial 3/3:
  Running 10000 queries...
  ✓ Time: 1.33s (0.13 ms/query)
  ✓ QPS: 7519.40

📊 Average Results:
  Time: 1.35s
  QPS: 7399.18

============================================================
MySQL Benchmark: products - SELECT (batch: 10000)
============================================================

Trial 1/3:
  Running 10000 queries...
  ✓ Time: 2.78s (0.28 ms/query)
  ✓ QPS: 3592.76

Trial 2/3:
  Running 10000 queries...
  ✓ Time: 2.84s (0.28 ms/query)
  ✓ QPS: 3517.03

Trial 3/3:
  Running 10000 queries...
  ✓ Time: 2.96s (0.30 ms/query)
  ✓ QPS: 3381.16

📊 Average Results:
  Time: 2.86s
  QPS: 3496.98

============================================================
MySQL Benchmark: addresses - SELECT (batch: 10000)
============================================================

Trial 1/3:
  Running 10000 queries...
  ✓ Time: 1.73s (0.17 ms/query)
  ✓ QPS: 5767.55

Trial 2/3:
  Running 10000 queries...
  ✓ Time: 1.63s (0.16 ms/query)
  ✓ QPS: 6139.25

Trial 3/3:
  Running 10000 queries...
  ✓ Time: 1.60s (0.16 ms/query)
  ✓ QPS: 6233.04

📊 Average Results:
  Time: 1.66s
  QPS: 6046.61

============================================================
MySQL Benchmark: orders - SELECT (batch: 10000)
============================================================

Trial 1/3:
  Running 10000 queries...
  ✓ Time: 3.11s (0.31 ms/query)
  ✓ QPS: 3214.23

Trial 2/3:
  Running 10000 queries...
  ✓ Time: 3.16s (0.32 ms/query)
  ✓ QPS: 3165.53

Trial 3/3:
  Running 10000 queries...
  ✓ Time: 3.12s (0.31 ms/query)
  ✓ QPS: 3208.49

📊 Average Results:
  Time: 3.13s
  QPS: 3196.08

============================================================
MySQL Benchmark: users - INSERT (batch: 10000)
============================================================

Trial 1/3:
  Running 10000 queries...
  ✓ Time: 1.21s (0.12 ms/query)
  ✓ QPS: 8270.46

Trial 2/3:
  Running 10000 queries...
  ✓ Time: 1.20s (0.12 ms/query)
  ✓ QPS: 8355.23

Trial 3/3:
  Running 10000 queries...
  ✓ Time: 1.20s (0.12 ms/query)
  ✓ QPS: 8351.68

📊 Average Results:
  Time: 1.20s
  QPS: 8325.79

============================================================
MySQL Benchmark: categories - INSERT (batch: 10000)
============================================================

Trial 1/3:
  Running 10000 queries...
  ✓ Time: 1.19s (0.12 ms/query)
  ✓ QPS: 8389.71

Trial 2/3:
  Running 10000 queries...
  ✓ Time: 1.18s (0.12 ms/query)
  ✓ QPS: 8450.60

Trial 3/3:
  Running 10000 queries...
  ✓ Time: 1.20s (0.12 ms/query)
  ✓ QPS: 8332.52

📊 Average Results:
  Time: 1.19s
  QPS: 8390.94

============================================================
MySQL Benchmark: products - INSERT (batch: 10000)
============================================================

Trial 1/3:
  Running 10000 queries...
  ✓ Time: 1.21s (0.12 ms/query)
  ✓ QPS: 8241.18

Trial 2/3:
  Running 10000 queries...
  ✓ Time: 1.22s (0.12 ms/query)
  ✓ QPS: 8171.94

Trial 3/3:
  Running 10000 queries...
  ✓ Time: 1.19s (0.12 ms/query)
  ✓ QPS: 8368.21

📊 Average Results:
  Time: 1.21s
  QPS: 8260.44

============================================================
MySQL Benchmark: addresses - INSERT (batch: 10000)
============================================================

Trial 1/3:
  Running 10000 queries...
  ✓ Time: 1.20s (0.12 ms/query)
  ✓ QPS: 8360.05

Trial 2/3:
  Running 10000 queries...
  ✓ Time: 1.18s (0.12 ms/query)
  ✓ QPS: 8465.61

Trial 3/3:
  Running 10000 queries...
  ✓ Time: 1.20s (0.12 ms/query)
  ✓ QPS: 8333.48

📊 Average Results:
  Time: 1.19s
  QPS: 8386.38

============================================================
MySQL Benchmark: orders - INSERT (batch: 10000)
============================================================

Trial 1/3:
  Running 10000 queries...
  ✓ Time: 1.21s (0.12 ms/query)
  ✓ QPS: 8298.53

Trial 2/3:
  Running 10000 queries...
  ✓ Time: 1.20s (0.12 ms/query)
  ✓ QPS: 8325.95

Trial 3/3:
  Running 10000 queries...
  ✓ Time: 1.21s (0.12 ms/query)
  ✓ QPS: 8236.65

📊 Average Results:
  Time: 1.21s
  QPS: 8287.04

============================================================
MySQL Benchmark: users - UPDATE (batch: 10000)
============================================================

Trial 1/3:
  Running 10000 queries...
  ✓ Time: 6.10s (0.61 ms/query)
  ✓ QPS: 1639.01

Trial 2/3:
  Running 10000 queries...
  ✓ Time: 1.18s (0.12 ms/query)
  ✓ QPS: 8453.85

Trial 3/3:
  Running 10000 queries...
  ✓ Time: 1.17s (0.12 ms/query)
  ✓ QPS: 8513.32

📊 Average Results:
  Time: 2.82s
  QPS: 6202.06

============================================================
MySQL Benchmark: categories - UPDATE (batch: 10000)
============================================================

Trial 1/3:
  Running 10000 queries...
  ✓ Time: 1.24s (0.12 ms/query)
  ✓ QPS: 8072.90

Trial 2/3:
  Running 10000 queries...
  ✓ Time: 1.15s (0.12 ms/query)
  ✓ QPS: 8689.35

Trial 3/3:
  Running 10000 queries...
  ✓ Time: 1.20s (0.12 ms/query)
  ✓ QPS: 8362.83

📊 Average Results:
  Time: 1.19s
  QPS: 8375.03

============================================================
MySQL Benchmark: products - UPDATE (batch: 10000)
============================================================

Trial 1/3:
  Running 10000 queries...
  ✓ Time: 6.52s (0.65 ms/query)
  ✓ QPS: 1533.46

Trial 2/3:
  Running 10000 queries...
  ✓ Time: 1.16s (0.12 ms/query)
  ✓ QPS: 8605.87

Trial 3/3:
  Running 10000 queries...
  ✓ Time: 1.15s (0.12 ms/query)
  ✓ QPS: 8682.07

📊 Average Results:
  Time: 2.94s
  QPS: 6273.80

============================================================
MySQL Benchmark: addresses - UPDATE (batch: 10000)
============================================================

Trial 1/3:
  Running 10000 queries...
  ✓ Time: 8.05s (0.80 ms/query)
  ✓ QPS: 1242.43

Trial 2/3:
  Running 10000 queries...
  ✓ Time: 1.19s (0.12 ms/query)
  ✓ QPS: 8409.91

Trial 3/3:
  Running 10000 queries...
  ✓ Time: 1.17s (0.12 ms/query)
  ✓ QPS: 8548.43

📊 Average Results:
  Time: 3.47s
  QPS: 6066.92

============================================================
MySQL Benchmark: orders - UPDATE (batch: 10000)
============================================================

Trial 1/3:
  Running 10000 queries...
  ✓ Time: 8.18s (0.82 ms/query)
  ✓ QPS: 1221.75

Trial 2/3:
  Running 10000 queries...
  ✓ Time: 1.16s (0.12 ms/query)
  ✓ QPS: 8594.75

Trial 3/3:
  Running 10000 queries...
  ✓ Time: 1.18s (0.12 ms/query)
  ✓ QPS: 8465.97

📊 Average Results:
  Time: 3.51s
  QPS: 6094.16

============================================================
MySQL Benchmark: users - DELETE (batch: 10000)
============================================================

Trial 1/3:
  Running 10000 queries...
  ✓ Time: 7.33s (0.73 ms/query)
  ✓ QPS: 1363.87

Trial 2/3:
  Running 10000 queries...
  ✓ Time: 1.14s (0.11 ms/query)
  ✓ QPS: 8736.74

Trial 3/3:
  Running 10000 queries...
  ✓ Time: 1.15s (0.11 ms/query)
  ✓ QPS: 8700.80

📊 Average Results:
  Time: 3.21s
  QPS: 6267.14

============================================================
MySQL Benchmark: categories - DELETE (batch: 10000)
============================================================

Trial 1/3:
  Running 10000 queries...
  ✓ Time: 1.22s (0.12 ms/query)
  ✓ QPS: 8184.60

Trial 2/3:
  Running 10000 queries...
  ✓ Time: 1.12s (0.11 ms/query)
  ✓ QPS: 8912.94

Trial 3/3:
  Running 10000 queries...
  ✓ Time: 1.15s (0.11 ms/query)
  ✓ QPS: 8728.50

📊 Average Results:
  Time: 1.16s
  QPS: 8608.68

============================================================
MySQL Benchmark: products - DELETE (batch: 10000)
============================================================

Trial 1/3:
  Running 10000 queries...
  ✓ Time: 6.03s (0.60 ms/query)
  ✓ QPS: 1657.38

Trial 2/3:
  Running 10000 queries...
  ✓ Time: 1.16s (0.12 ms/query)
  ✓ QPS: 8634.46

Trial 3/3:
  Running 10000 queries...
  ✓ Time: 1.15s (0.12 ms/query)
  ✓ QPS: 8677.30

📊 Average Results:
  Time: 2.78s
  QPS: 6323.04

============================================================
MySQL Benchmark: addresses - DELETE (batch: 10000)
============================================================

Trial 1/3:
  Running 10000 queries...
  ✓ Time: 7.36s (0.74 ms/query)
  ✓ QPS: 1358.06

Trial 2/3:
  Running 10000 queries...
  ✓ Time: 1.17s (0.12 ms/query)
  ✓ QPS: 8564.69

Trial 3/3:
  Running 10000 queries...
  ✓ Time: 1.13s (0.11 ms/query)
  ✓ QPS: 8859.36

📊 Average Results:
  Time: 3.22s
  QPS: 6260.70

============================================================
MySQL Benchmark: orders - DELETE (batch: 10000)
============================================================

Trial 1/3:
  Running 10000 queries...
  ✓ Time: 7.65s (0.77 ms/query)
  ✓ QPS: 1307.04

Trial 2/3:
  Running 10000 queries...
  ✓ Time: 1.18s (0.12 ms/query)
  ✓ QPS: 8460.97

Trial 3/3:
  Running 10000 queries...
  ✓ Time: 1.15s (0.12 ms/query)
  ✓ QPS: 8678.74

📊 Average Results:
  Time: 3.33s
  QPS: 6148.92
✓ Indexes dropped

▶ MySQL @ scale=10000000
  Phase A: SKIPPED (only runs at smallest scale=500000)
  Phase B: WITH indexes
✓ MySQL tables truncated
  ✓ Loaded 200 rows from queries/categories_sql_insert.sql
  ✓ Loaded 10000000 rows from queries/users_sql_insert.sql
  ✓ Loaded 10000000 rows from queries/addresses_sql_insert.sql
  ✓ Loaded 100000 rows from queries/products_sql_insert.sql
  ✓ Loaded 10000000 rows from queries/orders_sql_insert.sql
✓ Indexes created (and ANALYZE run)
  Collecting EXPLAIN plans (with_index=true)...

============================================================
MySQL Benchmark: users - SELECT (batch: 10000)
============================================================

Trial 1/3:
  Running 10000 queries...
  ✓ Time: 2.85s (0.28 ms/query)
  ✓ QPS: 3510.66

Trial 2/3:
  Running 10000 queries...
  ✓ Time: 2.84s (0.28 ms/query)
  ✓ QPS: 3527.19

Trial 3/3:
  Running 10000 queries...
  ✓ Time: 2.84s (0.28 ms/query)
  ✓ QPS: 3525.29

📊 Average Results:
  Time: 2.84s
  QPS: 3521.05

============================================================
MySQL Benchmark: categories - SELECT (batch: 10000)
============================================================

Trial 1/3:
  Running 10000 queries...
  ✓ Time: 1.37s (0.14 ms/query)
  ✓ QPS: 7317.09

Trial 2/3:
  Running 10000 queries...
  ✓ Time: 1.37s (0.14 ms/query)
  ✓ QPS: 7306.65

Trial 3/3:
  Running 10000 queries...
  ✓ Time: 1.38s (0.14 ms/query)
  ✓ QPS: 7239.08

📊 Average Results:
  Time: 1.37s
  QPS: 7287.61

============================================================
MySQL Benchmark: products - SELECT (batch: 10000)
============================================================

Trial 1/3:
  Running 10000 queries...
  ✓ Time: 2.77s (0.28 ms/query)
  ✓ QPS: 3613.36

Trial 2/3:
  Running 10000 queries...
  ✓ Time: 2.91s (0.29 ms/query)
  ✓ QPS: 3441.27

Trial 3/3:
  Running 10000 queries...
  ✓ Time: 2.87s (0.29 ms/query)
  ✓ QPS: 3479.12

📊 Average Results:
  Time: 2.85s
  QPS: 3511.25

============================================================
MySQL Benchmark: addresses - SELECT (batch: 10000)
============================================================

Trial 1/3:
  Running 10000 queries...
  ✓ Time: 7.50s (0.75 ms/query)
  ✓ QPS: 1334.02

Trial 2/3:
  Running 10000 queries...
  ✓ Time: 4.80s (0.48 ms/query)
  ✓ QPS: 2084.65

Trial 3/3:
  Running 10000 queries...
  ✓ Time: 4.31s (0.43 ms/query)
  ✓ QPS: 2320.18

📊 Average Results:
  Time: 5.53s
  QPS: 1912.95

============================================================
MySQL Benchmark: orders - SELECT (batch: 10000)
============================================================

Trial 1/3:
  Running 10000 queries...
  ✓ Time: 3.13s (0.31 ms/query)
  ✓ QPS: 3197.99

Trial 2/3:
  Running 10000 queries...
  ✓ Time: 3.07s (0.31 ms/query)
  ✓ QPS: 3259.76

Trial 3/3:
  Running 10000 queries...
  ✓ Time: 3.09s (0.31 ms/query)
  ✓ QPS: 3237.74

📊 Average Results:
  Time: 3.09s
  QPS: 3231.83

============================================================
MySQL Benchmark: users - INSERT (batch: 10000)
============================================================

Trial 1/3:
  Running 10000 queries...
  ✓ Time: 1.24s (0.12 ms/query)
  ✓ QPS: 8033.68

Trial 2/3:
  Running 10000 queries...
  ✓ Time: 1.24s (0.12 ms/query)
  ✓ QPS: 8080.89

Trial 3/3:
  Running 10000 queries...
  ✓ Time: 1.20s (0.12 ms/query)
  ✓ QPS: 8359.50

📊 Average Results:
  Time: 1.23s
  QPS: 8158.02

============================================================
MySQL Benchmark: categories - INSERT (batch: 10000)
============================================================

Trial 1/3:
  Running 10000 queries...
  ✓ Time: 1.25s (0.12 ms/query)
  ✓ QPS: 8000.70

Trial 2/3:
  Running 10000 queries...
  ✓ Time: 1.23s (0.12 ms/query)
  ✓ QPS: 8159.70

Trial 3/3:
  Running 10000 queries...
  ✓ Time: 1.23s (0.12 ms/query)
  ✓ QPS: 8148.36

📊 Average Results:
  Time: 1.23s
  QPS: 8102.92

============================================================
MySQL Benchmark: products - INSERT (batch: 10000)
============================================================

Trial 1/3:
  Running 10000 queries...
  ✓ Time: 1.24s (0.12 ms/query)
  ✓ QPS: 8086.41

Trial 2/3:
  Running 10000 queries...
  ✓ Time: 1.22s (0.12 ms/query)
  ✓ QPS: 8224.31

Trial 3/3:
  Running 10000 queries...
  ✓ Time: 1.16s (0.12 ms/query)
  ✓ QPS: 8616.68

📊 Average Results:
  Time: 1.20s
  QPS: 8309.14

============================================================
MySQL Benchmark: addresses - INSERT (batch: 10000)
============================================================

Trial 1/3:
  Running 10000 queries...
  ✓ Time: 1.23s (0.12 ms/query)
  ✓ QPS: 8124.69

Trial 2/3:
  Running 10000 queries...
  ✓ Time: 1.24s (0.12 ms/query)
  ✓ QPS: 8066.20

Trial 3/3:
  Running 10000 queries...
  ✓ Time: 1.24s (0.12 ms/query)
  ✓ QPS: 8072.06

📊 Average Results:
  Time: 1.24s
  QPS: 8087.65

============================================================
MySQL Benchmark: orders - INSERT (batch: 10000)
============================================================

Trial 1/3:
  Running 10000 queries...
  ✓ Time: 1.21s (0.12 ms/query)
  ✓ QPS: 8257.82

Trial 2/3:
  Running 10000 queries...
  ✓ Time: 1.18s (0.12 ms/query)
  ✓ QPS: 8492.27

Trial 3/3:
  Running 10000 queries...
  ✓ Time: 1.18s (0.12 ms/query)
  ✓ QPS: 8458.25

📊 Average Results:
  Time: 1.19s
  QPS: 8402.78

============================================================
MySQL Benchmark: users - UPDATE (batch: 10000)
============================================================

Trial 1/3:
  Running 10000 queries...
  ✓ Time: 7.47s (0.75 ms/query)
  ✓ QPS: 1339.00

Trial 2/3:
  Running 10000 queries...
  ✓ Time: 1.14s (0.11 ms/query)
  ✓ QPS: 8794.62

Trial 3/3:
  Running 10000 queries...
  ✓ Time: 1.21s (0.12 ms/query)
  ✓ QPS: 8275.80

📊 Average Results:
  Time: 3.27s
  QPS: 6136.47

============================================================
MySQL Benchmark: categories - UPDATE (batch: 10000)
============================================================

Trial 1/3:
  Running 10000 queries...
  ✓ Time: 1.33s (0.13 ms/query)
  ✓ QPS: 7527.43

Trial 2/3:
  Running 10000 queries...
  ✓ Time: 1.18s (0.12 ms/query)
  ✓ QPS: 8486.94

Trial 3/3:
  Running 10000 queries...
  ✓ Time: 1.24s (0.12 ms/query)
  ✓ QPS: 8059.01

📊 Average Results:
  Time: 1.25s
  QPS: 8024.46

============================================================
MySQL Benchmark: products - UPDATE (batch: 10000)
============================================================

Trial 1/3:
  Running 10000 queries...
  ✓ Time: 8.03s (0.80 ms/query)
  ✓ QPS: 1245.32

Trial 2/3:
  Running 10000 queries...
  ✓ Time: 1.16s (0.12 ms/query)
  ✓ QPS: 8619.76

Trial 3/3:
  Running 10000 queries...
  ✓ Time: 1.16s (0.12 ms/query)
  ✓ QPS: 8647.46

📊 Average Results:
  Time: 3.45s
  QPS: 6170.85

============================================================
MySQL Benchmark: addresses - UPDATE (batch: 10000)
============================================================

Trial 1/3:
  Running 10000 queries...
  ✓ Time: 7.92s (0.79 ms/query)
  ✓ QPS: 1262.57

Trial 2/3:
  Running 10000 queries...
  ✓ Time: 1.18s (0.12 ms/query)
  ✓ QPS: 8454.97

Trial 3/3:
  Running 10000 queries...
  ✓ Time: 1.19s (0.12 ms/query)
  ✓ QPS: 8405.47

📊 Average Results:
  Time: 3.43s
  QPS: 6041.00

============================================================
MySQL Benchmark: orders - UPDATE (batch: 10000)
============================================================

Trial 1/3:
  Running 10000 queries...
  ✓ Time: 6.12s (0.61 ms/query)
  ✓ QPS: 1634.14

Trial 2/3:
  Running 10000 queries...
  ✓ Time: 1.18s (0.12 ms/query)
  ✓ QPS: 8459.55

Trial 3/3:
  Running 10000 queries...
  ✓ Time: 1.19s (0.12 ms/query)
  ✓ QPS: 8413.57

📊 Average Results:
  Time: 2.83s
  QPS: 6169.08

============================================================
MySQL Benchmark: users - DELETE (batch: 10000)
============================================================

Trial 1/3:
  Running 10000 queries...
  ✓ Time: 7.22s (0.72 ms/query)
  ✓ QPS: 1384.97

Trial 2/3:
  Running 10000 queries...
  ✓ Time: 1.15s (0.11 ms/query)
  ✓ QPS: 8721.84

Trial 3/3:
  Running 10000 queries...
  ✓ Time: 1.14s (0.11 ms/query)
  ✓ QPS: 8762.61

📊 Average Results:
  Time: 3.17s
  QPS: 6289.81

============================================================
MySQL Benchmark: categories - DELETE (batch: 10000)
============================================================

Trial 1/3:
  Running 10000 queries...
  ✓ Time: 1.27s (0.13 ms/query)
  ✓ QPS: 7858.24

Trial 2/3:
  Running 10000 queries...
  ✓ Time: 1.15s (0.12 ms/query)
  ✓ QPS: 8664.41

Trial 3/3:
  Running 10000 queries...
  ✓ Time: 1.14s (0.11 ms/query)
  ✓ QPS: 8798.73

📊 Average Results:
  Time: 1.19s
  QPS: 8440.46

============================================================
MySQL Benchmark: products - DELETE (batch: 10000)
============================================================

Trial 1/3:
  Running 10000 queries...
  ✓ Time: 7.98s (0.80 ms/query)
  ✓ QPS: 1253.50

Trial 2/3:
  Running 10000 queries...
  ✓ Time: 1.14s (0.11 ms/query)
  ✓ QPS: 8739.27

Trial 3/3:
  Running 10000 queries...
  ✓ Time: 1.12s (0.11 ms/query)
  ✓ QPS: 8895.74

📊 Average Results:
  Time: 3.42s
  QPS: 6296.17

============================================================
MySQL Benchmark: addresses - DELETE (batch: 10000)
============================================================

Trial 1/3:
  Running 10000 queries...
  ✓ Time: 8.65s (0.87 ms/query)
  ✓ QPS: 1155.74

Trial 2/3:
  Running 10000 queries...
  ✓ Time: 1.14s (0.11 ms/query)
  ✓ QPS: 8787.76

Trial 3/3:
  Running 10000 queries...
  ✓ Time: 1.15s (0.12 ms/query)
  ✓ QPS: 8673.45

📊 Average Results:
  Time: 3.65s
  QPS: 6205.65

============================================================
MySQL Benchmark: orders - DELETE (batch: 10000)
============================================================

Trial 1/3:
  Running 10000 queries...
  ✓ Time: 6.82s (0.68 ms/query)
  ✓ QPS: 1466.93

Trial 2/3:
  Running 10000 queries...
  ✓ Time: 1.16s (0.12 ms/query)
  ✓ QPS: 8585.82

Trial 3/3:
  Running 10000 queries...
  ✓ Time: 1.19s (0.12 ms/query)
  ✓ QPS: 8395.35

📊 Average Results:
  Time: 3.06s
  QPS: 6149.36
✓ Indexes dropped

============================================================
Starting PostgreSQL Benchmarks
============================================================
✓ Connected to PostgreSQL

▶ PostgreSQL @ scale=500000
  Phase A: WITHOUT indexes
✓ PostgreSQL tables truncated
  ✓ Loaded 200 rows from queries/categories_sql_insert.sql
  ✓ Loaded 500000 rows from queries/users_sql_insert.sql
  ✓ Loaded 500000 rows from queries/addresses_sql_insert.sql
  ✓ Loaded 100000 rows from queries/products_sql_insert.sql
  ✓ Loaded 500000 rows from queries/orders_sql_insert.sql
  Collecting EXPLAIN plans (with_index=false)...

============================================================
PostgreSQL Benchmark: users - SELECT (batch: 1000)
============================================================

Trial 1/3:
  Running 1000 queries...
  ✓ Time: 0.40s (0.40 ms/query)
  ✓ QPS: 2477.84

Trial 2/3:
  Running 1000 queries...
  ✓ Time: 0.40s (0.40 ms/query)
  ✓ QPS: 2475.92

Trial 3/3:
  Running 1000 queries...
  ✓ Time: 0.43s (0.43 ms/query)
  ✓ QPS: 2330.10

📊 Average Results:
  Time: 0.41s
  QPS: 2427.95

============================================================
PostgreSQL Benchmark: categories - SELECT (batch: 1000)
============================================================

Trial 1/3:
  Running 1000 queries...
  ✓ Time: 0.14s (0.14 ms/query)
  ✓ QPS: 6944.11

Trial 2/3:
  Running 1000 queries...
  ✓ Time: 0.14s (0.14 ms/query)
  ✓ QPS: 7304.88

Trial 3/3:
  Running 1000 queries...
  ✓ Time: 0.14s (0.14 ms/query)
  ✓ QPS: 7154.93

📊 Average Results:
  Time: 0.14s
  QPS: 7134.64

============================================================
PostgreSQL Benchmark: products - SELECT (batch: 1000)
============================================================

Trial 1/3:
  Running 1000 queries...
  ✓ Time: 0.69s (0.69 ms/query)
  ✓ QPS: 1448.46

Trial 2/3:
  Running 1000 queries...
  ✓ Time: 0.70s (0.70 ms/query)
  ✓ QPS: 1429.21

Trial 3/3:
  Running 1000 queries...
  ✓ Time: 0.71s (0.71 ms/query)
  ✓ QPS: 1411.24

📊 Average Results:
  Time: 0.70s
  QPS: 1429.64

============================================================
PostgreSQL Benchmark: addresses - SELECT (batch: 1000)
============================================================

Trial 1/3:
  Running 1000 queries...
  ✓ Time: 9.85s (9.85 ms/query)
  ✓ QPS: 101.52

Trial 2/3:
  Running 1000 queries...
  ✓ Time: 9.85s (9.85 ms/query)
  ✓ QPS: 101.50

Trial 3/3:
  Running 1000 queries...
  ✓ Time: 9.81s (9.81 ms/query)
  ✓ QPS: 101.92

📊 Average Results:
  Time: 9.84s
  QPS: 101.65

============================================================
PostgreSQL Benchmark: orders - SELECT (batch: 1000)
============================================================

Trial 1/3:
  Running 1000 queries...
  ✓ Time: 0.79s (0.79 ms/query)
  ✓ QPS: 1262.66

Trial 2/3:
  Running 1000 queries...
  ✓ Time: 0.79s (0.79 ms/query)
  ✓ QPS: 1268.81

Trial 3/3:
  Running 1000 queries...
  ✓ Time: 0.78s (0.78 ms/query)
  ✓ QPS: 1286.85

📊 Average Results:
  Time: 0.79s
  QPS: 1272.77

============================================================
PostgreSQL Benchmark: users - INSERT (batch: 1000)
============================================================

Trial 1/3:
  Running 1000 queries...
  ✓ Time: 0.14s (0.14 ms/query)
  ✓ QPS: 7137.79

Trial 2/3:
  Running 1000 queries...
  ✓ Time: 0.14s (0.14 ms/query)
  ✓ QPS: 7391.27

Trial 3/3:
  Running 1000 queries...
  ✓ Time: 0.13s (0.13 ms/query)
  ✓ QPS: 7447.36

📊 Average Results:
  Time: 0.14s
  QPS: 7325.47

============================================================
PostgreSQL Benchmark: categories - INSERT (batch: 1000)
============================================================

Trial 1/3:
  Running 1000 queries...
  ✓ Time: 0.13s (0.13 ms/query)
  ✓ QPS: 7493.84

Trial 2/3:
  Running 1000 queries...
  ✓ Time: 0.14s (0.14 ms/query)
  ✓ QPS: 7190.02

Trial 3/3:
  Running 1000 queries...
  ✓ Time: 0.13s (0.13 ms/query)
  ✓ QPS: 7620.01

📊 Average Results:
  Time: 0.13s
  QPS: 7434.62

============================================================
PostgreSQL Benchmark: products - INSERT (batch: 1000)
============================================================

Trial 1/3:
  Running 1000 queries...
  ✓ Time: 0.13s (0.13 ms/query)
  ✓ QPS: 7687.40

Trial 2/3:
  Running 1000 queries...
  ✓ Time: 0.14s (0.14 ms/query)
  ✓ QPS: 7188.97

Trial 3/3:
  Running 1000 queries...
  ✓ Time: 0.12s (0.12 ms/query)
  ✓ QPS: 8157.71

📊 Average Results:
  Time: 0.13s
  QPS: 7678.03

============================================================
PostgreSQL Benchmark: addresses - INSERT (batch: 1000)
============================================================

Trial 1/3:
  Running 1000 queries...
  ✓ Time: 0.12s (0.12 ms/query)
  ✓ QPS: 8139.57

Trial 2/3:
  Running 1000 queries...
  ✓ Time: 0.12s (0.12 ms/query)
  ✓ QPS: 8238.92

Trial 3/3:
  Running 1000 queries...
  ✓ Time: 0.13s (0.13 ms/query)
  ✓ QPS: 7715.53

📊 Average Results:
  Time: 0.12s
  QPS: 8031.34

============================================================
PostgreSQL Benchmark: orders - INSERT (batch: 1000)
============================================================

Trial 1/3:
  Running 1000 queries...
  ✓ Time: 0.13s (0.13 ms/query)
  ✓ QPS: 7866.44

Trial 2/3:
  Running 1000 queries...
  ✓ Time: 0.13s (0.13 ms/query)
  ✓ QPS: 7918.55

Trial 3/3:
  Running 1000 queries...
  ✓ Time: 0.13s (0.13 ms/query)
  ✓ QPS: 7718.69

📊 Average Results:
  Time: 0.13s
  QPS: 7834.56

============================================================
PostgreSQL Benchmark: users - UPDATE (batch: 1000)
============================================================

Trial 1/3:
  Running 1000 queries...
  ✓ Time: 0.19s (0.19 ms/query)
  ✓ QPS: 5346.70

Trial 2/3:
  Running 1000 queries...
  ✓ Time: 0.16s (0.16 ms/query)
  ✓ QPS: 6086.23

Trial 3/3:
  Running 1000 queries...
  ✓ Time: 0.15s (0.15 ms/query)
  ✓ QPS: 6675.54

📊 Average Results:
  Time: 0.17s
  QPS: 6036.16

============================================================
PostgreSQL Benchmark: categories - UPDATE (batch: 1000)
============================================================

Trial 1/3:
  Running 1000 queries...
  ✓ Time: 0.19s (0.19 ms/query)
  ✓ QPS: 5270.47

Trial 2/3:
  Running 1000 queries...
  ✓ Time: 0.23s (0.23 ms/query)
  ✓ QPS: 4315.49

Trial 3/3:
  Running 1000 queries...
  ✓ Time: 0.23s (0.23 ms/query)
  ✓ QPS: 4298.21

📊 Average Results:
  Time: 0.22s
  QPS: 4628.06

============================================================
PostgreSQL Benchmark: products - UPDATE (batch: 1000)
============================================================

Trial 1/3:
  Running 1000 queries...
  ✓ Time: 0.22s (0.22 ms/query)
  ✓ QPS: 4501.09

Trial 2/3:
  Running 1000 queries...
  ✓ Time: 0.22s (0.22 ms/query)
  ✓ QPS: 4456.91

Trial 3/3:
  Running 1000 queries...
  ✓ Time: 0.26s (0.26 ms/query)
  ✓ QPS: 3916.31

📊 Average Results:
  Time: 0.23s
  QPS: 4291.44

============================================================
PostgreSQL Benchmark: addresses - UPDATE (batch: 1000)
============================================================

Trial 1/3:
  Running 1000 queries...
  ✓ Time: 0.25s (0.25 ms/query)
  ✓ QPS: 3956.35

Trial 2/3:
  Running 1000 queries...
  ✓ Time: 0.25s (0.25 ms/query)
  ✓ QPS: 3972.43

Trial 3/3:
  Running 1000 queries...
  ✓ Time: 0.25s (0.25 ms/query)
  ✓ QPS: 3970.94

📊 Average Results:
  Time: 0.25s
  QPS: 3966.57

============================================================
PostgreSQL Benchmark: orders - UPDATE (batch: 1000)
============================================================

Trial 1/3:
  Running 1000 queries...
  ✓ Time: 0.26s (0.26 ms/query)
  ✓ QPS: 3888.54

Trial 2/3:
  Running 1000 queries...
  ✓ Time: 0.25s (0.25 ms/query)
  ✓ QPS: 3972.21

Trial 3/3:
  Running 1000 queries...
  ✓ Time: 0.25s (0.25 ms/query)
  ✓ QPS: 3967.56

📊 Average Results:
  Time: 0.25s
  QPS: 3942.77

============================================================
PostgreSQL Benchmark: users - DELETE (batch: 1000)
============================================================

Trial 1/3:
  Running 1000 queries...
  ✓ Time: 0.25s (0.25 ms/query)
  ✓ QPS: 4055.49

Trial 2/3:
  Running 1000 queries...
  ✓ Time: 0.13s (0.13 ms/query)
  ✓ QPS: 7488.15

Trial 3/3:
  Running 1000 queries...
  ✓ Time: 0.13s (0.13 ms/query)
  ✓ QPS: 7896.60

📊 Average Results:
  Time: 0.17s
  QPS: 6480.08

============================================================
PostgreSQL Benchmark: categories - DELETE (batch: 1000)
============================================================

Trial 1/3:
  Running 1000 queries...
  ✓ Time: 0.13s (0.13 ms/query)
  ✓ QPS: 7715.14

Trial 2/3:
  Running 1000 queries...
  ✓ Time: 0.13s (0.13 ms/query)
  ✓ QPS: 7921.25

Trial 3/3:
  Running 1000 queries...
  ✓ Time: 0.13s (0.12 ms/query)
  ✓ QPS: 7967.59

📊 Average Results:
  Time: 0.13s
  QPS: 7867.99

============================================================
PostgreSQL Benchmark: products - DELETE (batch: 1000)
============================================================

Trial 1/3:
  Running 1000 queries...
  ✓ Time: 0.17s (0.17 ms/query)
  ✓ QPS: 5902.49

Trial 2/3:
  Running 1000 queries...
  ✓ Time: 0.12s (0.12 ms/query)
  ✓ QPS: 8329.12

Trial 3/3:
  Running 1000 queries...
  ✓ Time: 0.12s (0.12 ms/query)
  ✓ QPS: 8153.22

📊 Average Results:
  Time: 0.14s
  QPS: 7461.61

============================================================
PostgreSQL Benchmark: addresses - DELETE (batch: 1000)
============================================================

Trial 1/3:
  Running 1000 queries...
  ✓ Time: 0.21s (0.21 ms/query)
  ✓ QPS: 4830.04

Trial 2/3:
  Running 1000 queries...
  ✓ Time: 0.13s (0.13 ms/query)
  ✓ QPS: 7911.99

Trial 3/3:
  Running 1000 queries...
  ✓ Time: 0.13s (0.13 ms/query)
  ✓ QPS: 7733.89

📊 Average Results:
  Time: 0.15s
  QPS: 6825.31

============================================================
PostgreSQL Benchmark: orders - DELETE (batch: 1000)
============================================================

Trial 1/3:
  Running 1000 queries...
  ✓ Time: 0.16s (0.16 ms/query)
  ✓ QPS: 6115.65

Trial 2/3:
  Running 1000 queries...
  ✓ Time: 0.12s (0.12 ms/query)
  ✓ QPS: 8099.48

Trial 3/3:
  Running 1000 queries...
  ✓ Time: 0.13s (0.13 ms/query)
  ✓ QPS: 7918.16

📊 Average Results:
  Time: 0.14s
  QPS: 7377.76
  Phase B: WITH indexes
✓ PostgreSQL tables truncated
  ✓ Loaded 200 rows from queries/categories_sql_insert.sql
  ✓ Loaded 500000 rows from queries/users_sql_insert.sql
  ✓ Loaded 500000 rows from queries/addresses_sql_insert.sql
  ✓ Loaded 100000 rows from queries/products_sql_insert.sql
  ✓ Loaded 500000 rows from queries/orders_sql_insert.sql
✓ Indexes created (and ANALYZE run)

============================================================
PostgreSQL Benchmark: users - SELECT (batch: 10000)
============================================================

Trial 1/3:
  Running 10000 queries...
  ✓ Time: 4.27s (0.43 ms/query)
  ✓ QPS: 2343.59

Trial 2/3:
  Running 10000 queries...
  ✓ Time: 4.31s (0.43 ms/query)
  ✓ QPS: 2320.50

Trial 3/3:
  Running 10000 queries...
  ✓ Time: 4.27s (0.43 ms/query)
  ✓ QPS: 2341.18

📊 Average Results:
  Time: 4.28s
  QPS: 2335.09

============================================================
PostgreSQL Benchmark: categories - SELECT (batch: 10000)
============================================================

Trial 1/3:
  Running 10000 queries...
  ✓ Time: 1.42s (0.14 ms/query)
  ✓ QPS: 7051.09

Trial 2/3:
  Running 10000 queries...
  ✓ Time: 1.39s (0.14 ms/query)
  ✓ QPS: 7202.36

Trial 3/3:
  Running 10000 queries...
  ✓ Time: 1.40s (0.14 ms/query)
  ✓ QPS: 7168.19

📊 Average Results:
  Time: 1.40s
  QPS: 7140.55

============================================================
PostgreSQL Benchmark: products - SELECT (batch: 10000)
============================================================

Trial 1/3:
  Running 10000 queries...
  ✓ Time: 2.69s (0.27 ms/query)
  ✓ QPS: 3718.00

Trial 2/3:
  Running 10000 queries...
  ✓ Time: 2.79s (0.28 ms/query)
  ✓ QPS: 3578.15

Trial 3/3:
  Running 10000 queries...
  ✓ Time: 2.79s (0.28 ms/query)
  ✓ QPS: 3585.77

📊 Average Results:
  Time: 2.76s
  QPS: 3627.30

============================================================
PostgreSQL Benchmark: addresses - SELECT (batch: 10000)
============================================================

Trial 1/3:
  Running 10000 queries...
  ✓ Time: 1.35s (0.14 ms/query)
  ✓ QPS: 7387.04

Trial 2/3:
  Running 10000 queries...
  ✓ Time: 1.45s (0.15 ms/query)
  ✓ QPS: 6873.44

Trial 3/3:
  Running 10000 queries...
  ✓ Time: 1.41s (0.14 ms/query)
  ✓ QPS: 7097.37

📊 Average Results:
  Time: 1.41s
  QPS: 7119.29

============================================================
PostgreSQL Benchmark: orders - SELECT (batch: 10000)
============================================================

Trial 1/3:
  Running 10000 queries...
  ✓ Time: 4.68s (0.47 ms/query)
  ✓ QPS: 2135.54

Trial 2/3:
  Running 10000 queries...
  ✓ Time: 4.70s (0.47 ms/query)
  ✓ QPS: 2129.85

Trial 3/3:
  Running 10000 queries...
  ✓ Time: 4.69s (0.47 ms/query)
  ✓ QPS: 2130.98

📊 Average Results:
  Time: 4.69s
  QPS: 2132.13

============================================================
PostgreSQL Benchmark: users - INSERT (batch: 10000)
============================================================

Trial 1/3:
  Running 10000 queries...
  ✓ Time: 1.38s (0.14 ms/query)
  ✓ QPS: 7259.82

Trial 2/3:
  Running 10000 queries...
  ✓ Time: 1.34s (0.13 ms/query)
  ✓ QPS: 7482.07

Trial 3/3:
  Running 10000 queries...
  ✓ Time: 1.35s (0.14 ms/query)
  ✓ QPS: 7405.28

📊 Average Results:
  Time: 1.35s
  QPS: 7382.39

============================================================
PostgreSQL Benchmark: categories - INSERT (batch: 10000)
============================================================

Trial 1/3:
  Running 10000 queries...
  ✓ Time: 1.31s (0.13 ms/query)
  ✓ QPS: 7652.79

Trial 2/3:
  Running 10000 queries...
  ✓ Time: 1.29s (0.13 ms/query)
  ✓ QPS: 7742.29

Trial 3/3:
  Running 10000 queries...
  ✓ Time: 1.30s (0.13 ms/query)
  ✓ QPS: 7663.04

📊 Average Results:
  Time: 1.30s
  QPS: 7686.04

============================================================
PostgreSQL Benchmark: products - INSERT (batch: 10000)
============================================================

Trial 1/3:
  Running 10000 queries...
  ✓ Time: 1.34s (0.13 ms/query)
  ✓ QPS: 7468.67

Trial 2/3:
  Running 10000 queries...
  ✓ Time: 1.34s (0.13 ms/query)
  ✓ QPS: 7485.00

Trial 3/3:
  Running 10000 queries...
  ✓ Time: 1.32s (0.13 ms/query)
  ✓ QPS: 7560.20

📊 Average Results:
  Time: 1.33s
  QPS: 7504.62

============================================================
PostgreSQL Benchmark: addresses - INSERT (batch: 10000)
============================================================

Trial 1/3:
  Running 10000 queries...
  ✓ Time: 1.25s (0.12 ms/query)
  ✓ QPS: 8013.49

Trial 2/3:
  Running 10000 queries...
  ✓ Time: 1.34s (0.13 ms/query)
  ✓ QPS: 7482.95

Trial 3/3:
  Running 10000 queries...
  ✓ Time: 1.33s (0.13 ms/query)
  ✓ QPS: 7524.31

📊 Average Results:
  Time: 1.30s
  QPS: 7673.58

============================================================
PostgreSQL Benchmark: orders - INSERT (batch: 10000)
============================================================

Trial 1/3:
  Running 10000 queries...
  ✓ Time: 1.26s (0.13 ms/query)
  ✓ QPS: 7933.25

Trial 2/3:
  Running 10000 queries...
  ✓ Time: 1.22s (0.12 ms/query)
  ✓ QPS: 8167.67

Trial 3/3:
  Running 10000 queries...
  ✓ Time: 1.32s (0.13 ms/query)
  ✓ QPS: 7547.48

📊 Average Results:
  Time: 1.27s
  QPS: 7882.80

============================================================
PostgreSQL Benchmark: users - UPDATE (batch: 10000)
============================================================

Trial 1/3:
  Running 10000 queries...
  ✓ Time: 2.33s (0.23 ms/query)
  ✓ QPS: 4293.24

Trial 2/3:
  Running 10000 queries...
  ✓ Time: 1.98s (0.20 ms/query)
  ✓ QPS: 5042.76

Trial 3/3:
  Running 10000 queries...
  ✓ Time: 2.28s (0.23 ms/query)
  ✓ QPS: 4382.20

📊 Average Results:
  Time: 2.20s
  QPS: 4572.73

============================================================
PostgreSQL Benchmark: categories - UPDATE (batch: 10000)
============================================================

Trial 1/3:
  Running 10000 queries...
  ✓ Time: 2.58s (0.26 ms/query)
  ✓ QPS: 3870.91

Trial 2/3:
  Running 10000 queries...
  ✓ Time: 2.59s (0.26 ms/query)
  ✓ QPS: 3863.92

Trial 3/3:
  Running 10000 queries...
  ✓ Time: 2.49s (0.25 ms/query)
  ✓ QPS: 4024.08

📊 Average Results:
  Time: 2.55s
  QPS: 3919.64

============================================================
PostgreSQL Benchmark: products - UPDATE (batch: 10000)
============================================================

Trial 1/3:
  Running 10000 queries...
  ✓ Time: 2.36s (0.24 ms/query)
  ✓ QPS: 4240.17

Trial 2/3:
  Running 10000 queries...
  ✓ Time: 2.08s (0.21 ms/query)
  ✓ QPS: 4796.39

Trial 3/3:
  Running 10000 queries...
  ✓ Time: 2.54s (0.25 ms/query)
  ✓ QPS: 3937.09

📊 Average Results:
  Time: 2.33s
  QPS: 4324.55

============================================================
PostgreSQL Benchmark: addresses - UPDATE (batch: 10000)
============================================================

Trial 1/3:
  Running 10000 queries...
  ✓ Time: 2.00s (0.20 ms/query)
  ✓ QPS: 4998.07

Trial 2/3:
  Running 10000 queries...
  ✓ Time: 2.06s (0.21 ms/query)
  ✓ QPS: 4863.78

Trial 3/3:
  Running 10000 queries...
  ✓ Time: 2.18s (0.22 ms/query)
  ✓ QPS: 4592.75

📊 Average Results:
  Time: 2.08s
  QPS: 4818.20

============================================================
PostgreSQL Benchmark: orders - UPDATE (batch: 10000)
============================================================

Trial 1/3:
  Running 10000 queries...
  ✓ Time: 2.34s (0.23 ms/query)
  ✓ QPS: 4272.83

Trial 2/3:
  Running 10000 queries...
  ✓ Time: 2.29s (0.23 ms/query)
  ✓ QPS: 4359.46

Trial 3/3:
  Running 10000 queries...
  ✓ Time: 2.58s (0.26 ms/query)
  ✓ QPS: 3877.01

📊 Average Results:
  Time: 2.40s
  QPS: 4169.77

============================================================
PostgreSQL Benchmark: users - DELETE (batch: 10000)
============================================================

Trial 1/3:
  Running 10000 queries...
  ✓ Time: 2.56s (0.26 ms/query)
  ✓ QPS: 3904.39

Trial 2/3:
  Running 10000 queries...
  ✓ Time: 1.29s (0.13 ms/query)
  ✓ QPS: 7747.56

Trial 3/3:
  Running 10000 queries...
  ✓ Time: 1.33s (0.13 ms/query)
  ✓ QPS: 7540.24

📊 Average Results:
  Time: 1.73s
  QPS: 6397.40

============================================================
PostgreSQL Benchmark: categories - DELETE (batch: 10000)
============================================================

Trial 1/3:
  Running 10000 queries...
  ✓ Time: 1.24s (0.12 ms/query)
  ✓ QPS: 8055.55

Trial 2/3:
  Running 10000 queries...
  ✓ Time: 1.29s (0.13 ms/query)
  ✓ QPS: 7743.32

Trial 3/3:
  Running 10000 queries...
  ✓ Time: 1.30s (0.13 ms/query)
  ✓ QPS: 7665.61

📊 Average Results:
  Time: 1.28s
  QPS: 7821.49

============================================================
PostgreSQL Benchmark: products - DELETE (batch: 10000)
============================================================

Trial 1/3:
  Running 10000 queries...
  ✓ Time: 1.75s (0.17 ms/query)
  ✓ QPS: 5716.74

Trial 2/3:
  Running 10000 queries...
  ✓ Time: 1.33s (0.13 ms/query)
  ✓ QPS: 7513.06

Trial 3/3:
  Running 10000 queries...
  ✓ Time: 1.27s (0.13 ms/query)
  ✓ QPS: 7860.53

📊 Average Results:
  Time: 1.45s
  QPS: 7030.11

============================================================
PostgreSQL Benchmark: addresses - DELETE (batch: 10000)
============================================================

Trial 1/3:
  Running 10000 queries...
  ✓ Time: 2.01s (0.20 ms/query)
  ✓ QPS: 4978.29

Trial 2/3:
  Running 10000 queries...
  ✓ Time: 1.29s (0.13 ms/query)
  ✓ QPS: 7768.72

Trial 3/3:
  Running 10000 queries...
  ✓ Time: 1.28s (0.13 ms/query)
  ✓ QPS: 7820.19

📊 Average Results:
  Time: 1.52s
  QPS: 6855.73

============================================================
PostgreSQL Benchmark: orders - DELETE (batch: 10000)
============================================================

Trial 1/3:
  Running 10000 queries...
  ✓ Time: 2.14s (0.21 ms/query)
  ✓ QPS: 4675.75

Trial 2/3:
  Running 10000 queries...
  ✓ Time: 1.24s (0.12 ms/query)
  ✓ QPS: 8039.16

Trial 3/3:
  Running 10000 queries...
  ✓ Time: 1.23s (0.12 ms/query)
  ✓ QPS: 8140.46

📊 Average Results:
  Time: 1.54s
  QPS: 6951.79
✓ Indexes dropped

▶ PostgreSQL @ scale=1000000
  Phase A: SKIPPED (only runs at smallest scale=500000)
  Phase B: WITH indexes
✓ PostgreSQL tables truncated
  ✓ Loaded 200 rows from queries/categories_sql_insert.sql
  ✓ Loaded 1000000 rows from queries/users_sql_insert.sql
  ✓ Loaded 1000000 rows from queries/addresses_sql_insert.sql
  ✓ Loaded 100000 rows from queries/products_sql_insert.sql
  ✓ Loaded 1000000 rows from queries/orders_sql_insert.sql
✓ Indexes created (and ANALYZE run)

============================================================
PostgreSQL Benchmark: users - SELECT (batch: 10000)
============================================================

Trial 1/3:
  Running 10000 queries...
  ✓ Time: 4.31s (0.43 ms/query)
  ✓ QPS: 2320.64

Trial 2/3:
  Running 10000 queries...
  ✓ Time: 4.27s (0.43 ms/query)
  ✓ QPS: 2339.98

Trial 3/3:
  Running 10000 queries...
  ✓ Time: 4.31s (0.43 ms/query)
  ✓ QPS: 2317.62

📊 Average Results:
  Time: 4.30s
  QPS: 2326.08

============================================================
PostgreSQL Benchmark: categories - SELECT (batch: 10000)
============================================================

Trial 1/3:
  Running 10000 queries...
  ✓ Time: 1.41s (0.14 ms/query)
  ✓ QPS: 7069.08

Trial 2/3:
  Running 10000 queries...
  ✓ Time: 1.37s (0.14 ms/query)
  ✓ QPS: 7315.39

Trial 3/3:
  Running 10000 queries...
  ✓ Time: 1.35s (0.13 ms/query)
  ✓ QPS: 7422.82

📊 Average Results:
  Time: 1.38s
  QPS: 7269.10

============================================================
PostgreSQL Benchmark: products - SELECT (batch: 10000)
============================================================

Trial 1/3:
  Running 10000 queries...
  ✓ Time: 2.69s (0.27 ms/query)
  ✓ QPS: 3723.85

Trial 2/3:
  Running 10000 queries...
  ✓ Time: 2.75s (0.28 ms/query)
  ✓ QPS: 3633.44

Trial 3/3:
  Running 10000 queries...
  ✓ Time: 2.74s (0.27 ms/query)
  ✓ QPS: 3647.25

📊 Average Results:
  Time: 2.73s
  QPS: 3668.18

============================================================
PostgreSQL Benchmark: addresses - SELECT (batch: 10000)
============================================================

Trial 1/3:
  Running 10000 queries...
  ✓ Time: 1.51s (0.15 ms/query)
  ✓ QPS: 6629.16

Trial 2/3:
  Running 10000 queries...
  ✓ Time: 1.54s (0.15 ms/query)
  ✓ QPS: 6510.91

Trial 3/3:
  Running 10000 queries...
  ✓ Time: 1.53s (0.15 ms/query)
  ✓ QPS: 6526.76

📊 Average Results:
  Time: 1.52s
  QPS: 6555.61

============================================================
PostgreSQL Benchmark: orders - SELECT (batch: 10000)
============================================================

Trial 1/3:
  Running 10000 queries...
  ✓ Time: 7.12s (0.71 ms/query)
  ✓ QPS: 1404.93

Trial 2/3:
  Running 10000 queries...
  ✓ Time: 7.10s (0.71 ms/query)
  ✓ QPS: 1407.50

Trial 3/3:
  Running 10000 queries...
  ✓ Time: 7.14s (0.71 ms/query)
  ✓ QPS: 1400.70

📊 Average Results:
  Time: 7.12s
  QPS: 1404.37

============================================================
PostgreSQL Benchmark: users - INSERT (batch: 10000)
============================================================

Trial 1/3:
  Running 10000 queries...
  ✓ Time: 1.35s (0.13 ms/query)
  ✓ QPS: 7425.84

Trial 2/3:
  Running 10000 queries...
  ✓ Time: 1.31s (0.13 ms/query)
  ✓ QPS: 7613.15

Trial 3/3:
  Running 10000 queries...
  ✓ Time: 1.34s (0.13 ms/query)
  ✓ QPS: 7456.11

📊 Average Results:
  Time: 1.33s
  QPS: 7498.37

============================================================
PostgreSQL Benchmark: categories - INSERT (batch: 10000)
============================================================

Trial 1/3:
  Running 10000 queries...
  ✓ Time: 1.30s (0.13 ms/query)
  ✓ QPS: 7688.14

Trial 2/3:
  Running 10000 queries...
  ✓ Time: 1.31s (0.13 ms/query)
  ✓ QPS: 7615.41

Trial 3/3:
  Running 10000 queries...
  ✓ Time: 1.32s (0.13 ms/query)
  ✓ QPS: 7553.73

📊 Average Results:
  Time: 1.31s
  QPS: 7619.09

============================================================
PostgreSQL Benchmark: products - INSERT (batch: 10000)
============================================================

Trial 1/3:
  Running 10000 queries...
  ✓ Time: 1.34s (0.13 ms/query)
  ✓ QPS: 7438.88

Trial 2/3:
  Running 10000 queries...
  ✓ Time: 1.32s (0.13 ms/query)
  ✓ QPS: 7587.97

Trial 3/3:
  Running 10000 queries...
  ✓ Time: 1.30s (0.13 ms/query)
  ✓ QPS: 7671.65

📊 Average Results:
  Time: 1.32s
  QPS: 7566.16

============================================================
PostgreSQL Benchmark: addresses - INSERT (batch: 10000)
============================================================

Trial 1/3:
  Running 10000 queries...
  ✓ Time: 1.36s (0.14 ms/query)
  ✓ QPS: 7357.39

Trial 2/3:
  Running 10000 queries...
  ✓ Time: 1.36s (0.14 ms/query)
  ✓ QPS: 7379.95

Trial 3/3:
  Running 10000 queries...
  ✓ Time: 1.35s (0.14 ms/query)
  ✓ QPS: 7381.38

📊 Average Results:
  Time: 1.36s
  QPS: 7372.91

============================================================
PostgreSQL Benchmark: orders - INSERT (batch: 10000)
============================================================

Trial 1/3:
  Running 10000 queries...
  ✓ Time: 1.33s (0.13 ms/query)
  ✓ QPS: 7495.12

Trial 2/3:
  Running 10000 queries...
  ✓ Time: 1.35s (0.14 ms/query)
  ✓ QPS: 7384.89

Trial 3/3:
  Running 10000 queries...
  ✓ Time: 1.35s (0.14 ms/query)
  ✓ QPS: 7386.79

📊 Average Results:
  Time: 1.35s
  QPS: 7422.26

============================================================
PostgreSQL Benchmark: users - UPDATE (batch: 10000)
============================================================

Trial 1/3:
  Running 10000 queries...
  ✓ Time: 2.29s (0.23 ms/query)
  ✓ QPS: 4367.49

Trial 2/3:
  Running 10000 queries...
  ✓ Time: 2.54s (0.25 ms/query)
  ✓ QPS: 3934.28

Trial 3/3:
  Running 10000 queries...
  ✓ Time: 2.47s (0.25 ms/query)
  ✓ QPS: 4055.50

📊 Average Results:
  Time: 2.43s
  QPS: 4119.09

============================================================
PostgreSQL Benchmark: categories - UPDATE (batch: 10000)
============================================================

Trial 1/3:
  Running 10000 queries...
  ✓ Time: 2.13s (0.21 ms/query)
  ✓ QPS: 4684.40

Trial 2/3:
  Running 10000 queries...
  ✓ Time: 2.52s (0.25 ms/query)
  ✓ QPS: 3965.12

Trial 3/3:
  Running 10000 queries...
  ✓ Time: 2.27s (0.23 ms/query)
  ✓ QPS: 4396.74

📊 Average Results:
  Time: 2.31s
  QPS: 4348.75

============================================================
PostgreSQL Benchmark: products - UPDATE (batch: 10000)
============================================================

Trial 1/3:
  Running 10000 queries...
  ✓ Time: 2.06s (0.21 ms/query)
  ✓ QPS: 4860.87

Trial 2/3:
  Running 10000 queries...
  ✓ Time: 2.26s (0.23 ms/query)
  ✓ QPS: 4420.78

Trial 3/3:
  Running 10000 queries...
  ✓ Time: 2.38s (0.24 ms/query)
  ✓ QPS: 4210.32

📊 Average Results:
  Time: 2.23s
  QPS: 4497.32

============================================================
PostgreSQL Benchmark: addresses - UPDATE (batch: 10000)
============================================================

Trial 1/3:
  Running 10000 queries...
  ✓ Time: 2.39s (0.24 ms/query)
  ✓ QPS: 4191.41

Trial 2/3:
  Running 10000 queries...
  ✓ Time: 2.58s (0.26 ms/query)
  ✓ QPS: 3877.66

Trial 3/3:
  Running 10000 queries...
  ✓ Time: 2.50s (0.25 ms/query)
  ✓ QPS: 3997.71

📊 Average Results:
  Time: 2.49s
  QPS: 4022.26

============================================================
PostgreSQL Benchmark: orders - UPDATE (batch: 10000)
============================================================

Trial 1/3:
  Running 10000 queries...
  ✓ Time: 2.36s (0.24 ms/query)
  ✓ QPS: 4241.07

Trial 2/3:
  Running 10000 queries...
  ✓ Time: 2.24s (0.22 ms/query)
  ✓ QPS: 4462.98

Trial 3/3:
  Running 10000 queries...
  ✓ Time: 2.37s (0.24 ms/query)
  ✓ QPS: 4214.56

📊 Average Results:
  Time: 2.32s
  QPS: 4306.20

============================================================
PostgreSQL Benchmark: users - DELETE (batch: 10000)
============================================================

Trial 1/3:
  Running 10000 queries...
  ✓ Time: 2.17s (0.22 ms/query)
  ✓ QPS: 4603.79

Trial 2/3:
  Running 10000 queries...
  ✓ Time: 1.26s (0.13 ms/query)
  ✓ QPS: 7954.96

Trial 3/3:
  Running 10000 queries...
  ✓ Time: 1.19s (0.12 ms/query)
  ✓ QPS: 8417.35

📊 Average Results:
  Time: 1.54s
  QPS: 6992.03

============================================================
PostgreSQL Benchmark: categories - DELETE (batch: 10000)
============================================================

Trial 1/3:
  Running 10000 queries...
  ✓ Time: 1.27s (0.13 ms/query)
  ✓ QPS: 7891.50

Trial 2/3:
  Running 10000 queries...
  ✓ Time: 1.28s (0.13 ms/query)
  ✓ QPS: 7789.16

Trial 3/3:
  Running 10000 queries...
  ✓ Time: 1.26s (0.13 ms/query)
  ✓ QPS: 7953.97

📊 Average Results:
  Time: 1.27s
  QPS: 7878.21

============================================================
PostgreSQL Benchmark: products - DELETE (batch: 10000)
============================================================

Trial 1/3:
  Running 10000 queries...
  ✓ Time: 2.09s (0.21 ms/query)
  ✓ QPS: 4788.00

Trial 2/3:
  Running 10000 queries...
  ✓ Time: 1.24s (0.12 ms/query)
  ✓ QPS: 8052.62

Trial 3/3:
  Running 10000 queries...
  ✓ Time: 1.26s (0.13 ms/query)
  ✓ QPS: 7905.53

📊 Average Results:
  Time: 1.53s
  QPS: 6915.38

============================================================
PostgreSQL Benchmark: addresses - DELETE (batch: 10000)
============================================================

Trial 1/3:
  Running 10000 queries...
  ✓ Time: 1.67s (0.17 ms/query)
  ✓ QPS: 5987.75

Trial 2/3:
  Running 10000 queries...
  ✓ Time: 1.28s (0.13 ms/query)
  ✓ QPS: 7836.64

Trial 3/3:
  Running 10000 queries...
  ✓ Time: 1.28s (0.13 ms/query)
  ✓ QPS: 7815.25

📊 Average Results:
  Time: 1.41s
  QPS: 7213.21

============================================================
PostgreSQL Benchmark: orders - DELETE (batch: 10000)
============================================================

Trial 1/3:
  Running 10000 queries...
  ✓ Time: 1.65s (0.16 ms/query)
  ✓ QPS: 6064.67

Trial 2/3:
  Running 10000 queries...
  ✓ Time: 1.30s (0.13 ms/query)
  ✓ QPS: 7663.07

Trial 3/3:
  Running 10000 queries...
  ✓ Time: 1.29s (0.13 ms/query)
  ✓ QPS: 7768.55

📊 Average Results:
  Time: 1.41s
  QPS: 7165.43
✓ Indexes dropped

▶ PostgreSQL @ scale=10000000
  Phase A: SKIPPED (only runs at smallest scale=500000)
  Phase B: WITH indexes
✓ PostgreSQL tables truncated
  ✓ Loaded 200 rows from queries/categories_sql_insert.sql
  ✓ Loaded 10000000 rows from queries/users_sql_insert.sql
  ✓ Loaded 10000000 rows from queries/addresses_sql_insert.sql
  ✓ Loaded 100000 rows from queries/products_sql_insert.sql
  ✓ Loaded 10000000 rows from queries/orders_sql_insert.sql
✓ Indexes created (and ANALYZE run)
  Collecting EXPLAIN plans (with_index=true)...

============================================================
PostgreSQL Benchmark: users - SELECT (batch: 10000)
============================================================

Trial 1/3:
  Running 10000 queries...
  ✓ Time: 5.68s (0.57 ms/query)
  ✓ QPS: 1759.83

Trial 2/3:
  Running 10000 queries...
  ✓ Time: 4.97s (0.50 ms/query)
  ✓ QPS: 2012.90

Trial 3/3:
  Running 10000 queries...
  ✓ Time: 5.01s (0.50 ms/query)
  ✓ QPS: 1997.96

📊 Average Results:
  Time: 5.22s
  QPS: 1923.57

============================================================
PostgreSQL Benchmark: categories - SELECT (batch: 10000)
============================================================

Trial 1/3:
  Running 10000 queries...
  ✓ Time: 1.42s (0.14 ms/query)
  ✓ QPS: 7023.09

Trial 2/3:
  Running 10000 queries...
  ✓ Time: 1.41s (0.14 ms/query)
  ✓ QPS: 7104.98

Trial 3/3:
  Running 10000 queries...
  ✓ Time: 1.39s (0.14 ms/query)
  ✓ QPS: 7219.89

📊 Average Results:
  Time: 1.41s
  QPS: 7115.99

============================================================
PostgreSQL Benchmark: products - SELECT (batch: 10000)
============================================================

Trial 1/3:
  Running 10000 queries...
  ✓ Time: 2.69s (0.27 ms/query)
  ✓ QPS: 3715.83

Trial 2/3:
  Running 10000 queries...
  ✓ Time: 2.80s (0.28 ms/query)
  ✓ QPS: 3576.23

Trial 3/3:
  Running 10000 queries...
  ✓ Time: 2.77s (0.28 ms/query)
  ✓ QPS: 3616.08

📊 Average Results:
  Time: 2.75s
  QPS: 3636.05

============================================================
PostgreSQL Benchmark: addresses - SELECT (batch: 10000)
============================================================

Trial 1/3:
  Running 10000 queries...
  ✓ Time: 3.27s (0.33 ms/query)
  ✓ QPS: 3056.77

Trial 2/3:
  Running 10000 queries...
  ✓ Time: 3.24s (0.32 ms/query)
  ✓ QPS: 3084.89

Trial 3/3:
  Running 10000 queries...
  ✓ Time: 3.22s (0.32 ms/query)
  ✓ QPS: 3101.15

📊 Average Results:
  Time: 3.25s
  QPS: 3080.93

============================================================
PostgreSQL Benchmark: orders - SELECT (batch: 10000)
============================================================

Trial 1/3:
  Running 10000 queries...
  ✓ Time: 2.50s (0.25 ms/query)
  ✓ QPS: 3998.92

Trial 2/3:
  Running 10000 queries...
  ✓ Time: 2.31s (0.23 ms/query)
  ✓ QPS: 4332.66

Trial 3/3:
  Running 10000 queries...
  ✓ Time: 2.31s (0.23 ms/query)
  ✓ QPS: 4334.86

📊 Average Results:
  Time: 2.37s
  QPS: 4222.15

============================================================
PostgreSQL Benchmark: users - INSERT (batch: 10000)
============================================================

Trial 1/3:
  Running 10000 queries...
  ✓ Time: 1.34s (0.13 ms/query)
  ✓ QPS: 7470.06

Trial 2/3:
  Running 10000 queries...
  ✓ Time: 1.34s (0.13 ms/query)
  ✓ QPS: 7484.55

Trial 3/3:
  Running 10000 queries...
  ✓ Time: 1.34s (0.13 ms/query)
  ✓ QPS: 7445.84

📊 Average Results:
  Time: 1.34s
  QPS: 7466.82

============================================================
PostgreSQL Benchmark: categories - INSERT (batch: 10000)
============================================================

Trial 1/3:
  Running 10000 queries...
  ✓ Time: 1.34s (0.13 ms/query)
  ✓ QPS: 7488.18

Trial 2/3:
  Running 10000 queries...
  ✓ Time: 1.32s (0.13 ms/query)
  ✓ QPS: 7559.57

Trial 3/3:
  Running 10000 queries...
  ✓ Time: 1.29s (0.13 ms/query)
  ✓ QPS: 7749.01

📊 Average Results:
  Time: 1.32s
  QPS: 7598.92

============================================================
PostgreSQL Benchmark: products - INSERT (batch: 10000)
============================================================

Trial 1/3:
  Running 10000 queries...
  ✓ Time: 1.26s (0.13 ms/query)
  ✓ QPS: 7910.97

Trial 2/3:
  Running 10000 queries...
  ✓ Time: 1.33s (0.13 ms/query)
  ✓ QPS: 7503.74

Trial 3/3:
  Running 10000 queries...
  ✓ Time: 1.35s (0.13 ms/query)
  ✓ QPS: 7409.58

📊 Average Results:
  Time: 1.31s
  QPS: 7608.10

============================================================
PostgreSQL Benchmark: addresses - INSERT (batch: 10000)
============================================================

Trial 1/3:
  Running 10000 queries...
  ✓ Time: 1.34s (0.13 ms/query)
  ✓ QPS: 7450.48

Trial 2/3:
  Running 10000 queries...
  ✓ Time: 1.33s (0.13 ms/query)
  ✓ QPS: 7534.22

Trial 3/3:
  Running 10000 queries...
  ✓ Time: 1.35s (0.13 ms/query)
  ✓ QPS: 7430.64

📊 Average Results:
  Time: 1.34s
  QPS: 7471.78

============================================================
PostgreSQL Benchmark: orders - INSERT (batch: 10000)
============================================================

Trial 1/3:
  Running 10000 queries...
  ✓ Time: 1.32s (0.13 ms/query)
  ✓ QPS: 7602.57

Trial 2/3:
  Running 10000 queries...
  ✓ Time: 1.35s (0.13 ms/query)
  ✓ QPS: 7422.35

Trial 3/3:
  Running 10000 queries...
  ✓ Time: 1.35s (0.13 ms/query)
  ✓ QPS: 7409.40

📊 Average Results:
  Time: 1.34s
  QPS: 7478.11

============================================================
PostgreSQL Benchmark: users - UPDATE (batch: 10000)
============================================================

Trial 1/3:
  Running 10000 queries...
  ✓ Time: 2.21s (0.22 ms/query)
  ✓ QPS: 4521.01

Trial 2/3:
  Running 10000 queries...
  ✓ Time: 2.60s (0.26 ms/query)
  ✓ QPS: 3847.09

Trial 3/3:
  Running 10000 queries...
  ✓ Time: 2.35s (0.24 ms/query)
  ✓ QPS: 4247.39

📊 Average Results:
  Time: 2.39s
  QPS: 4205.16

============================================================
PostgreSQL Benchmark: categories - UPDATE (batch: 10000)
============================================================

Trial 1/3:
  Running 10000 queries...
  ✓ Time: 2.40s (0.24 ms/query)
  ✓ QPS: 4160.27

Trial 2/3:
  Running 10000 queries...
  ✓ Time: 2.39s (0.24 ms/query)
  ✓ QPS: 4182.19

Trial 3/3:
  Running 10000 queries...
  ✓ Time: 2.39s (0.24 ms/query)
  ✓ QPS: 4179.32

📊 Average Results:
  Time: 2.40s
  QPS: 4173.93

============================================================
PostgreSQL Benchmark: products - UPDATE (batch: 10000)
============================================================

Trial 1/3:
  Running 10000 queries...
  ✓ Time: 2.34s (0.23 ms/query)
  ✓ QPS: 4267.51

Trial 2/3:
  Running 10000 queries...
  ✓ Time: 2.25s (0.23 ms/query)
  ✓ QPS: 4439.12

Trial 3/3:
  Running 10000 queries...
  ✓ Time: 2.57s (0.26 ms/query)
  ✓ QPS: 3888.37

📊 Average Results:
  Time: 2.39s
  QPS: 4198.34

============================================================
PostgreSQL Benchmark: addresses - UPDATE (batch: 10000)
============================================================

Trial 1/3:
  Running 10000 queries...
  ✓ Time: 2.40s (0.24 ms/query)
  ✓ QPS: 4161.60

Trial 2/3:
  Running 10000 queries...
  ✓ Time: 2.32s (0.23 ms/query)
  ✓ QPS: 4303.31

Trial 3/3:
  Running 10000 queries...
  ✓ Time: 1.75s (0.17 ms/query)
  ✓ QPS: 5715.82

📊 Average Results:
  Time: 2.16s
  QPS: 4726.91

============================================================
PostgreSQL Benchmark: orders - UPDATE (batch: 10000)
============================================================

Trial 1/3:
  Running 10000 queries...
  ✓ Time: 2.26s (0.23 ms/query)
  ✓ QPS: 4423.58

Trial 2/3:
  Running 10000 queries...
  ✓ Time: 2.56s (0.26 ms/query)
  ✓ QPS: 3911.33

Trial 3/3:
  Running 10000 queries...
  ✓ Time: 2.39s (0.24 ms/query)
  ✓ QPS: 4185.93

📊 Average Results:
  Time: 2.40s
  QPS: 4173.61

============================================================
PostgreSQL Benchmark: users - DELETE (batch: 10000)
============================================================

Trial 1/3:
  Running 10000 queries...
  ✓ Time: 2.20s (0.22 ms/query)
  ✓ QPS: 4535.76

Trial 2/3:
  Running 10000 queries...
  ✓ Time: 1.28s (0.13 ms/query)
  ✓ QPS: 7815.24

Trial 3/3:
  Running 10000 queries...
  ✓ Time: 1.27s (0.13 ms/query)
  ✓ QPS: 7845.24

📊 Average Results:
  Time: 1.59s
  QPS: 6732.08

============================================================
PostgreSQL Benchmark: categories - DELETE (batch: 10000)
============================================================

Trial 1/3:
  Running 10000 queries...
  ✓ Time: 1.22s (0.12 ms/query)
  ✓ QPS: 8174.95

Trial 2/3:
  Running 10000 queries...
  ✓ Time: 1.29s (0.13 ms/query)
  ✓ QPS: 7747.33

Trial 3/3:
  Running 10000 queries...
  ✓ Time: 1.29s (0.13 ms/query)
  ✓ QPS: 7753.58

📊 Average Results:
  Time: 1.27s
  QPS: 7891.95

============================================================
PostgreSQL Benchmark: products - DELETE (batch: 10000)
============================================================

Trial 1/3:
  Running 10000 queries...
  ✓ Time: 1.67s (0.17 ms/query)
  ✓ QPS: 5991.58

Trial 2/3:
  Running 10000 queries...
  ✓ Time: 1.23s (0.12 ms/query)
  ✓ QPS: 8129.60

Trial 3/3:
  Running 10000 queries...
  ✓ Time: 1.27s (0.13 ms/query)
  ✓ QPS: 7847.84

📊 Average Results:
  Time: 1.39s
  QPS: 7323.01

============================================================
PostgreSQL Benchmark: addresses - DELETE (batch: 10000)
============================================================

Trial 1/3:
  Running 10000 queries...
  ✓ Time: 1.70s (0.17 ms/query)
  ✓ QPS: 5874.74

Trial 2/3:
  Running 10000 queries...
  ✓ Time: 1.27s (0.13 ms/query)
  ✓ QPS: 7847.30

Trial 3/3:
  Running 10000 queries...
  ✓ Time: 1.27s (0.13 ms/query)
  ✓ QPS: 7866.43

📊 Average Results:
  Time: 1.42s
  QPS: 7196.16

============================================================
PostgreSQL Benchmark: orders - DELETE (batch: 10000)
============================================================

Trial 1/3:
  Running 10000 queries...
  ✓ Time: 1.79s (0.18 ms/query)
  ✓ QPS: 5594.56

Trial 2/3:
  Running 10000 queries...
  ✓ Time: 1.20s (0.12 ms/query)
  ✓ QPS: 8319.27

Trial 3/3:
  Running 10000 queries...
  ✓ Time: 1.27s (0.13 ms/query)
  ✓ QPS: 7853.96

📊 Average Results:
  Time: 1.42s
  QPS: 7255.93
✓ Indexes dropped

============================================================
Starting MongoDB Benchmarks
============================================================
✓ Connected to MongoDB

▶ MongoDB @ scale=500000
✓ MongoDB collections dropped
  ✓ Populated users with 500000 docs
  ✓ Populated products with 100000 docs
  ✓ Populated categories with 200 docs
  ✓ Populated orders with 500000 docs
✓ MongoDB indexes created (incl. sparse _bench)

============================================================
MongoDB Benchmark: users - FIND (batch: 10000)
============================================================

Trial 1/3:
  Running 10000 queries...
  ✓ Time: 2.70s (0.27 ms/query)
  ✓ QPS: 3700.69

Trial 2/3:
  Running 10000 queries...
  ✓ Time: 2.75s (0.28 ms/query)
  ✓ QPS: 3630.03

Trial 3/3:
  Running 10000 queries...
  ✓ Time: 2.63s (0.26 ms/query)
  ✓ QPS: 3796.01

📊 Average Results:
  Time: 2.70s
  QPS: 3708.91

============================================================
MongoDB Benchmark: categories - FIND (batch: 10000)
============================================================

Trial 1/3:
  Running 10000 queries...
  ✓ Time: 1.67s (0.17 ms/query)
  ✓ QPS: 5982.48

Trial 2/3:
  Running 10000 queries...
  ✓ Time: 1.63s (0.16 ms/query)
  ✓ QPS: 6141.64

Trial 3/3:
  Running 10000 queries...
  ✓ Time: 1.64s (0.16 ms/query)
  ✓ QPS: 6113.07

📊 Average Results:
  Time: 1.64s
  QPS: 6079.07

============================================================
MongoDB Benchmark: products - FIND (batch: 10000)
============================================================

Trial 1/3:
  Running 10000 queries...
  ✓ Time: 2.69s (0.27 ms/query)
  ✓ QPS: 3715.36

Trial 2/3:
  Running 10000 queries...
  ✓ Time: 2.73s (0.27 ms/query)
  ✓ QPS: 3667.76

Trial 3/3:
  Running 10000 queries...
  ✓ Time: 2.78s (0.28 ms/query)
  ✓ QPS: 3603.19

📊 Average Results:
  Time: 2.73s
  QPS: 3662.10

============================================================
MongoDB Benchmark: users - INSERTONE (batch: 10000)
============================================================

Trial 1/3:
  Running 10000 queries...
  ✓ Time: 1.52s (0.15 ms/query)
  ✓ QPS: 6571.36

Trial 2/3:
  Running 10000 queries...
  ✓ Time: 1.52s (0.15 ms/query)
  ✓ QPS: 6565.64

Trial 3/3:
  Running 10000 queries...
  ✓ Time: 1.60s (0.16 ms/query)
  ✓ QPS: 6264.43

📊 Average Results:
  Time: 1.55s
  QPS: 6467.14

============================================================
MongoDB Benchmark: categories - INSERTONE (batch: 10000)
============================================================

Trial 1/3:
  Running 10000 queries...
  ✓ Time: 1.50s (0.15 ms/query)
  ✓ QPS: 6670.93

Trial 2/3:
  Running 10000 queries...
  ✓ Time: 1.49s (0.15 ms/query)
  ✓ QPS: 6722.33

Trial 3/3:
  Running 10000 queries...
  ✓ Time: 1.49s (0.15 ms/query)
  ✓ QPS: 6709.23

📊 Average Results:
  Time: 1.49s
  QPS: 6700.83

============================================================
MongoDB Benchmark: products - INSERTONE (batch: 10000)
============================================================

Trial 1/3:
  Running 10000 queries...
  ✓ Time: 1.51s (0.15 ms/query)
  ✓ QPS: 6601.52

Trial 2/3:
  Running 10000 queries...
  ✓ Time: 1.57s (0.16 ms/query)
  ✓ QPS: 6380.37

Trial 3/3:
  Running 10000 queries...
  ✓ Time: 1.53s (0.15 ms/query)
  ✓ QPS: 6522.97

📊 Average Results:
  Time: 1.54s
  QPS: 6501.62

============================================================
MongoDB Benchmark: users - UPDATEONE (batch: 10000)
============================================================

Trial 1/3:
  Running 10000 queries...
  ✓ Time: 1.70s (0.17 ms/query)
  ✓ QPS: 5877.43

Trial 2/3:
  Running 10000 queries...
  ✓ Time: 1.64s (0.16 ms/query)
  ✓ QPS: 6115.45

Trial 3/3:
  Running 10000 queries...
  ✓ Time: 1.69s (0.17 ms/query)
  ✓ QPS: 5922.74

📊 Average Results:
  Time: 1.67s
  QPS: 5971.88

============================================================
MongoDB Benchmark: categories - UPDATEONE (batch: 10000)
============================================================

Trial 1/3:
  Running 10000 queries...
  ✓ Time: 1.64s (0.16 ms/query)
  ✓ QPS: 6079.82

Trial 2/3:
  Running 10000 queries...
  ✓ Time: 1.71s (0.17 ms/query)
  ✓ QPS: 5839.32

Trial 3/3:
  Running 10000 queries...
  ✓ Time: 1.65s (0.16 ms/query)
  ✓ QPS: 6076.68

📊 Average Results:
  Time: 1.67s
  QPS: 5998.60

============================================================
MongoDB Benchmark: products - UPDATEONE (batch: 10000)
============================================================

Trial 1/3:
  Running 10000 queries...
  ✓ Time: 1.70s (0.17 ms/query)
  ✓ QPS: 5893.65

Trial 2/3:
  Running 10000 queries...
  ✓ Time: 1.66s (0.17 ms/query)
  ✓ QPS: 6036.79

Trial 3/3:
  Running 10000 queries...
  ✓ Time: 1.70s (0.17 ms/query)
  ✓ QPS: 5868.87

📊 Average Results:
  Time: 1.69s
  QPS: 5933.11

============================================================
MongoDB Benchmark: users - DELETEONE (batch: 10000)
============================================================

Trial 1/3:
  Running 10000 queries...
  ✓ Time: 2.03s (0.20 ms/query)
  ✓ QPS: 4917.79

Trial 2/3:
  Running 10000 queries...
  ✓ Time: 2.21s (0.22 ms/query)
  ✓ QPS: 4532.43

Trial 3/3:
  Running 10000 queries...
  ✓ Time: 2.10s (0.21 ms/query)
  ✓ QPS: 4756.49

📊 Average Results:
  Time: 2.11s
  QPS: 4735.57

============================================================
MongoDB Benchmark: categories - DELETEONE (batch: 10000)
============================================================

Trial 1/3:
  Running 10000 queries...
  ✓ Time: 1.82s (0.18 ms/query)
  ✓ QPS: 5505.48

Trial 2/3:
  Running 10000 queries...
  ✓ Time: 1.98s (0.20 ms/query)
  ✓ QPS: 5057.08

Trial 3/3:
  Running 10000 queries...
  ✓ Time: 1.98s (0.20 ms/query)
  ✓ QPS: 5049.57

📊 Average Results:
  Time: 1.92s
  QPS: 5204.04

============================================================
MongoDB Benchmark: products - DELETEONE (batch: 10000)
============================================================

Trial 1/3:
  Running 10000 queries...
  ✓ Time: 1.94s (0.19 ms/query)
  ✓ QPS: 5166.89

Trial 2/3:
  Running 10000 queries...
  ✓ Time: 2.03s (0.20 ms/query)
  ✓ QPS: 4935.10

Trial 3/3:
  Running 10000 queries...
  ✓ Time: 2.09s (0.21 ms/query)
  ✓ QPS: 4788.63

📊 Average Results:
  Time: 2.02s
  QPS: 4963.54

▶ MongoDB @ scale=1000000
✓ MongoDB collections dropped
  ✓ Populated users with 1000000 docs
  ✓ Populated products with 100000 docs
  ✓ Populated categories with 200 docs
  ✓ Populated orders with 1000000 docs
✓ MongoDB indexes created (incl. sparse _bench)

============================================================
MongoDB Benchmark: users - FIND (batch: 10000)
============================================================

Trial 1/3:
  Running 10000 queries...
  ✓ Time: 2.71s (0.27 ms/query)
  ✓ QPS: 3686.97

Trial 2/3:
  Running 10000 queries...
  ✓ Time: 2.65s (0.26 ms/query)
  ✓ QPS: 3778.60

Trial 3/3:
  Running 10000 queries...
  ✓ Time: 2.78s (0.28 ms/query)
  ✓ QPS: 3600.53

📊 Average Results:
  Time: 2.71s
  QPS: 3688.70

============================================================
MongoDB Benchmark: categories - FIND (batch: 10000)
============================================================

Trial 1/3:
  Running 10000 queries...
  ✓ Time: 1.66s (0.17 ms/query)
  ✓ QPS: 6009.48

Trial 2/3:
  Running 10000 queries...
  ✓ Time: 1.63s (0.16 ms/query)
  ✓ QPS: 6132.15

Trial 3/3:
  Running 10000 queries...
  ✓ Time: 1.65s (0.16 ms/query)
  ✓ QPS: 6063.19

📊 Average Results:
  Time: 1.65s
  QPS: 6068.27

============================================================
MongoDB Benchmark: products - FIND (batch: 10000)
============================================================

Trial 1/3:
  Running 10000 queries...
  ✓ Time: 2.63s (0.26 ms/query)
  ✓ QPS: 3805.39

Trial 2/3:
  Running 10000 queries...
  ✓ Time: 2.79s (0.28 ms/query)
  ✓ QPS: 3589.70

Trial 3/3:
  Running 10000 queries...
  ✓ Time: 2.72s (0.27 ms/query)
  ✓ QPS: 3674.15

📊 Average Results:
  Time: 2.71s
  QPS: 3689.75

============================================================
MongoDB Benchmark: users - INSERTONE (batch: 10000)
============================================================

Trial 1/3:
  Running 10000 queries...
  ✓ Time: 1.49s (0.15 ms/query)
  ✓ QPS: 6728.41

Trial 2/3:
  Running 10000 queries...
  ✓ Time: 1.55s (0.15 ms/query)
  ✓ QPS: 6461.58

Trial 3/3:
  Running 10000 queries...
  ✓ Time: 1.48s (0.15 ms/query)
  ✓ QPS: 6756.47

📊 Average Results:
  Time: 1.50s
  QPS: 6648.82

============================================================
MongoDB Benchmark: categories - INSERTONE (batch: 10000)
============================================================

Trial 1/3:
  Running 10000 queries...
  ✓ Time: 1.54s (0.15 ms/query)
  ✓ QPS: 6490.26

Trial 2/3:
  Running 10000 queries...
  ✓ Time: 1.52s (0.15 ms/query)
  ✓ QPS: 6566.46

Trial 3/3:
  Running 10000 queries...
  ✓ Time: 1.50s (0.15 ms/query)
  ✓ QPS: 6645.86

📊 Average Results:
  Time: 1.52s
  QPS: 6567.53

============================================================
MongoDB Benchmark: products - INSERTONE (batch: 10000)
============================================================

Trial 1/3:
  Running 10000 queries...
  ✓ Time: 1.53s (0.15 ms/query)
  ✓ QPS: 6551.03

Trial 2/3:
  Running 10000 queries...
  ✓ Time: 1.54s (0.15 ms/query)
  ✓ QPS: 6504.36

Trial 3/3:
  Running 10000 queries...
  ✓ Time: 1.50s (0.15 ms/query)
  ✓ QPS: 6666.62

📊 Average Results:
  Time: 1.52s
  QPS: 6574.00

============================================================
MongoDB Benchmark: users - UPDATEONE (batch: 10000)
============================================================

Trial 1/3:
  Running 10000 queries...
  ✓ Time: 1.63s (0.16 ms/query)
  ✓ QPS: 6119.98

Trial 2/3:
  Running 10000 queries...
  ✓ Time: 1.70s (0.17 ms/query)
  ✓ QPS: 5884.43

Trial 3/3:
  Running 10000 queries...
  ✓ Time: 1.67s (0.17 ms/query)
  ✓ QPS: 5982.68

📊 Average Results:
  Time: 1.67s
  QPS: 5995.70

============================================================
MongoDB Benchmark: categories - UPDATEONE (batch: 10000)
============================================================

Trial 1/3:
  Running 10000 queries...
  ✓ Time: 1.71s (0.17 ms/query)
  ✓ QPS: 5861.83

Trial 2/3:
  Running 10000 queries...
  ✓ Time: 1.66s (0.17 ms/query)
  ✓ QPS: 6023.48

Trial 3/3:
  Running 10000 queries...
  ✓ Time: 1.70s (0.17 ms/query)
  ✓ QPS: 5866.87

📊 Average Results:
  Time: 1.69s
  QPS: 5917.39

============================================================
MongoDB Benchmark: products - UPDATEONE (batch: 10000)
============================================================

Trial 1/3:
  Running 10000 queries...
  ✓ Time: 1.69s (0.17 ms/query)
  ✓ QPS: 5924.01

Trial 2/3:
  Running 10000 queries...
  ✓ Time: 1.72s (0.17 ms/query)
  ✓ QPS: 5830.83

Trial 3/3:
  Running 10000 queries...
  ✓ Time: 1.70s (0.17 ms/query)
  ✓ QPS: 5894.07

📊 Average Results:
  Time: 1.70s
  QPS: 5882.97

============================================================
MongoDB Benchmark: users - DELETEONE (batch: 10000)
============================================================

Trial 1/3:
  Running 10000 queries...
  ✓ Time: 1.93s (0.19 ms/query)
  ✓ QPS: 5188.03

Trial 2/3:
  Running 10000 queries...
  ✓ Time: 1.90s (0.19 ms/query)
  ✓ QPS: 5272.99

Trial 3/3:
  Running 10000 queries...
  ✓ Time: 2.08s (0.21 ms/query)
  ✓ QPS: 4806.73

📊 Average Results:
  Time: 1.97s
  QPS: 5089.25

============================================================
MongoDB Benchmark: categories - DELETEONE (batch: 10000)
============================================================

Trial 1/3:
  Running 10000 queries...
  ✓ Time: 2.02s (0.20 ms/query)
  ✓ QPS: 4948.89

Trial 2/3:
  Running 10000 queries...
  ✓ Time: 2.10s (0.21 ms/query)
  ✓ QPS: 4757.40

Trial 3/3:
  Running 10000 queries...
  ✓ Time: 2.09s (0.21 ms/query)
  ✓ QPS: 4794.50

📊 Average Results:
  Time: 2.07s
  QPS: 4833.60

============================================================
MongoDB Benchmark: products - DELETEONE (batch: 10000)
============================================================

Trial 1/3:
  Running 10000 queries...
  ✓ Time: 2.02s (0.20 ms/query)
  ✓ QPS: 4951.37

Trial 2/3:
  Running 10000 queries...
  ✓ Time: 2.17s (0.22 ms/query)
  ✓ QPS: 4606.48

Trial 3/3:
  Running 10000 queries...
  ✓ Time: 2.13s (0.21 ms/query)
  ✓ QPS: 4702.36

📊 Average Results:
  Time: 2.10s
  QPS: 4753.41

▶ MongoDB @ scale=10000000
✓ MongoDB collections dropped
  ✓ Populated users with 10000000 docs
  ✓ Populated products with 100000 docs
  ✓ Populated categories with 200 docs
  ✓ Populated orders with 10000000 docs
✓ MongoDB indexes created (incl. sparse _bench)

============================================================
MongoDB Benchmark: users - FIND (batch: 10000)
============================================================

Trial 1/3:
  Running 10000 queries...
  ✓ Time: 2.72s (0.27 ms/query)
  ✓ QPS: 3676.79

Trial 2/3:
  Running 10000 queries...
  ✓ Time: 2.69s (0.27 ms/query)
  ✓ QPS: 3713.51

Trial 3/3:
  Running 10000 queries...
  ✓ Time: 2.73s (0.27 ms/query)
  ✓ QPS: 3663.35

📊 Average Results:
  Time: 2.71s
  QPS: 3684.55

============================================================
MongoDB Benchmark: categories - FIND (batch: 10000)
============================================================

Trial 1/3:
  Running 10000 queries...
  ✓ Time: 1.62s (0.16 ms/query)
  ✓ QPS: 6190.53

Trial 2/3:
  Running 10000 queries...
  ✓ Time: 1.62s (0.16 ms/query)
  ✓ QPS: 6157.64

Trial 3/3:
  Running 10000 queries...
  ✓ Time: 1.67s (0.17 ms/query)
  ✓ QPS: 5999.59

📊 Average Results:
  Time: 1.63s
  QPS: 6115.92

============================================================
MongoDB Benchmark: products - FIND (batch: 10000)
============================================================

Trial 1/3:
  Running 10000 queries...
  ✓ Time: 2.61s (0.26 ms/query)
  ✓ QPS: 3834.07

Trial 2/3:
  Running 10000 queries...
  ✓ Time: 2.77s (0.28 ms/query)
  ✓ QPS: 3609.43

Trial 3/3:
  Running 10000 queries...
  ✓ Time: 2.80s (0.28 ms/query)
  ✓ QPS: 3576.61

📊 Average Results:
  Time: 2.72s
  QPS: 3673.37

============================================================
MongoDB Benchmark: users - INSERTONE (batch: 10000)
============================================================

Trial 1/3:
  Running 10000 queries...
  ✓ Time: 1.55s (0.15 ms/query)
  ✓ QPS: 6460.58

Trial 2/3:
  Running 10000 queries...
  ✓ Time: 1.58s (0.16 ms/query)
  ✓ QPS: 6342.03

Trial 3/3:
  Running 10000 queries...
  ✓ Time: 1.54s (0.15 ms/query)
  ✓ QPS: 6476.25

📊 Average Results:
  Time: 1.56s
  QPS: 6426.28

============================================================
MongoDB Benchmark: categories - INSERTONE (batch: 10000)
============================================================

Trial 1/3:
  Running 10000 queries...
  ✓ Time: 1.56s (0.16 ms/query)
  ✓ QPS: 6399.56

Trial 2/3:
  Running 10000 queries...
  ✓ Time: 1.55s (0.15 ms/query)
  ✓ QPS: 6452.05

Trial 3/3:
  Running 10000 queries...
  ✓ Time: 1.54s (0.15 ms/query)
  ✓ QPS: 6491.66

📊 Average Results:
  Time: 1.55s
  QPS: 6447.76

============================================================
MongoDB Benchmark: products - INSERTONE (batch: 10000)
============================================================

Trial 1/3:
  Running 10000 queries...
  ✓ Time: 1.53s (0.15 ms/query)
  ✓ QPS: 6528.77

Trial 2/3:
  Running 10000 queries...
  ✓ Time: 1.53s (0.15 ms/query)
  ✓ QPS: 6550.07

Trial 3/3:
  Running 10000 queries...
  ✓ Time: 1.56s (0.16 ms/query)
  ✓ QPS: 6400.15

📊 Average Results:
  Time: 1.54s
  QPS: 6493.00

============================================================
MongoDB Benchmark: users - UPDATEONE (batch: 10000)
============================================================

Trial 1/3:
  Running 10000 queries...
  ✓ Time: 1.74s (0.17 ms/query)
  ✓ QPS: 5733.45

Trial 2/3:
  Running 10000 queries...
  ✓ Time: 1.78s (0.18 ms/query)
  ✓ QPS: 5624.58

Trial 3/3:
  Running 10000 queries...
  ✓ Time: 1.71s (0.17 ms/query)
  ✓ QPS: 5847.81

📊 Average Results:
  Time: 1.74s
  QPS: 5735.28

============================================================
MongoDB Benchmark: categories - UPDATEONE (batch: 10000)
============================================================

Trial 1/3:
  Running 10000 queries...
  ✓ Time: 1.71s (0.17 ms/query)
  ✓ QPS: 5832.22

Trial 2/3:
  Running 10000 queries...
  ✓ Time: 1.69s (0.17 ms/query)
  ✓ QPS: 5926.28

Trial 3/3:
  Running 10000 queries...
  ✓ Time: 1.68s (0.17 ms/query)
  ✓ QPS: 5935.02

📊 Average Results:
  Time: 1.70s
  QPS: 5897.84

============================================================
MongoDB Benchmark: products - UPDATEONE (batch: 10000)
============================================================

Trial 1/3:
  Running 10000 queries...
  ✓ Time: 1.73s (0.17 ms/query)
  ✓ QPS: 5790.41

Trial 2/3:
  Running 10000 queries...
  ✓ Time: 1.67s (0.17 ms/query)
  ✓ QPS: 5985.20

Trial 3/3:
  Running 10000 queries...
  ✓ Time: 1.71s (0.17 ms/query)
  ✓ QPS: 5845.37

📊 Average Results:
  Time: 1.70s
  QPS: 5873.66

============================================================
MongoDB Benchmark: users - DELETEONE (batch: 10000)
============================================================

Trial 1/3:
  Running 10000 queries...
  ✓ Time: 1.98s (0.20 ms/query)
  ✓ QPS: 5045.21

Trial 2/3:
  Running 10000 queries...
  ✓ Time: 2.34s (0.23 ms/query)
  ✓ QPS: 4280.22

Trial 3/3:
  Running 10000 queries...
  ✓ Time: 2.44s (0.24 ms/query)
  ✓ QPS: 4100.36

📊 Average Results:
  Time: 2.25s
  QPS: 4475.26

============================================================
MongoDB Benchmark: categories - DELETEONE (batch: 10000)
============================================================

Trial 1/3:
  Running 10000 queries...
  ✓ Time: 2.02s (0.20 ms/query)
  ✓ QPS: 4939.18

Trial 2/3:
  Running 10000 queries...
  ✓ Time: 2.09s (0.21 ms/query)
  ✓ QPS: 4786.26

Trial 3/3:
  Running 10000 queries...
  ✓ Time: 2.11s (0.21 ms/query)
  ✓ QPS: 4748.82

📊 Average Results:
  Time: 2.07s
  QPS: 4824.75

============================================================
MongoDB Benchmark: products - DELETEONE (batch: 10000)
============================================================

Trial 1/3:
  Running 10000 queries...
  ✓ Time: 2.02s (0.20 ms/query)
  ✓ QPS: 4943.26

Trial 2/3:
  Running 10000 queries...
  ✓ Time: 2.12s (0.21 ms/query)
  ✓ QPS: 4720.61

Trial 3/3:
  Running 10000 queries...
  ✓ Time: 2.10s (0.21 ms/query)
  ✓ QPS: 4751.37

📊 Average Results:
  Time: 2.08s
  QPS: 4805.08

============================================================
Starting Redis Benchmarks
============================================================
✓ Connected to Redis

▶ Redis @ scale=500000
✓ Redis dataset flushed
  ✓ Loaded 200 keys from queries/categories_redis_set.txt
  ✓ Loaded 500000 keys from queries/users_redis_set.txt
  ✓ Loaded 100000 keys from queries/products_redis_set.txt
  ✓ Loaded 500000 keys from queries/orders_redis_set.txt

============================================================
Redis Benchmark: users - GET (batch: 10000)
============================================================

Trial 1/3:
  Running 10000 queries...
  ✓ Time: 1.17s (0.12 ms/query)
  ✓ QPS: 8576.17

Trial 2/3:
  Running 10000 queries...
  ✓ Time: 1.17s (0.12 ms/query)
  ✓ QPS: 8532.98

Trial 3/3:
  Running 10000 queries...
  ✓ Time: 1.18s (0.12 ms/query)
  ✓ QPS: 8489.43

📊 Average Results:
  Time: 1.17s
  QPS: 8532.86

============================================================
Redis Benchmark: categories - GET (batch: 10000)
============================================================

Trial 1/3:
  Running 10000 queries...
  ✓ Time: 1.18s (0.12 ms/query)
  ✓ QPS: 8482.45

Trial 2/3:
  Running 10000 queries...
  ✓ Time: 1.18s (0.12 ms/query)
  ✓ QPS: 8451.11

Trial 3/3:
  Running 10000 queries...
  ✓ Time: 1.11s (0.11 ms/query)
  ✓ QPS: 9033.96

📊 Average Results:
  Time: 1.16s
  QPS: 8655.84

============================================================
Redis Benchmark: products - GET (batch: 10000)
============================================================

Trial 1/3:
  Running 10000 queries...
  ✓ Time: 1.12s (0.11 ms/query)
  ✓ QPS: 8964.90

Trial 2/3:
  Running 10000 queries...
  ✓ Time: 1.18s (0.12 ms/query)
  ✓ QPS: 8504.78

Trial 3/3:
  Running 10000 queries...
  ✓ Time: 1.17s (0.12 ms/query)
  ✓ QPS: 8511.08

📊 Average Results:
  Time: 1.15s
  QPS: 8660.25

============================================================
Redis Benchmark: orders - GET (batch: 10000)
============================================================

Trial 1/3:
  Running 10000 queries...
  ✓ Time: 1.16s (0.12 ms/query)
  ✓ QPS: 8585.11

Trial 2/3:
  Running 10000 queries...
  ✓ Time: 1.13s (0.11 ms/query)
  ✓ QPS: 8884.30

Trial 3/3:
  Running 10000 queries...
  ✓ Time: 1.14s (0.11 ms/query)
  ✓ QPS: 8750.11

📊 Average Results:
  Time: 1.14s
  QPS: 8739.84

============================================================
Redis Benchmark: users - SET (batch: 10000)
============================================================

Trial 1/3:
  Running 10000 queries...
  ✓ Time: 1.18s (0.12 ms/query)
  ✓ QPS: 8476.28

Trial 2/3:
  Running 10000 queries...
  ✓ Time: 1.20s (0.12 ms/query)
  ✓ QPS: 8304.08

Trial 3/3:
  Running 10000 queries...
  ✓ Time: 1.16s (0.12 ms/query)
  ✓ QPS: 8585.29

📊 Average Results:
  Time: 1.18s
  QPS: 8455.21

============================================================
Redis Benchmark: categories - SET (batch: 10000)
============================================================

Trial 1/3:
  Running 10000 queries...
  ✓ Time: 1.17s (0.12 ms/query)
  ✓ QPS: 8523.91

Trial 2/3:
  Running 10000 queries...
  ✓ Time: 1.17s (0.12 ms/query)
  ✓ QPS: 8511.81

Trial 3/3:
  Running 10000 queries...
  ✓ Time: 1.17s (0.12 ms/query)
  ✓ QPS: 8534.94

📊 Average Results:
  Time: 1.17s
  QPS: 8523.55

============================================================
Redis Benchmark: products - SET (batch: 10000)
============================================================

Trial 1/3:
  Running 10000 queries...
  ✓ Time: 1.15s (0.12 ms/query)
  ✓ QPS: 8673.28

Trial 2/3:
  Running 10000 queries...
  ✓ Time: 1.18s (0.12 ms/query)
  ✓ QPS: 8463.25

Trial 3/3:
  Running 10000 queries...
  ✓ Time: 1.19s (0.12 ms/query)
  ✓ QPS: 8438.25

📊 Average Results:
  Time: 1.17s
  QPS: 8524.93

============================================================
Redis Benchmark: orders - SET (batch: 10000)
============================================================

Trial 1/3:
  Running 10000 queries...
  ✓ Time: 1.20s (0.12 ms/query)
  ✓ QPS: 8331.34

Trial 2/3:
  Running 10000 queries...
  ✓ Time: 1.22s (0.12 ms/query)
  ✓ QPS: 8192.06

Trial 3/3:
  Running 10000 queries...
  ✓ Time: 1.18s (0.12 ms/query)
  ✓ QPS: 8446.89

📊 Average Results:
  Time: 1.20s
  QPS: 8323.43

============================================================
Redis Benchmark: users - DEL (batch: 10000)
============================================================

Trial 1/3:
  Running 10000 queries...
  ✓ Time: 1.18s (0.12 ms/query)
  ✓ QPS: 8483.52

Trial 2/3:
  Running 10000 queries...
  ✓ Time: 1.18s (0.12 ms/query)
  ✓ QPS: 8492.41

Trial 3/3:
  Running 10000 queries...
  ✓ Time: 1.14s (0.11 ms/query)
  ✓ QPS: 8787.96

📊 Average Results:
  Time: 1.16s
  QPS: 8587.96

============================================================
Redis Benchmark: categories - DEL (batch: 10000)
============================================================

Trial 1/3:
  Running 10000 queries...
  ✓ Time: 1.15s (0.11 ms/query)
  ✓ QPS: 8705.01

Trial 2/3:
  Running 10000 queries...
  ✓ Time: 1.14s (0.11 ms/query)
  ✓ QPS: 8761.06

Trial 3/3:
  Running 10000 queries...
  ✓ Time: 1.13s (0.11 ms/query)
  ✓ QPS: 8839.02

📊 Average Results:
  Time: 1.14s
  QPS: 8768.36

============================================================
Redis Benchmark: products - DEL (batch: 10000)
============================================================

Trial 1/3:
  Running 10000 queries...
  ✓ Time: 1.14s (0.11 ms/query)
  ✓ QPS: 8786.34

Trial 2/3:
  Running 10000 queries...
  ✓ Time: 1.11s (0.11 ms/query)
  ✓ QPS: 8992.06

Trial 3/3:
  Running 10000 queries...
  ✓ Time: 1.15s (0.11 ms/query)
  ✓ QPS: 8712.69

📊 Average Results:
  Time: 1.13s
  QPS: 8830.36

============================================================
Redis Benchmark: orders - DEL (batch: 10000)
============================================================

Trial 1/3:
  Running 10000 queries...
  ✓ Time: 1.17s (0.12 ms/query)
  ✓ QPS: 8557.62

Trial 2/3:
  Running 10000 queries...
  ✓ Time: 1.14s (0.11 ms/query)
  ✓ QPS: 8757.60

Trial 3/3:
  Running 10000 queries...
  ✓ Time: 1.07s (0.11 ms/query)
  ✓ QPS: 9311.69

📊 Average Results:
  Time: 1.13s
  QPS: 8875.64

============================================================
Redis Benchmark: users - UPDATE (batch: 10000)
============================================================

Trial 1/3:
  Running 10000 queries...
  ✓ Time: 1.19s (0.12 ms/query)
  ✓ QPS: 8415.78

Trial 2/3:
  Running 10000 queries...
  ✓ Time: 1.18s (0.12 ms/query)
  ✓ QPS: 8470.71

Trial 3/3:
  Running 10000 queries...
  ✓ Time: 1.15s (0.11 ms/query)
  ✓ QPS: 8707.53

📊 Average Results:
  Time: 1.17s
  QPS: 8531.34

============================================================
Redis Benchmark: categories - UPDATE (batch: 10000)
============================================================

Trial 1/3:
  Running 10000 queries...
  ✓ Time: 1.17s (0.12 ms/query)
  ✓ QPS: 8537.45

Trial 2/3:
  Running 10000 queries...
  ✓ Time: 1.13s (0.11 ms/query)
  ✓ QPS: 8881.23

Trial 3/3:
  Running 10000 queries...
  ✓ Time: 1.15s (0.12 ms/query)
  ✓ QPS: 8669.19

📊 Average Results:
  Time: 1.15s
  QPS: 8695.96

============================================================
Redis Benchmark: products - UPDATE (batch: 10000)
============================================================

Trial 1/3:
  Running 10000 queries...
  ✓ Time: 1.19s (0.12 ms/query)
  ✓ QPS: 8406.35

Trial 2/3:
  Running 10000 queries...
  ✓ Time: 1.18s (0.12 ms/query)
  ✓ QPS: 8471.69

Trial 3/3:
  Running 10000 queries...
  ✓ Time: 1.18s (0.12 ms/query)
  ✓ QPS: 8451.46

📊 Average Results:
  Time: 1.18s
  QPS: 8443.17

============================================================
Redis Benchmark: orders - UPDATE (batch: 10000)
============================================================

Trial 1/3:
  Running 10000 queries...
  ✓ Time: 1.16s (0.12 ms/query)
  ✓ QPS: 8657.50

Trial 2/3:
  Running 10000 queries...
  ✓ Time: 1.17s (0.12 ms/query)
  ✓ QPS: 8516.56

Trial 3/3:
  Running 10000 queries...
  ✓ Time: 1.19s (0.12 ms/query)
  ✓ QPS: 8374.00

📊 Average Results:
  Time: 1.17s
  QPS: 8516.02

▶ Redis @ scale=1000000
✓ Redis dataset flushed
  ✓ Loaded 200 keys from queries/categories_redis_set.txt
  ✓ Loaded 1000000 keys from queries/users_redis_set.txt
  ✓ Loaded 100000 keys from queries/products_redis_set.txt
  ✓ Loaded 1000000 keys from queries/orders_redis_set.txt

============================================================
Redis Benchmark: users - GET (batch: 10000)
============================================================

Trial 1/3:
  Running 10000 queries...
  ✓ Time: 1.16s (0.12 ms/query)
  ✓ QPS: 8634.26

Trial 2/3:
  Running 10000 queries...
  ✓ Time: 1.18s (0.12 ms/query)
  ✓ QPS: 8490.37

Trial 3/3:
  Running 10000 queries...
  ✓ Time: 1.21s (0.12 ms/query)
  ✓ QPS: 8266.53

📊 Average Results:
  Time: 1.18s
  QPS: 8463.72

============================================================
Redis Benchmark: categories - GET (batch: 10000)
============================================================

Trial 1/3:
  Running 10000 queries...
  ✓ Time: 1.20s (0.12 ms/query)
  ✓ QPS: 8300.98

Trial 2/3:
  Running 10000 queries...
  ✓ Time: 1.17s (0.12 ms/query)
  ✓ QPS: 8569.95

Trial 3/3:
  Running 10000 queries...
  ✓ Time: 1.16s (0.12 ms/query)
  ✓ QPS: 8640.57

📊 Average Results:
  Time: 1.18s
  QPS: 8503.83

============================================================
Redis Benchmark: products - GET (batch: 10000)
============================================================

Trial 1/3:
  Running 10000 queries...
  ✓ Time: 1.15s (0.12 ms/query)
  ✓ QPS: 8676.74

Trial 2/3:
  Running 10000 queries...
  ✓ Time: 1.18s (0.12 ms/query)
  ✓ QPS: 8452.54

Trial 3/3:
  Running 10000 queries...
  ✓ Time: 1.09s (0.11 ms/query)
  ✓ QPS: 9154.99

📊 Average Results:
  Time: 1.14s
  QPS: 8761.43

============================================================
Redis Benchmark: orders - GET (batch: 10000)
============================================================

Trial 1/3:
  Running 10000 queries...
  ✓ Time: 1.15s (0.11 ms/query)
  ✓ QPS: 8719.08

Trial 2/3:
  Running 10000 queries...
  ✓ Time: 1.17s (0.12 ms/query)
  ✓ QPS: 8543.29

Trial 3/3:
  Running 10000 queries...
  ✓ Time: 1.08s (0.11 ms/query)
  ✓ QPS: 9273.15

📊 Average Results:
  Time: 1.13s
  QPS: 8845.18

============================================================
Redis Benchmark: users - SET (batch: 10000)
============================================================

Trial 1/3:
  Running 10000 queries...
  ✓ Time: 1.21s (0.12 ms/query)
  ✓ QPS: 8255.56

Trial 2/3:
  Running 10000 queries...
  ✓ Time: 1.22s (0.12 ms/query)
  ✓ QPS: 8181.79

Trial 3/3:
  Running 10000 queries...
  ✓ Time: 1.22s (0.12 ms/query)
  ✓ QPS: 8191.84

📊 Average Results:
  Time: 1.22s
  QPS: 8209.73

============================================================
Redis Benchmark: categories - SET (batch: 10000)
============================================================

Trial 1/3:
  Running 10000 queries...
  ✓ Time: 1.19s (0.12 ms/query)
  ✓ QPS: 8369.72

Trial 2/3:
  Running 10000 queries...
  ✓ Time: 1.20s (0.12 ms/query)
  ✓ QPS: 8335.93

Trial 3/3:
  Running 10000 queries...
  ✓ Time: 1.20s (0.12 ms/query)
  ✓ QPS: 8361.67

📊 Average Results:
  Time: 1.20s
  QPS: 8355.77

============================================================
Redis Benchmark: products - SET (batch: 10000)
============================================================

Trial 1/3:
  Running 10000 queries...
  ✓ Time: 1.19s (0.12 ms/query)
  ✓ QPS: 8408.71

Trial 2/3:
  Running 10000 queries...
  ✓ Time: 1.18s (0.12 ms/query)
  ✓ QPS: 8491.94

Trial 3/3:
  Running 10000 queries...
  ✓ Time: 1.18s (0.12 ms/query)
  ✓ QPS: 8498.20

📊 Average Results:
  Time: 1.18s
  QPS: 8466.28

============================================================
Redis Benchmark: orders - SET (batch: 10000)
============================================================

Trial 1/3:
  Running 10000 queries...
  ✓ Time: 1.30s (0.13 ms/query)
  ✓ QPS: 7665.27

Trial 2/3:
  Running 10000 queries...
  ✓ Time: 1.20s (0.12 ms/query)
  ✓ QPS: 8333.86

Trial 3/3:
  Running 10000 queries...
  ✓ Time: 1.19s (0.12 ms/query)
  ✓ QPS: 8382.58

📊 Average Results:
  Time: 1.23s
  QPS: 8127.24

============================================================
Redis Benchmark: users - DEL (batch: 10000)
============================================================

Trial 1/3:
  Running 10000 queries...
  ✓ Time: 1.17s (0.12 ms/query)
  ✓ QPS: 8555.33

Trial 2/3:
  Running 10000 queries...
  ✓ Time: 1.06s (0.11 ms/query)
  ✓ QPS: 9478.38

Trial 3/3:
  Running 10000 queries...
  ✓ Time: 1.12s (0.11 ms/query)
  ✓ QPS: 8919.15

📊 Average Results:
  Time: 1.11s
  QPS: 8984.28

============================================================
Redis Benchmark: categories - DEL (batch: 10000)
============================================================

Trial 1/3:
  Running 10000 queries...
  ✓ Time: 1.13s (0.11 ms/query)
  ✓ QPS: 8881.02

Trial 2/3:
  Running 10000 queries...
  ✓ Time: 1.10s (0.11 ms/query)
  ✓ QPS: 9064.33

Trial 3/3:
  Running 10000 queries...
  ✓ Time: 1.19s (0.12 ms/query)
  ✓ QPS: 8405.94

📊 Average Results:
  Time: 1.14s
  QPS: 8783.76

============================================================
Redis Benchmark: products - DEL (batch: 10000)
============================================================

Trial 1/3:
  Running 10000 queries...
  ✓ Time: 1.19s (0.12 ms/query)
  ✓ QPS: 8435.55

Trial 2/3:
  Running 10000 queries...
  ✓ Time: 1.16s (0.12 ms/query)
  ✓ QPS: 8643.46

Trial 3/3:
  Running 10000 queries...
  ✓ Time: 1.16s (0.12 ms/query)
  ✓ QPS: 8589.89

📊 Average Results:
  Time: 1.17s
  QPS: 8556.30

============================================================
Redis Benchmark: orders - DEL (batch: 10000)
============================================================

Trial 1/3:
  Running 10000 queries...
  ✓ Time: 1.17s (0.12 ms/query)
  ✓ QPS: 8516.18

Trial 2/3:
  Running 10000 queries...
  ✓ Time: 1.16s (0.12 ms/query)
  ✓ QPS: 8619.66

Trial 3/3:
  Running 10000 queries...
  ✓ Time: 1.15s (0.11 ms/query)
  ✓ QPS: 8714.23

📊 Average Results:
  Time: 1.16s
  QPS: 8616.69

============================================================
Redis Benchmark: users - UPDATE (batch: 10000)
============================================================

Trial 1/3:
  Running 10000 queries...
  ✓ Time: 1.16s (0.12 ms/query)
  ✓ QPS: 8653.38

Trial 2/3:
  Running 10000 queries...
  ✓ Time: 1.23s (0.12 ms/query)
  ✓ QPS: 8143.00

Trial 3/3:
  Running 10000 queries...
  ✓ Time: 1.21s (0.12 ms/query)
  ✓ QPS: 8295.57

📊 Average Results:
  Time: 1.20s
  QPS: 8363.98

============================================================
Redis Benchmark: categories - UPDATE (batch: 10000)
============================================================

Trial 1/3:
  Running 10000 queries...
  ✓ Time: 1.16s (0.12 ms/query)
  ✓ QPS: 8598.67

Trial 2/3:
  Running 10000 queries...
  ✓ Time: 1.08s (0.11 ms/query)
  ✓ QPS: 9285.27

Trial 3/3:
  Running 10000 queries...
  ✓ Time: 1.12s (0.11 ms/query)
  ✓ QPS: 8953.31

📊 Average Results:
  Time: 1.12s
  QPS: 8945.75

============================================================
Redis Benchmark: products - UPDATE (batch: 10000)
============================================================

Trial 1/3:
  Running 10000 queries...
  ✓ Time: 1.17s (0.12 ms/query)
  ✓ QPS: 8517.90

Trial 2/3:
  Running 10000 queries...
  ✓ Time: 1.17s (0.12 ms/query)
  ✓ QPS: 8559.71

Trial 3/3:
  Running 10000 queries...
  ✓ Time: 1.15s (0.11 ms/query)
  ✓ QPS: 8717.93

📊 Average Results:
  Time: 1.16s
  QPS: 8598.51

============================================================
Redis Benchmark: orders - UPDATE (batch: 10000)
============================================================

Trial 1/3:
  Running 10000 queries...
  ✓ Time: 1.10s (0.11 ms/query)
  ✓ QPS: 9123.03

Trial 2/3:
  Running 10000 queries...
  ✓ Time: 1.19s (0.12 ms/query)
  ✓ QPS: 8381.93

Trial 3/3:
  Running 10000 queries...
  ✓ Time: 1.20s (0.12 ms/query)
  ✓ QPS: 8354.93

📊 Average Results:
  Time: 1.16s
  QPS: 8619.96

▶ Redis @ scale=10000000
✓ Redis dataset flushed
  ✓ Loaded 200 keys from queries/categories_redis_set.txt
  Load warning: i/o timeout
  Load warning: i/o timeout
  Load warning: i/o timeout
  Load warning: i/o timeout
  Load warning: i/o timeout
  Load warning: i/o timeout
  Load warning: i/o timeout
  Load warning: i/o timeout
  Load warning: i/o timeout
  Load warning: i/o timeout
  Load warning: i/o timeout
  Load warning: i/o timeout
  Load warning: i/o timeout
  Load warning: i/o timeout
  Load warning: i/o timeout
  Load warning: i/o timeout
  Load warning: i/o timeout
  Load warning: i/o timeout
  Load warning: i/o timeout
  Load warning: i/o timeout
  Load warning: i/o timeout
  Load warning: i/o timeout
  Load warning: i/o timeout
  Load warning: i/o timeout
  Load warning: i/o timeout
  Load warning: i/o timeout
  Load warning: i/o timeout
  Load warning: i/o timeout
  Load warning: i/o timeout
  Load warning: i/o timeout
  Load warning: i/o timeout
  ✓ Loaded 10000000 keys from queries/users_redis_set.txt
  ✓ Loaded 100000 keys from queries/products_redis_set.txt
  Load warning: i/o timeout
  Load warning: i/o timeout
  Load warning: i/o timeout
  Load warning: i/o timeout
  Load warning: i/o timeout
  Load warning: i/o timeout
  Load warning: i/o timeout
  Load warning: i/o timeout
  Load warning: i/o timeout
  Load warning: i/o timeout
  Load warning: i/o timeout
  Load warning: i/o timeout
  Load warning: i/o timeout
  Load warning: i/o timeout
  Load warning: i/o timeout
  Load warning: i/o timeout
  Load warning: i/o timeout
  Load warning: i/o timeout
  Load warning: i/o timeout
  Load warning: i/o timeout
  Load warning: i/o timeout
  Load warning: i/o timeout
  Load warning: i/o timeout
  Load warning: i/o timeout
  Load warning: i/o timeout
  Load warning: i/o timeout
  Load warning: i/o timeout
  Load warning: i/o timeout
  Load warning: i/o timeout
  Load warning: i/o timeout
  Load warning: i/o timeout
  Load warning: i/o timeout
  Load warning: i/o timeout
  Load warning: i/o timeout
  Load warning: i/o timeout
  Load warning: i/o timeout
  Load warning: i/o timeout
  Load warning: i/o timeout
  Load warning: i/o timeout
  Load warning: i/o timeout
  Load warning: i/o timeout
  Load warning: i/o timeout
  Load warning: i/o timeout
  Load warning: i/o timeout
  Load warning: i/o timeout
  Load warning: i/o timeout
  Load warning: i/o timeout
  Load warning: i/o timeout
  Load warning: i/o timeout
  Load warning: i/o timeout
  Load warning: i/o timeout
  Load warning: i/o timeout
  Load warning: i/o timeout
  Load warning: i/o timeout
  Load warning: i/o timeout
  Load warning: i/o timeout
  Load warning: i/o timeout
  Load warning: i/o timeout
  Load warning: i/o timeout
  Load warning: i/o timeout
  Load warning: i/o timeout
  Load warning: i/o timeout
  Load warning: i/o timeout
  Load warning: i/o timeout
  Load warning: i/o timeout
  Load warning: i/o timeout
  Load warning: i/o timeout
  Load warning: i/o timeout
  Load warning: i/o timeout
  Load warning: i/o timeout
  Load warning: i/o timeout
  Load warning: i/o timeout
  Load warning: i/o timeout
  Load warning: i/o timeout
  Load warning: i/o timeout
  Load warning: i/o timeout
  Load warning: i/o timeout
  Load warning: i/o timeout
  Load warning: i/o timeout
  Load warning: i/o timeout
  Load warning: i/o timeout
  Load warning: i/o timeout
  Load warning: i/o timeout
  Load warning: i/o timeout
  Load warning: i/o timeout
  Load warning: i/o timeout
  Load warning: i/o timeout
  Load warning: i/o timeout
  Load warning: i/o timeout
  Load warning: i/o timeout
  Load warning: i/o timeout
  Load warning: i/o timeout
  Load warning: i/o timeout
  Load warning: i/o timeout
  Load warning: i/o timeout
  Load warning: i/o timeout
  Load warning: i/o timeout
  Load warning: i/o timeout
  Load warning: i/o timeout
  Load warning: i/o timeout
  Load warning: i/o timeout
  Load warning: i/o timeout
  Load warning: i/o timeout
  Load warning: i/o timeout
  Load warning: i/o timeout
  Load warning: i/o timeout
  Load warning: i/o timeout
  Load warning: i/o timeout
  Load warning: i/o timeout
  Load warning: i/o timeout
  Load warning: i/o timeout
  Load warning: i/o timeout
  Load warning: i/o timeout
  Load warning: i/o timeout
  Load warning: i/o timeout
  Load warning: i/o timeout
  Load warning: i/o timeout
  Load warning: i/o timeout
  Load warning: i/o timeout
  Load warning: i/o timeout
  Load warning: i/o timeout
  Load warning: i/o timeout
  Load warning: i/o timeout
  Load warning: i/o timeout
  Load warning: i/o timeout
  Load warning: i/o timeout
  Load warning: i/o timeout
  Load warning: i/o timeout
  Load warning: i/o timeout
  Load warning: i/o timeout
  Load warning: i/o timeout
  Load warning: i/o timeout
  Load warning: i/o timeout
  Load warning: i/o timeout
  Load warning: i/o timeout
  Load warning: i/o timeout
  Load warning: i/o timeout
  Load warning: i/o timeout
  Load warning: i/o timeout
  Load warning: i/o timeout
  Load warning: i/o timeout
  Load warning: i/o timeout
  Load warning: i/o timeout
  Load warning: i/o timeout
  Load warning: read: connection reset by peer
  Load warning: LOADING Redis is loading the dataset in memory
  Load warning: LOADING Redis is loading the dataset in memory
  Load warning: LOADING Redis is loading the dataset in memory
  Load warning: LOADING Redis is loading the dataset in memory
  Load warning: LOADING Redis is loading the dataset in memory
  Load warning: LOADING Redis is loading the dataset in memory
  Load warning: LOADING Redis is loading the dataset in memory
  Load warning: LOADING Redis is loading the dataset in memory
  Load warning: LOADING Redis is loading the dataset in memory
  Load warning: LOADING Redis is loading the dataset in memory
  Load warning: LOADING Redis is loading the dataset in memory
  Load warning: LOADING Redis is loading the dataset in memory
  Load warning: LOADING Redis is loading the dataset in memory
  Load warning: LOADING Redis is loading the dataset in memory
  Load warning: LOADING Redis is loading the dataset in memory
  Load warning: LOADING Redis is loading the dataset in memory
  Load warning: LOADING Redis is loading the dataset in memory
  Load warning: LOADING Redis is loading the dataset in memory
  Load warning: LOADING Redis is loading the dataset in memory
  Load warning: LOADING Redis is loading the dataset in memory
  Load warning: LOADING Redis is loading the dataset in memory
  Load warning: LOADING Redis is loading the dataset in memory
  Load warning: LOADING Redis is loading the dataset in memory
  Load warning: LOADING Redis is loading the dataset in memory
  Load warning: LOADING Redis is loading the dataset in memory
  Load warning: LOADING Redis is loading the dataset in memory
  Load warning: LOADING Redis is loading the dataset in memory
  Load warning: LOADING Redis is loading the dataset in memory
  Load warning: LOADING Redis is loading the dataset in memory
  Load warning: LOADING Redis is loading the dataset in memory
  Load warning: LOADING Redis is loading the dataset in memory
  Load warning: LOADING Redis is loading the dataset in memory
  Load warning: LOADING Redis is loading the dataset in memory
  Load warning: LOADING Redis is loading the dataset in memory
  Load warning: LOADING Redis is loading the dataset in memory
  Load warning: LOADING Redis is loading the dataset in memory
  Load warning: LOADING Redis is loading the dataset in memory
  Load warning: LOADING Redis is loading the dataset in memory
  Load warning: LOADING Redis is loading the dataset in memory
  Load warning: LOADING Redis is loading the dataset in memory
  Load warning: LOADING Redis is loading the dataset in memory
  Load warning: LOADING Redis is loading the dataset in memory
  Load warning: LOADING Redis is loading the dataset in memory
  Load warning: LOADING Redis is loading the dataset in memory
  Load warning: LOADING Redis is loading the dataset in memory
  Load warning: LOADING Redis is loading the dataset in memory
  Load warning: LOADING Redis is loading the dataset in memory
  Load warning: LOADING Redis is loading the dataset in memory
  Load warning: LOADING Redis is loading the dataset in memory
  Load warning: LOADING Redis is loading the dataset in memory
  Load warning: LOADING Redis is loading the dataset in memory
  Load warning: LOADING Redis is loading the dataset in memory
  Load warning: LOADING Redis is loading the dataset in memory
  Load warning: LOADING Redis is loading the dataset in memory
  Load warning: LOADING Redis is loading the dataset in memory
  Load warning: LOADING Redis is loading the dataset in memory
  Load warning: LOADING Redis is loading the dataset in memory
  Load warning: i/o timeout
  Load warning: i/o timeout
  Load warning: i/o timeout
  Load warning: i/o timeout
  Load warning: i/o timeout
  Load warning: dial tcp [::1]:6379: connect: connection refused
  Load warning: read: connection reset by peer
  Load warning: LOADING Redis is loading the dataset in memory
  Load warning: LOADING Redis is loading the dataset in memory
  Load warning: LOADING Redis is loading the dataset in memory
  Load warning: LOADING Redis is loading the dataset in memory
  Load warning: LOADING Redis is loading the dataset in memory
  Load warning: LOADING Redis is loading the dataset in memory
  Load warning: LOADING Redis is loading the dataset in memory
  Load warning: LOADING Redis is loading the dataset in memory
  Load warning: LOADING Redis is loading the dataset in memory
  Load warning: LOADING Redis is loading the dataset in memory
  Load warning: LOADING Redis is loading the dataset in memory
  Load warning: LOADING Redis is loading the dataset in memory
  Load warning: LOADING Redis is loading the dataset in memory
  Load warning: LOADING Redis is loading the dataset in memory
  Load warning: LOADING Redis is loading the dataset in memory
  Load warning: LOADING Redis is loading the dataset in memory
  Load warning: LOADING Redis is loading the dataset in memory
  Load warning: LOADING Redis is loading the dataset in memory
  Load warning: LOADING Redis is loading the dataset in memory
  Load warning: LOADING Redis is loading the dataset in memory
  Load warning: LOADING Redis is loading the dataset in memory
  Load warning: LOADING Redis is loading the dataset in memory
  Load warning: LOADING Redis is loading the dataset in memory
  Load warning: LOADING Redis is loading the dataset in memory
  Load warning: LOADING Redis is loading the dataset in memory
  Load warning: LOADING Redis is loading the dataset in memory
  Load warning: LOADING Redis is loading the dataset in memory
  Load warning: LOADING Redis is loading the dataset in memory
  Load warning: LOADING Redis is loading the dataset in memory
  Load warning: LOADING Redis is loading the dataset in memory
  Load warning: LOADING Redis is loading the dataset in memory
  Load warning: LOADING Redis is loading the dataset in memory
  Load warning: LOADING Redis is loading the dataset in memory
  Load warning: LOADING Redis is loading the dataset in memory
  Load warning: LOADING Redis is loading the dataset in memory
  Load warning: LOADING Redis is loading the dataset in memory
  Load warning: LOADING Redis is loading the dataset in memory
  Load warning: LOADING Redis is loading the dataset in memory
  Load warning: LOADING Redis is loading the dataset in memory
  Load warning: LOADING Redis is loading the dataset in memory
  Load warning: LOADING Redis is loading the dataset in memory
  Load warning: LOADING Redis is loading the dataset in memory
  Load warning: LOADING Redis is loading the dataset in memory
  Load warning: LOADING Redis is loading the dataset in memory
  Load warning: LOADING Redis is loading the dataset in memory
  Load warning: LOADING Redis is loading the dataset in memory
  Load warning: LOADING Redis is loading the dataset in memory
  Load warning: LOADING Redis is loading the dataset in memory
  Load warning: LOADING Redis is loading the dataset in memory
  Load warning: LOADING Redis is loading the dataset in memory
  Load warning: LOADING Redis is loading the dataset in memory
  Load warning: LOADING Redis is loading the dataset in memory
  Load warning: LOADING Redis is loading the dataset in memory
  Load warning: LOADING Redis is loading the dataset in memory
  Load warning: LOADING Redis is loading the dataset in memory
  Load warning: LOADING Redis is loading the dataset in memory
  Load warning: LOADING Redis is loading the dataset in memory
  Load warning: LOADING Redis is loading the dataset in memory
  Load warning: LOADING Redis is loading the dataset in memory
  Load warning: LOADING Redis is loading the dataset in memory
  Load warning: LOADING Redis is loading the dataset in memory
  Load warning: i/o timeout
  Load warning: i/o timeout
  Load warning: i/o timeout
  Load warning: i/o timeout
  Load warning: i/o timeout
  Load warning: i/o timeout
  Load warning: i/o timeout
  Load warning: i/o timeout
  Load warning: i/o timeout
  Load warning: i/o timeout
  Load warning: i/o timeout
  Load warning: i/o timeout
  Load warning: i/o timeout
  Load warning: i/o timeout
  Load warning: i/o timeout
  Load warning: i/o timeout
  Load warning: i/o timeout
  Load warning: i/o timeout
  Load warning: i/o timeout
  Load warning: i/o timeout
  Load warning: i/o timeout
  Load warning: i/o timeout
  Load warning: i/o timeout
  Load warning: i/o timeout
  Load warning: i/o timeout
  Load warning: i/o timeout
  Load warning: i/o timeout
  Load warning: i/o timeout
  Load warning: i/o timeout
  Load warning: i/o timeout
  Load warning: i/o timeout
  Load warning: i/o timeout
  Load warning: i/o timeout
  Load warning: i/o timeout
  Load warning: i/o timeout
  Load warning: i/o timeout
  Load warning: i/o timeout
  Load warning: i/o timeout
  Load warning: i/o timeout
  Load warning: i/o timeout
  Load warning: i/o timeout
  Load warning: i/o timeout
  Load warning: i/o timeout
  Load warning: i/o timeout
  Load warning: i/o timeout
  Load warning: i/o timeout
  Load warning: i/o timeout
  Load warning: i/o timeout
  Load warning: i/o timeout
  Load warning: i/o timeout
  Load warning: i/o timeout
  Load warning: i/o timeout
  Load warning: i/o timeout
  Load warning: i/o timeout
  Load warning: i/o timeout
  Load warning: i/o timeout
  Load warning: i/o timeout
  Load warning: i/o timeout
  Load warning: i/o timeout
  Load warning: i/o timeout
  Load warning: i/o timeout
  Load warning: i/o timeout
  Load warning: i/o timeout
  Load warning: i/o timeout
  Load warning: i/o timeout
  Load warning: i/o timeout
  Load warning: i/o timeout
  Load warning: i/o timeout
  Load warning: i/o timeout
  Load warning: i/o timeout
  Load warning: i/o timeout
  Load warning: i/o timeout
  Load warning: i/o timeout
  Load warning: i/o timeout
  Load warning: i/o timeout
  Load warning: i/o timeout
  Load warning: i/o timeout
  Load warning: i/o timeout
  Load warning: i/o timeout
  Load warning: i/o timeout
  Load warning: i/o timeout
  Load warning: i/o timeout
  Load warning: i/o timeout
  Load warning: i/o timeout
  Load warning: i/o timeout
  Load warning: i/o timeout
  Load warning: i/o timeout
  Load warning: i/o timeout
  Load warning: i/o timeout
  Load warning: EOF
  Load warning: LOADING Redis is loading the dataset in memory
  Load warning: LOADING Redis is loading the dataset in memory
  Load warning: LOADING Redis is loading the dataset in memory
  Load warning: LOADING Redis is loading the dataset in memory
  Load warning: LOADING Redis is loading the dataset in memory
  Load warning: LOADING Redis is loading the dataset in memory
  Load warning: LOADING Redis is loading the dataset in memory
  Load warning: LOADING Redis is loading the dataset in memory
  Load warning: LOADING Redis is loading the dataset in memory
  Load warning: LOADING Redis is loading the dataset in memory
  Load warning: LOADING Redis is loading the dataset in memory
  Load warning: LOADING Redis is loading the dataset in memory
  Load warning: LOADING Redis is loading the dataset in memory
  Load warning: LOADING Redis is loading the dataset in memory
  Load warning: LOADING Redis is loading the dataset in memory
  Load warning: LOADING Redis is loading the dataset in memory
  Load warning: LOADING Redis is loading the dataset in memory
  Load warning: LOADING Redis is loading the dataset in memory
  Load warning: LOADING Redis is loading the dataset in memory
  Load warning: LOADING Redis is loading the dataset in memory
  Load warning: LOADING Redis is loading the dataset in memory
  Load warning: LOADING Redis is loading the dataset in memory
  Load warning: LOADING Redis is loading the dataset in memory
  Load warning: LOADING Redis is loading the dataset in memory
  Load warning: LOADING Redis is loading the dataset in memory
  Load warning: LOADING Redis is loading the dataset in memory
  Load warning: LOADING Redis is loading the dataset in memory
  Load warning: LOADING Redis is loading the dataset in memory
  Load warning: LOADING Redis is loading the dataset in memory
  Load warning: LOADING Redis is loading the dataset in memory
  Load warning: LOADING Redis is loading the dataset in memory
  Load warning: LOADING Redis is loading the dataset in memory
  Load warning: LOADING Redis is loading the dataset in memory
  Load warning: LOADING Redis is loading the dataset in memory
  Load warning: LOADING Redis is loading the dataset in memory
  Load warning: LOADING Redis is loading the dataset in memory
  Load warning: LOADING Redis is loading the dataset in memory
  Load warning: LOADING Redis is loading the dataset in memory
  Load warning: LOADING Redis is loading the dataset in memory
  Load warning: LOADING Redis is loading the dataset in memory
  Load warning: LOADING Redis is loading the dataset in memory
  Load warning: LOADING Redis is loading the dataset in memory
  Load warning: LOADING Redis is loading the dataset in memory
  Load warning: LOADING Redis is loading the dataset in memory
  Load warning: LOADING Redis is loading the dataset in memory
  Load warning: LOADING Redis is loading the dataset in memory
  Load warning: LOADING Redis is loading the dataset in memory
  Load warning: LOADING Redis is loading the dataset in memory
  Load warning: LOADING Redis is loading the dataset in memory
  Load warning: LOADING Redis is loading the dataset in memory
  Load warning: LOADING Redis is loading the dataset in memory
  Load warning: LOADING Redis is loading the dataset in memory
  Load warning: LOADING Redis is loading the dataset in memory
  Load warning: LOADING Redis is loading the dataset in memory
  Load warning: LOADING Redis is loading the dataset in memory
  Load warning: LOADING Redis is loading the dataset in memory
  Load warning: LOADING Redis is loading the dataset in memory
  Load warning: LOADING Redis is loading the dataset in memory
  Load warning: LOADING Redis is loading the dataset in memory
  Load warning: LOADING Redis is loading the dataset in memory
  Load warning: LOADING Redis is loading the dataset in memory
  Load warning: LOADING Redis is loading the dataset in memory
  Load warning: LOADING Redis is loading the dataset in memory
  Load warning: i/o timeout
  Load warning: i/o timeout
  Load warning: EOF
  Load warning: LOADING Redis is loading the dataset in memory
  Load warning: LOADING Redis is loading the dataset in memory
  Load warning: LOADING Redis is loading the dataset in memory
  Load warning: LOADING Redis is loading the dataset in memory
  Load warning: LOADING Redis is loading the dataset in memory
  Load warning: LOADING Redis is loading the dataset in memory
  Load warning: LOADING Redis is loading the dataset in memory
  Load warning: LOADING Redis is loading the dataset in memory
  Load warning: LOADING Redis is loading the dataset in memory
  Load warning: LOADING Redis is loading the dataset in memory
  Load warning: LOADING Redis is loading the dataset in memory
  Load warning: LOADING Redis is loading the dataset in memory
  Load warning: LOADING Redis is loading the dataset in memory
  Load warning: LOADING Redis is loading the dataset in memory
  Load warning: LOADING Redis is loading the dataset in memory
  Load warning: LOADING Redis is loading the dataset in memory
  Load warning: LOADING Redis is loading the dataset in memory
  Load warning: LOADING Redis is loading the dataset in memory
  Load warning: LOADING Redis is loading the dataset in memory
  Load warning: LOADING Redis is loading the dataset in memory
  Load warning: LOADING Redis is loading the dataset in memory
  Load warning: LOADING Redis is loading the dataset in memory
  Load warning: LOADING Redis is loading the dataset in memory
  Load warning: LOADING Redis is loading the dataset in memory
  Load warning: LOADING Redis is loading the dataset in memory
  Load warning: LOADING Redis is loading the dataset in memory
  Load warning: LOADING Redis is loading the dataset in memory
  Load warning: LOADING Redis is loading the dataset in memory
  Load warning: LOADING Redis is loading the dataset in memory
  Load warning: LOADING Redis is loading the dataset in memory
  Load warning: LOADING Redis is loading the dataset in memory
  Load warning: LOADING Redis is loading the dataset in memory
  Load warning: LOADING Redis is loading the dataset in memory
  Load warning: LOADING Redis is loading the dataset in memory
  Load warning: LOADING Redis is loading the dataset in memory
  Load warning: LOADING Redis is loading the dataset in memory
  Load warning: LOADING Redis is loading the dataset in memory
  Load warning: LOADING Redis is loading the dataset in memory
  Load warning: LOADING Redis is loading the dataset in memory
  Load warning: LOADING Redis is loading the dataset in memory
  Load warning: LOADING Redis is loading the dataset in memory
  Load warning: LOADING Redis is loading the dataset in memory
  Load warning: LOADING Redis is loading the dataset in memory
  Load warning: LOADING Redis is loading the dataset in memory
  Load warning: LOADING Redis is loading the dataset in memory
  Load warning: LOADING Redis is loading the dataset in memory
  Load warning: LOADING Redis is loading the dataset in memory
  Load warning: LOADING Redis is loading the dataset in memory
  Load warning: LOADING Redis is loading the dataset in memory
  Load warning: LOADING Redis is loading the dataset in memory
  Load warning: LOADING Redis is loading the dataset in memory
  Load warning: LOADING Redis is loading the dataset in memory
  Load warning: LOADING Redis is loading the dataset in memory
  Load warning: LOADING Redis is loading the dataset in memory
  Load warning: LOADING Redis is loading the dataset in memory
  Load warning: LOADING Redis is loading the dataset in memory
  Load warning: LOADING Redis is loading the dataset in memory
  Load warning: LOADING Redis is loading the dataset in memory
  Load warning: LOADING Redis is loading the dataset in memory
  Load warning: LOADING Redis is loading the dataset in memory
  Load warning: LOADING Redis is loading the dataset in memory
  Load warning: LOADING Redis is loading the dataset in memory
  Load warning: LOADING Redis is loading the dataset in memory
  Load warning: i/o timeout
  Load warning: i/o timeout
  Load warning: i/o timeout
  Load warning: i/o timeout
  Load warning: i/o timeout
  Load warning: i/o timeout
  Load warning: i/o timeout
  Load warning: i/o timeout
  Load warning: i/o timeout
  Load warning: i/o timeout
  Load warning: i/o timeout
  Load warning: i/o timeout
  Load warning: i/o timeout
  Load warning: i/o timeout
  Load warning: i/o timeout
  Load warning: i/o timeout
  Load warning: i/o timeout
  Load warning: i/o timeout
  Load warning: i/o timeout
  Load warning: i/o timeout
  Load warning: i/o timeout
  Load warning: i/o timeout
  Load warning: i/o timeout
  Load warning: i/o timeout
  Load warning: i/o timeout
  Load warning: i/o timeout
  Load warning: i/o timeout
  Load warning: i/o timeout
  Load warning: i/o timeout
  Load warning: i/o timeout
  Load warning: i/o timeout
  Load warning: i/o timeout
  Load warning: i/o timeout
  Load warning: i/o timeout
  Load warning: i/o timeout
  Load warning: i/o timeout
  Load warning: i/o timeout
  Load warning: i/o timeout
  Load warning: i/o timeout
  Load warning: i/o timeout
  Load warning: i/o timeout
  Load warning: i/o timeout
  Load warning: i/o timeout
  Load warning: i/o timeout
  Load warning: i/o timeout
  Load warning: i/o timeout
  Load warning: i/o timeout
  Load warning: i/o timeout
  Load warning: i/o timeout
  Load warning: LOADING Redis is loading the dataset in memory
  Load warning: LOADING Redis is loading the dataset in memory
  Load warning: LOADING Redis is loading the dataset in memory
  Load warning: LOADING Redis is loading the dataset in memory
  Load warning: LOADING Redis is loading the dataset in memory
  Load warning: LOADING Redis is loading the dataset in memory
  Load warning: LOADING Redis is loading the dataset in memory
  Load warning: LOADING Redis is loading the dataset in memory
  Load warning: LOADING Redis is loading the dataset in memory
  Load warning: LOADING Redis is loading the dataset in memory
  Load warning: LOADING Redis is loading the dataset in memory
  Load warning: LOADING Redis is loading the dataset in memory
  Load warning: LOADING Redis is loading the dataset in memory
  Load warning: LOADING Redis is loading the dataset in memory
  Load warning: LOADING Redis is loading the dataset in memory
  Load warning: LOADING Redis is loading the dataset in memory
  Load warning: LOADING Redis is loading the dataset in memory
  Load warning: LOADING Redis is loading the dataset in memory
  Load warning: LOADING Redis is loading the dataset in memory
  Load warning: LOADING Redis is loading the dataset in memory
  Load warning: LOADING Redis is loading the dataset in memory
  Load warning: LOADING Redis is loading the dataset in memory
  Load warning: LOADING Redis is loading the dataset in memory
  Load warning: LOADING Redis is loading the dataset in memory
  Load warning: LOADING Redis is loading the dataset in memory
  Load warning: LOADING Redis is loading the dataset in memory
  Load warning: LOADING Redis is loading the dataset in memory
  Load warning: LOADING Redis is loading the dataset in memory
  Load warning: LOADING Redis is loading the dataset in memory
  Load warning: LOADING Redis is loading the dataset in memory
  Load warning: LOADING Redis is loading the dataset in memory
  Load warning: LOADING Redis is loading the dataset in memory
  Load warning: LOADING Redis is loading the dataset in memory
  Load warning: LOADING Redis is loading the dataset in memory
  Load warning: LOADING Redis is loading the dataset in memory
  Load warning: LOADING Redis is loading the dataset in memory
  Load warning: LOADING Redis is loading the dataset in memory
  Load warning: LOADING Redis is loading the dataset in memory
  Load warning: LOADING Redis is loading the dataset in memory
  Load warning: LOADING Redis is loading the dataset in memory
  Load warning: LOADING Redis is loading the dataset in memory
  Load warning: LOADING Redis is loading the dataset in memory
  Load warning: LOADING Redis is loading the dataset in memory
  Load warning: LOADING Redis is loading the dataset in memory
  Load warning: LOADING Redis is loading the dataset in memory
  Load warning: LOADING Redis is loading the dataset in memory
  Load warning: LOADING Redis is loading the dataset in memory
  Load warning: LOADING Redis is loading the dataset in memory
  Load warning: LOADING Redis is loading the dataset in memory
  Load warning: LOADING Redis is loading the dataset in memory
  Load warning: LOADING Redis is loading the dataset in memory
  Load warning: LOADING Redis is loading the dataset in memory
  Load warning: LOADING Redis is loading the dataset in memory
  Load warning: LOADING Redis is loading the dataset in memory
  Load warning: LOADING Redis is loading the dataset in memory
  Load warning: LOADING Redis is loading the dataset in memory
  Load warning: LOADING Redis is loading the dataset in memory
  Load warning: LOADING Redis is loading the dataset in memory
  Load warning: LOADING Redis is loading the dataset in memory
  Load warning: LOADING Redis is loading the dataset in memory
  Load warning: LOADING Redis is loading the dataset in memory
  Load warning: LOADING Redis is loading the dataset in memory
  Load warning: LOADING Redis is loading the dataset in memory
  Load warning: LOADING Redis is loading the dataset in memory
  Load warning: LOADING Redis is loading the dataset in memory
  Load warning: LOADING Redis is loading the dataset in memory
  Load warning: LOADING Redis is loading the dataset in memory
  Load warning: i/o timeout
  Load warning: i/o timeout
  Load warning: i/o timeout
  Load warning: i/o timeout
  Load warning: i/o timeout
  Load warning: i/o timeout
  Load warning: i/o timeout
  Load warning: i/o timeout
  Load warning: i/o timeout
  Load warning: i/o timeout
  Load warning: i/o timeout
  Load warning: i/o timeout
  Load warning: i/o timeout
  Load warning: i/o timeout
  Load warning: i/o timeout
  Load warning: i/o timeout
  Load warning: i/o timeout
  Load warning: i/o timeout
  Load warning: i/o timeout
  Load warning: i/o timeout
  Load warning: i/o timeout
  Load warning: i/o timeout
  Load warning: i/o timeout
  Load warning: i/o timeout
  Load warning: i/o timeout
  Load warning: i/o timeout
  Load warning: i/o timeout
  Load warning: i/o timeout
  Load warning: i/o timeout
  Load warning: i/o timeout
  Load warning: i/o timeout
  Load warning: i/o timeout
  Load warning: i/o timeout
  Load warning: i/o timeout
  Load warning: i/o timeout
  Load warning: i/o timeout
  Load warning: i/o timeout
  Load warning: i/o timeout
  Load warning: i/o timeout
  Load warning: i/o timeout
  Load warning: i/o timeout
  Load warning: i/o timeout
  Load warning: i/o timeout
  Load warning: i/o timeout
  Load warning: i/o timeout
  Load warning: i/o timeout
  Load warning: i/o timeout
  Load warning: i/o timeout
  Load warning: i/o timeout
  Load warning: i/o timeout
  Load warning: i/o timeout
  Load warning: i/o timeout
  Load warning: i/o timeout
  Load warning: i/o timeout
  Load warning: i/o timeout
  Load warning: i/o timeout
  Load warning: i/o timeout
  Load warning: i/o timeout
  Load warning: i/o timeout
  Load warning: i/o timeout
  Load warning: i/o timeout
  Load warning: i/o timeout
  Load warning: read tcp [::1]:65469->[::1]:6379: i/o timeout
  Load warning: i/o timeout
  Load warning: i/o timeout
  Load warning: i/o timeout
  Load warning: i/o timeout
  Load warning: i/o timeout
  Load warning: i/o timeout
  Load warning: i/o timeout
  Load warning: i/o timeout
  Load warning: i/o timeout
  Load warning: i/o timeout
  Load warning: i/o timeout
  Load warning: i/o timeout
  Load warning: i/o timeout
  Load warning: i/o timeout
  Load warning: i/o timeout
  Load warning: i/o timeout
  Load warning: i/o timeout
  Load warning: i/o timeout
  Load warning: i/o timeout
  Load warning: i/o timeout
  Load warning: i/o timeout
  Load warning: i/o timeout
  Load warning: i/o timeout
  Load warning: i/o timeout
  Load warning: i/o timeout
  Load warning: i/o timeout
  Load warning: i/o timeout
  Load warning: i/o timeout
  Load warning: i/o timeout
  Load warning: i/o timeout
  Load warning: i/o timeout
  Load warning: i/o timeout
  Load warning: i/o timeout
  Load warning: i/o timeout
  Load warning: i/o timeout
  Load warning: i/o timeout
  Load warning: i/o timeout
  Load warning: i/o timeout
  Load warning: i/o timeout
  Load warning: i/o timeout
  Load warning: i/o timeout
  Load warning: i/o timeout
  Load warning: i/o timeout
  Load warning: i/o timeout
  Load warning: i/o timeout
  Load warning: i/o timeout
  Load warning: i/o timeout
  Load warning: i/o timeout
  Load warning: i/o timeout
  Load warning: i/o timeout
  Load warning: i/o timeout
  Load warning: i/o timeout
  Load warning: i/o timeout
  Load warning: i/o timeout
  Load warning: i/o timeout
  Load warning: i/o timeout
  Load warning: i/o timeout
  Load warning: i/o timeout
  Load warning: i/o timeout
  Load warning: i/o timeout
  Load warning: i/o timeout
  Load warning: i/o timeout
  Load warning: i/o timeout
  Load warning: i/o timeout
  Load warning: i/o timeout
  Load warning: i/o timeout
  Load warning: i/o timeout
  Load warning: i/o timeout
  Load warning: i/o timeout
  Load warning: i/o timeout
  Load warning: i/o timeout
  Load warning: i/o timeout
  Load warning: i/o timeout
  Load warning: i/o timeout
  Load warning: i/o timeout
  Load warning: i/o timeout
  Load warning: i/o timeout
  Load warning: i/o timeout
  Load warning: i/o timeout
  Load warning: i/o timeout
  Load warning: i/o timeout
  Load warning: i/o timeout
  Load warning: i/o timeout
  Load warning: i/o timeout
  Load warning: i/o timeout
  Load warning: i/o timeout
  Load warning: i/o timeout
  Load warning: i/o timeout
  Load warning: i/o timeout
  Load warning: i/o timeout
  Load warning: i/o timeout
  Load warning: i/o timeout
  Load warning: i/o timeout
  Load warning: i/o timeout
  Load warning: i/o timeout
  Load warning: i/o timeout
  Load warning: i/o timeout
  Load warning: i/o timeout
  Load warning: i/o timeout
  Load warning: i/o timeout
  Load warning: i/o timeout
  Load warning: i/o timeout
  Load warning: i/o timeout
  Load warning: i/o timeout
  Load warning: i/o timeout
  Load warning: i/o timeout
  Load warning: i/o timeout
  Load warning: i/o timeout
  Load warning: i/o timeout
  Load warning: i/o timeout
  Load warning: i/o timeout
  Load warning: i/o timeout
  Load warning: i/o timeout
  Load warning: i/o timeout
  Load warning: i/o timeout
  Load warning: i/o timeout
  Load warning: i/o timeout
  Load warning: i/o timeout
  Load warning: i/o timeout
  Load warning: i/o timeout
  Load warning: i/o timeout
  Load warning: i/o timeout
  Load warning: i/o timeout
  Load warning: i/o timeout
  Load warning: i/o timeout
  Load warning: i/o timeout
  Load warning: i/o timeout
  Load warning: i/o timeout
  Load warning: i/o timeout
  Load warning: i/o timeout
  Load warning: i/o timeout
  Load warning: i/o timeout
  Load warning: i/o timeout
  Load warning: i/o timeout
  Load warning: i/o timeout
  Load warning: i/o timeout
  Load warning: i/o timeout
  Load warning: i/o timeout
  Load warning: i/o timeout
  Load warning: i/o timeout
  Load warning: i/o timeout
  Load warning: i/o timeout
  Load warning: i/o timeout
  Load warning: i/o timeout
  Load warning: i/o timeout
  Load warning: i/o timeout
  Load warning: i/o timeout
  Load warning: i/o timeout
  Load warning: i/o timeout
  Load warning: i/o timeout
  Load warning: i/o timeout
  Load warning: i/o timeout
  Load warning: i/o timeout
  Load warning: i/o timeout
  Load warning: i/o timeout
  Load warning: i/o timeout
  Load warning: i/o timeout
  Load warning: i/o timeout
  Load warning: i/o timeout
  Load warning: i/o timeout
  Load warning: i/o timeout
  Load warning: i/o timeout
  Load warning: i/o timeout
  Load warning: i/o timeout
  Load warning: i/o timeout
  Load warning: i/o timeout
  Load warning: i/o timeout
  Load warning: i/o timeout
  Load warning: i/o timeout
  Load warning: i/o timeout
  Load warning: i/o timeout
  Load warning: i/o timeout
  Load warning: i/o timeout
  Load warning: i/o timeout
  Load warning: i/o timeout
  Load warning: i/o timeout
  Load warning: i/o timeout
  Load warning: i/o timeout
  Load warning: i/o timeout
  Load warning: i/o timeout
  Load warning: i/o timeout
  Load warning: i/o timeout
  Load warning: i/o timeout
  Load warning: i/o timeout
  Load warning: i/o timeout
  Load warning: i/o timeout
  Load warning: i/o timeout
  Load warning: i/o timeout
  Load warning: i/o timeout
  Load warning: i/o timeout
  Load warning: i/o timeout
  Load warning: i/o timeout
  Load warning: i/o timeout
  Load warning: i/o timeout
  Load warning: i/o timeout
  Load warning: i/o timeout
  Load warning: dial tcp [::1]:6379: connect: connection refused
  Load warning: dial tcp [::1]:6379: connect: connection refused
  Load warning: read: connection reset by peer
  Load warning: LOADING Redis is loading the dataset in memory
  Load warning: LOADING Redis is loading the dataset in memory
  Load warning: LOADING Redis is loading the dataset in memory
  Load warning: LOADING Redis is loading the dataset in memory
  Load warning: LOADING Redis is loading the dataset in memory
  Load warning: LOADING Redis is loading the dataset in memory
  Load warning: LOADING Redis is loading the dataset in memory
  Load warning: LOADING Redis is loading the dataset in memory
  Load warning: LOADING Redis is loading the dataset in memory
  Load warning: LOADING Redis is loading the dataset in memory
  Load warning: LOADING Redis is loading the dataset in memory
  Load warning: LOADING Redis is loading the dataset in memory
  Load warning: LOADING Redis is loading the dataset in memory
  Load warning: LOADING Redis is loading the dataset in memory
  Load warning: LOADING Redis is loading the dataset in memory
  Load warning: LOADING Redis is loading the dataset in memory
  Load warning: LOADING Redis is loading the dataset in memory
  Load warning: LOADING Redis is loading the dataset in memory
  Load warning: LOADING Redis is loading the dataset in memory
  Load warning: LOADING Redis is loading the dataset in memory
  Load warning: LOADING Redis is loading the dataset in memory
  Load warning: LOADING Redis is loading the dataset in memory
  Load warning: LOADING Redis is loading the dataset in memory
  Load warning: LOADING Redis is loading the dataset in memory
  Load warning: LOADING Redis is loading the dataset in memory
  Load warning: LOADING Redis is loading the dataset in memory
  Load warning: LOADING Redis is loading the dataset in memory
  Load warning: LOADING Redis is loading the dataset in memory
  Load warning: LOADING Redis is loading the dataset in memory
  Load warning: LOADING Redis is loading the dataset in memory
  Load warning: LOADING Redis is loading the dataset in memory
  Load warning: LOADING Redis is loading the dataset in memory
  Load warning: LOADING Redis is loading the dataset in memory
  Load warning: LOADING Redis is loading the dataset in memory
  Load warning: LOADING Redis is loading the dataset in memory
  Load warning: LOADING Redis is loading the dataset in memory
  Load warning: LOADING Redis is loading the dataset in memory
  Load warning: LOADING Redis is loading the dataset in memory
  Load warning: LOADING Redis is loading the dataset in memory
  Load warning: LOADING Redis is loading the dataset in memory
  Load warning: LOADING Redis is loading the dataset in memory
  Load warning: LOADING Redis is loading the dataset in memory
  Load warning: LOADING Redis is loading the dataset in memory
  Load warning: LOADING Redis is loading the dataset in memory
  Load warning: LOADING Redis is loading the dataset in memory
  Load warning: LOADING Redis is loading the dataset in memory
  Load warning: LOADING Redis is loading the dataset in memory
  Load warning: LOADING Redis is loading the dataset in memory
  Load warning: LOADING Redis is loading the dataset in memory
  Load warning: LOADING Redis is loading the dataset in memory
  Load warning: LOADING Redis is loading the dataset in memory
  Load warning: LOADING Redis is loading the dataset in memory
  Load warning: LOADING Redis is loading the dataset in memory
  Load warning: LOADING Redis is loading the dataset in memory
  Load warning: LOADING Redis is loading the dataset in memory
  Load warning: LOADING Redis is loading the dataset in memory
  Load warning: LOADING Redis is loading the dataset in memory
  Load warning: LOADING Redis is loading the dataset in memory
  Load warning: LOADING Redis is loading the dataset in memory
  Load warning: LOADING Redis is loading the dataset in memory
  Load warning: LOADING Redis is loading the dataset in memory
  Load warning: LOADING Redis is loading the dataset in memory
  Load warning: LOADING Redis is loading the dataset in memory
  Load warning: LOADING Redis is loading the dataset in memory
  Load warning: LOADING Redis is loading the dataset in memory
  Load warning: LOADING Redis is loading the dataset in memory
  Load warning: LOADING Redis is loading the dataset in memory
  Load warning: LOADING Redis is loading the dataset in memory
  Load warning: LOADING Redis is loading the dataset in memory
  Load warning: i/o timeout
  Load warning: i/o timeout
  Load warning: i/o timeout
  Load warning: i/o timeout
  Load warning: i/o timeout
  Load warning: i/o timeout
  Load warning: i/o timeout
  Load warning: i/o timeout
  Load warning: i/o timeout
  Load warning: i/o timeout
  Load warning: i/o timeout
  Load warning: i/o timeout
  Load warning: i/o timeout
  Load warning: i/o timeout
  Load warning: i/o timeout
  Load warning: i/o timeout
  Load warning: i/o timeout
  Load warning: i/o timeout
  Load warning: i/o timeout
  Load warning: i/o timeout
  Load warning: i/o timeout
  Load warning: i/o timeout
  Load warning: i/o timeout
  Load warning: i/o timeout
  Load warning: i/o timeout
  Load warning: i/o timeout
  Load warning: i/o timeout
  Load warning: i/o timeout
  Load warning: EOF
  Load warning: dial tcp [::1]:6379: connect: connection refused
  Load warning: read: connection reset by peer
  Load warning: LOADING Redis is loading the dataset in memory
  Load warning: LOADING Redis is loading the dataset in memory
  Load warning: LOADING Redis is loading the dataset in memory
  Load warning: LOADING Redis is loading the dataset in memory
  Load warning: LOADING Redis is loading the dataset in memory
  Load warning: LOADING Redis is loading the dataset in memory
  Load warning: LOADING Redis is loading the dataset in memory
  Load warning: LOADING Redis is loading the dataset in memory
  Load warning: LOADING Redis is loading the dataset in memory
  Load warning: LOADING Redis is loading the dataset in memory
  Load warning: LOADING Redis is loading the dataset in memory
  Load warning: LOADING Redis is loading the dataset in memory
  Load warning: LOADING Redis is loading the dataset in memory
  Load warning: LOADING Redis is loading the dataset in memory
  Load warning: LOADING Redis is loading the dataset in memory
  Load warning: LOADING Redis is loading the dataset in memory
  Load warning: LOADING Redis is loading the dataset in memory
  Load warning: LOADING Redis is loading the dataset in memory
  Load warning: LOADING Redis is loading the dataset in memory
  Load warning: LOADING Redis is loading the dataset in memory
  Load warning: LOADING Redis is loading the dataset in memory
  Load warning: LOADING Redis is loading the dataset in memory
  Load warning: LOADING Redis is loading the dataset in memory
  Load warning: LOADING Redis is loading the dataset in memory
  Load warning: LOADING Redis is loading the dataset in memory
  Load warning: LOADING Redis is loading the dataset in memory
  Load warning: LOADING Redis is loading the dataset in memory
  Load warning: LOADING Redis is loading the dataset in memory
  Load warning: LOADING Redis is loading the dataset in memory
  Load warning: LOADING Redis is loading the dataset in memory
  Load warning: LOADING Redis is loading the dataset in memory
  Load warning: LOADING Redis is loading the dataset in memory
  Load warning: LOADING Redis is loading the dataset in memory
  Load warning: LOADING Redis is loading the dataset in memory
  Load warning: LOADING Redis is loading the dataset in memory
  Load warning: LOADING Redis is loading the dataset in memory
  Load warning: LOADING Redis is loading the dataset in memory
  Load warning: LOADING Redis is loading the dataset in memory
  Load warning: LOADING Redis is loading the dataset in memory
  Load warning: LOADING Redis is loading the dataset in memory
  Load warning: LOADING Redis is loading the dataset in memory
  Load warning: LOADING Redis is loading the dataset in memory
  Load warning: LOADING Redis is loading the dataset in memory
  Load warning: LOADING Redis is loading the dataset in memory
  Load warning: LOADING Redis is loading the dataset in memory
  Load warning: LOADING Redis is loading the dataset in memory
  Load warning: LOADING Redis is loading the dataset in memory
  Load warning: LOADING Redis is loading the dataset in memory
  Load warning: LOADING Redis is loading the dataset in memory
  Load warning: LOADING Redis is loading the dataset in memory
  Load warning: LOADING Redis is loading the dataset in memory
  Load warning: LOADING Redis is loading the dataset in memory
  Load warning: LOADING Redis is loading the dataset in memory
  Load warning: LOADING Redis is loading the dataset in memory
  Load warning: LOADING Redis is loading the dataset in memory
  Load warning: LOADING Redis is loading the dataset in memory
  Load warning: LOADING Redis is loading the dataset in memory
  Load warning: LOADING Redis is loading the dataset in memory
  Load warning: LOADING Redis is loading the dataset in memory
  Load warning: LOADING Redis is loading the dataset in memory
  Load warning: LOADING Redis is loading the dataset in memory
  Load warning: LOADING Redis is loading the dataset in memory
  Load warning: LOADING Redis is loading the dataset in memory
  Load warning: LOADING Redis is loading the dataset in memory
  Load warning: LOADING Redis is loading the dataset in memory
  Load warning: LOADING Redis is loading the dataset in memory
  Load warning: LOADING Redis is loading the dataset in memory
  Load warning: LOADING Redis is loading the dataset in memory
  Load warning: LOADING Redis is loading the dataset in memory
  Load warning: LOADING Redis is loading the dataset in memory
  Load warning: LOADING Redis is loading the dataset in memory
  Load warning: LOADING Redis is loading the dataset in memory
  Load warning: LOADING Redis is loading the dataset in memory
  Load warning: LOADING Redis is loading the dataset in memory
  Load warning: LOADING Redis is loading the dataset in memory
  Load warning: LOADING Redis is loading the dataset in memory
  Load warning: i/o timeout
  Load warning: i/o timeout
  Load warning: i/o timeout
  Load warning: i/o timeout
  Load warning: LOADING Redis is loading the dataset in memory
  Load warning: LOADING Redis is loading the dataset in memory
  Load warning: LOADING Redis is loading the dataset in memory
  Load warning: LOADING Redis is loading the dataset in memory
  Load warning: LOADING Redis is loading the dataset in memory
  Load warning: LOADING Redis is loading the dataset in memory
  Load warning: LOADING Redis is loading the dataset in memory
  Load warning: LOADING Redis is loading the dataset in memory
  Load warning: LOADING Redis is loading the dataset in memory
  Load warning: LOADING Redis is loading the dataset in memory
  Load warning: LOADING Redis is loading the dataset in memory
  Load warning: LOADING Redis is loading the dataset in memory
  Load warning: LOADING Redis is loading the dataset in memory
  Load warning: LOADING Redis is loading the dataset in memory
  Load warning: LOADING Redis is loading the dataset in memory
  Load warning: LOADING Redis is loading the dataset in memory
  Load warning: LOADING Redis is loading the dataset in memory
  Load warning: LOADING Redis is loading the dataset in memory
  Load warning: LOADING Redis is loading the dataset in memory
  Load warning: LOADING Redis is loading the dataset in memory
  Load warning: LOADING Redis is loading the dataset in memory
  Load warning: LOADING Redis is loading the dataset in memory
  Load warning: LOADING Redis is loading the dataset in memory
  Load warning: LOADING Redis is loading the dataset in memory
  Load warning: LOADING Redis is loading the dataset in memory
  Load warning: LOADING Redis is loading the dataset in memory
  Load warning: LOADING Redis is loading the dataset in memory
  Load warning: LOADING Redis is loading the dataset in memory
  Load warning: LOADING Redis is loading the dataset in memory
  Load warning: LOADING Redis is loading the dataset in memory
  Load warning: LOADING Redis is loading the dataset in memory
  Load warning: LOADING Redis is loading the dataset in memory
  Load warning: LOADING Redis is loading the dataset in memory
  Load warning: LOADING Redis is loading the dataset in memory
  Load warning: LOADING Redis is loading the dataset in memory
  Load warning: LOADING Redis is loading the dataset in memory
  Load warning: LOADING Redis is loading the dataset in memory
  Load warning: LOADING Redis is loading the dataset in memory
  Load warning: LOADING Redis is loading the dataset in memory
  Load warning: LOADING Redis is loading the dataset in memory
  Load warning: LOADING Redis is loading the dataset in memory
  Load warning: LOADING Redis is loading the dataset in memory
  Load warning: LOADING Redis is loading the dataset in memory
  Load warning: LOADING Redis is loading the dataset in memory
  Load warning: LOADING Redis is loading the dataset in memory
  Load warning: LOADING Redis is loading the dataset in memory
  Load warning: LOADING Redis is loading the dataset in memory
  Load warning: LOADING Redis is loading the dataset in memory
  Load warning: LOADING Redis is loading the dataset in memory
  Load warning: LOADING Redis is loading the dataset in memory
  Load warning: LOADING Redis is loading the dataset in memory
  Load warning: LOADING Redis is loading the dataset in memory
  Load warning: LOADING Redis is loading the dataset in memory
  Load warning: LOADING Redis is loading the dataset in memory
  Load warning: LOADING Redis is loading the dataset in memory
  Load warning: LOADING Redis is loading the dataset in memory
  Load warning: LOADING Redis is loading the dataset in memory
  Load warning: LOADING Redis is loading the dataset in memory
  Load warning: LOADING Redis is loading the dataset in memory
  Load warning: LOADING Redis is loading the dataset in memory
  Load warning: LOADING Redis is loading the dataset in memory
  Load warning: LOADING Redis is loading the dataset in memory
  Load warning: LOADING Redis is loading the dataset in memory
  Load warning: LOADING Redis is loading the dataset in memory
  Load warning: LOADING Redis is loading the dataset in memory
  Load warning: LOADING Redis is loading the dataset in memory
  Load warning: LOADING Redis is loading the dataset in memory
  Load warning: LOADING Redis is loading the dataset in memory
  Load warning: LOADING Redis is loading the dataset in memory
  Load warning: LOADING Redis is loading the dataset in memory
  Load warning: LOADING Redis is loading the dataset in memory
  Load warning: LOADING Redis is loading the dataset in memory
  Load warning: LOADING Redis is loading the dataset in memory
  Load warning: LOADING Redis is loading the dataset in memory
  Load warning: LOADING Redis is loading the dataset in memory
  Load warning: LOADING Redis is loading the dataset in memory
  Load warning: i/o timeout
  Load warning: i/o timeout
  Load warning: i/o timeout
  Load warning: i/o timeout
  Load warning: i/o timeout
  Load warning: i/o timeout
  Load warning: i/o timeout
  Load warning: i/o timeout
  Load warning: i/o timeout
  Load warning: i/o timeout
  Load warning: dial tcp [::1]:6379: connect: connection refused
  Load warning: LOADING Redis is loading the dataset in memory
  Load warning: LOADING Redis is loading the dataset in memory
  Load warning: LOADING Redis is loading the dataset in memory
  Load warning: LOADING Redis is loading the dataset in memory
  Load warning: LOADING Redis is loading the dataset in memory
  Load warning: LOADING Redis is loading the dataset in memory
  Load warning: LOADING Redis is loading the dataset in memory
  Load warning: LOADING Redis is loading the dataset in memory
  Load warning: LOADING Redis is loading the dataset in memory
  Load warning: LOADING Redis is loading the dataset in memory
  Load warning: LOADING Redis is loading the dataset in memory
  Load warning: LOADING Redis is loading the dataset in memory
  Load warning: LOADING Redis is loading the dataset in memory
  Load warning: LOADING Redis is loading the dataset in memory
  Load warning: LOADING Redis is loading the dataset in memory
  Load warning: LOADING Redis is loading the dataset in memory
  Load warning: LOADING Redis is loading the dataset in memory
  Load warning: LOADING Redis is loading the dataset in memory
  Load warning: LOADING Redis is loading the dataset in memory
  Load warning: LOADING Redis is loading the dataset in memory
  Load warning: LOADING Redis is loading the dataset in memory
  Load warning: LOADING Redis is loading the dataset in memory
  Load warning: LOADING Redis is loading the dataset in memory
  Load warning: LOADING Redis is loading the dataset in memory
  Load warning: LOADING Redis is loading the dataset in memory
  Load warning: LOADING Redis is loading the dataset in memory
  Load warning: LOADING Redis is loading the dataset in memory
  Load warning: LOADING Redis is loading the dataset in memory
  Load warning: LOADING Redis is loading the dataset in memory
  Load warning: LOADING Redis is loading the dataset in memory
  Load warning: LOADING Redis is loading the dataset in memory
  Load warning: LOADING Redis is loading the dataset in memory
  Load warning: LOADING Redis is loading the dataset in memory
  Load warning: LOADING Redis is loading the dataset in memory
  Load warning: LOADING Redis is loading the dataset in memory
  Load warning: LOADING Redis is loading the dataset in memory
  Load warning: LOADING Redis is loading the dataset in memory
  Load warning: LOADING Redis is loading the dataset in memory
  Load warning: LOADING Redis is loading the dataset in memory
  Load warning: LOADING Redis is loading the dataset in memory
  Load warning: LOADING Redis is loading the dataset in memory
  Load warning: LOADING Redis is loading the dataset in memory
  Load warning: LOADING Redis is loading the dataset in memory
  Load warning: LOADING Redis is loading the dataset in memory
  Load warning: LOADING Redis is loading the dataset in memory
  Load warning: LOADING Redis is loading the dataset in memory
  Load warning: LOADING Redis is loading the dataset in memory
  Load warning: LOADING Redis is loading the dataset in memory
  Load warning: LOADING Redis is loading the dataset in memory
  Load warning: LOADING Redis is loading the dataset in memory
  Load warning: LOADING Redis is loading the dataset in memory
  Load warning: LOADING Redis is loading the dataset in memory
  Load warning: LOADING Redis is loading the dataset in memory
  Load warning: LOADING Redis is loading the dataset in memory
  Load warning: LOADING Redis is loading the dataset in memory
  Load warning: LOADING Redis is loading the dataset in memory
  Load warning: LOADING Redis is loading the dataset in memory
  Load warning: LOADING Redis is loading the dataset in memory
  Load warning: LOADING Redis is loading the dataset in memory
  Load warning: LOADING Redis is loading the dataset in memory
  Load warning: LOADING Redis is loading the dataset in memory
  Load warning: LOADING Redis is loading the dataset in memory
  Load warning: LOADING Redis is loading the dataset in memory
  Load warning: LOADING Redis is loading the dataset in memory
  Load warning: LOADING Redis is loading the dataset in memory
  Load warning: LOADING Redis is loading the dataset in memory
  Load warning: LOADING Redis is loading the dataset in memory
  Load warning: LOADING Redis is loading the dataset in memory
  Load warning: LOADING Redis is loading the dataset in memory
  Load warning: LOADING Redis is loading the dataset in memory
  Load warning: LOADING Redis is loading the dataset in memory
  Load warning: LOADING Redis is loading the dataset in memory
  Load warning: LOADING Redis is loading the dataset in memory
  Load warning: LOADING Redis is loading the dataset in memory
  Load warning: LOADING Redis is loading the dataset in memory
  Load warning: LOADING Redis is loading the dataset in memory
  Load warning: LOADING Redis is loading the dataset in memory
  Load warning: i/o timeout
  Load warning: LOADING Redis is loading the dataset in memory
  Load warning: LOADING Redis is loading the dataset in memory
  Load warning: LOADING Redis is loading the dataset in memory
  Load warning: LOADING Redis is loading the dataset in memory
  Load warning: LOADING Redis is loading the dataset in memory
  Load warning: LOADING Redis is loading the dataset in memory
  Load warning: LOADING Redis is loading the dataset in memory
  Load warning: LOADING Redis is loading the dataset in memory
  Load warning: LOADING Redis is loading the dataset in memory
  Load warning: LOADING Redis is loading the dataset in memory
  Load warning: LOADING Redis is loading the dataset in memory
  Load warning: LOADING Redis is loading the dataset in memory
  Load warning: LOADING Redis is loading the dataset in memory
  Load warning: LOADING Redis is loading the dataset in memory
  Load warning: LOADING Redis is loading the dataset in memory
  Load warning: LOADING Redis is loading the dataset in memory
  Load warning: LOADING Redis is loading the dataset in memory
  Load warning: LOADING Redis is loading the dataset in memory
  Load warning: LOADING Redis is loading the dataset in memory
  Load warning: LOADING Redis is loading the dataset in memory
  Load warning: LOADING Redis is loading the dataset in memory
  Load warning: LOADING Redis is loading the dataset in memory
  Load warning: LOADING Redis is loading the dataset in memory
  Load warning: LOADING Redis is loading the dataset in memory
  Load warning: LOADING Redis is loading the dataset in memory
  Load warning: LOADING Redis is loading the dataset in memory
  Load warning: LOADING Redis is loading the dataset in memory
  Load warning: LOADING Redis is loading the dataset in memory
  Load warning: LOADING Redis is loading the dataset in memory
  Load warning: LOADING Redis is loading the dataset in memory
  Load warning: LOADING Redis is loading the dataset in memory
  Load warning: LOADING Redis is loading the dataset in memory
  Load warning: LOADING Redis is loading the dataset in memory
  Load warning: LOADING Redis is loading the dataset in memory
  Load warning: LOADING Redis is loading the dataset in memory
  Load warning: LOADING Redis is loading the dataset in memory
  Load warning: LOADING Redis is loading the dataset in memory
  Load warning: LOADING Redis is loading the dataset in memory
  Load warning: LOADING Redis is loading the dataset in memory
  Load warning: LOADING Redis is loading the dataset in memory
  Load warning: LOADING Redis is loading the dataset in memory
  Load warning: LOADING Redis is loading the dataset in memory
  Load warning: LOADING Redis is loading the dataset in memory
  Load warning: LOADING Redis is loading the dataset in memory
  Load warning: LOADING Redis is loading the dataset in memory
  Load warning: LOADING Redis is loading the dataset in memory
  Load warning: LOADING Redis is loading the dataset in memory
  Load warning: LOADING Redis is loading the dataset in memory
  Load warning: LOADING Redis is loading the dataset in memory
  Load warning: LOADING Redis is loading the dataset in memory
  Load warning: LOADING Redis is loading the dataset in memory
  Load warning: LOADING Redis is loading the dataset in memory
  Load warning: LOADING Redis is loading the dataset in memory
  Load warning: LOADING Redis is loading the dataset in memory
  Load warning: LOADING Redis is loading the dataset in memory
  Load warning: LOADING Redis is loading the dataset in memory
  Load warning: LOADING Redis is loading the dataset in memory
  Load warning: LOADING Redis is loading the dataset in memory
  Load warning: LOADING Redis is loading the dataset in memory
  Load warning: LOADING Redis is loading the dataset in memory
  Load warning: LOADING Redis is loading the dataset in memory
  Load warning: LOADING Redis is loading the dataset in memory
  Load warning: LOADING Redis is loading the dataset in memory
  Load warning: LOADING Redis is loading the dataset in memory
  Load warning: LOADING Redis is loading the dataset in memory
  Load warning: LOADING Redis is loading the dataset in memory
  Load warning: LOADING Redis is loading the dataset in memory
  Load warning: LOADING Redis is loading the dataset in memory
  Load warning: LOADING Redis is loading the dataset in memory
  Load warning: LOADING Redis is loading the dataset in memory
  Load warning: LOADING Redis is loading the dataset in memory
  Load warning: LOADING Redis is loading the dataset in memory
  Load warning: LOADING Redis is loading the dataset in memory
  ✓ Loaded 10000000 keys from queries/orders_redis_set.txt

============================================================
Redis Benchmark: users - GET (batch: 10000)
============================================================

Trial 1/3:
  Running 10000 queries...
  Warning: Query 1 failed: LOADING Redis is loading the dataset in memory
  Warning: Query 2 failed: LOADING Redis is loading the dataset in memory
  Warning: Query 3 failed: LOADING Redis is loading the dataset in memory
  Warning: Query 4 failed: LOADING Redis is loading the dataset in memory
  Warning: Query 5 failed: LOADING Redis is loading the dataset in memory
  ✓ Time: 1.86s (0.19 ms/query)
  ✓ QPS: 5385.44

Trial 2/3:
  Running 10000 queries...
  ✓ Time: 1.27s (0.13 ms/query)
  ✓ QPS: 7862.74

Trial 3/3:
  Running 10000 queries...
  ✓ Time: 1.26s (0.13 ms/query)
  ✓ QPS: 7933.71

📊 Average Results:
  Time: 1.46s
  QPS: 7060.63

============================================================
Redis Benchmark: categories - GET (batch: 10000)
============================================================

Trial 1/3:
  Running 10000 queries...
  ✓ Time: 1.23s (0.12 ms/query)
  ✓ QPS: 8130.32

Trial 2/3:
  Running 10000 queries...
  ✓ Time: 1.12s (0.11 ms/query)
  ✓ QPS: 8892.54

Trial 3/3:
  Running 10000 queries...
  ✓ Time: 1.21s (0.12 ms/query)
  ✓ QPS: 8251.58

📊 Average Results:
  Time: 1.19s
  QPS: 8424.81

============================================================
Redis Benchmark: products - GET (batch: 10000)
============================================================

Trial 1/3:
  Running 10000 queries...
  ✓ Time: 1.20s (0.12 ms/query)
  ✓ QPS: 8300.26

Trial 2/3:
  Running 10000 queries...
  ✓ Time: 1.28s (0.13 ms/query)
  ✓ QPS: 7830.47

Trial 3/3:
  Running 10000 queries...
  ✓ Time: 1.30s (0.13 ms/query)
  ✓ QPS: 7696.34

📊 Average Results:
  Time: 1.26s
  QPS: 7942.36

============================================================
Redis Benchmark: orders - GET (batch: 10000)
============================================================

Trial 1/3:
  Running 10000 queries...
  ✓ Time: 1.25s (0.12 ms/query)
  ✓ QPS: 7996.76

Trial 2/3:
  Running 10000 queries...
  ✓ Time: 1.28s (0.13 ms/query)
  ✓ QPS: 7811.29

Trial 3/3:
  Running 10000 queries...
  ✓ Time: 1.17s (0.12 ms/query)
  ✓ QPS: 8543.11

📊 Average Results:
  Time: 1.23s
  QPS: 8117.05

============================================================
Redis Benchmark: users - SET (batch: 10000)
============================================================

Trial 1/3:
  Running 10000 queries...
  ✓ Time: 1.34s (0.13 ms/query)
  ✓ QPS: 7453.95

Trial 2/3:
  Running 10000 queries...
  ✓ Time: 1.31s (0.13 ms/query)
  ✓ QPS: 7618.88

Trial 3/3:
  Running 10000 queries...
  ✓ Time: 1.24s (0.12 ms/query)
  ✓ QPS: 8055.38

📊 Average Results:
  Time: 1.30s
  QPS: 7709.40

============================================================
Redis Benchmark: categories - SET (batch: 10000)
============================================================

Trial 1/3:
  Running 10000 queries...
  ✓ Time: 1.26s (0.13 ms/query)
  ✓ QPS: 7940.35

Trial 2/3:
  Running 10000 queries...
  ✓ Time: 1.24s (0.12 ms/query)
  ✓ QPS: 8052.78

Trial 3/3:
  Running 10000 queries...
  ✓ Time: 1.28s (0.13 ms/query)
  ✓ QPS: 7821.74

📊 Average Results:
  Time: 1.26s
  QPS: 7938.29

============================================================
Redis Benchmark: products - SET (batch: 10000)
============================================================

Trial 1/3:
  Running 10000 queries...
  ✓ Time: 1.33s (0.13 ms/query)
  ✓ QPS: 7525.37

Trial 2/3:
  Running 10000 queries...
  ✓ Time: 1.20s (0.12 ms/query)
  ✓ QPS: 8347.66

Trial 3/3:
  Running 10000 queries...
  ✓ Time: 1.22s (0.12 ms/query)
  ✓ QPS: 8227.15

📊 Average Results:
  Time: 1.25s
  QPS: 8033.39

============================================================
Redis Benchmark: orders - SET (batch: 10000)
============================================================

Trial 1/3:
  Running 10000 queries...
  ✓ Time: 1.26s (0.13 ms/query)
  ✓ QPS: 7913.18

Trial 2/3:
  Running 10000 queries...
  ✓ Time: 1.26s (0.13 ms/query)
  ✓ QPS: 7908.38

Trial 3/3:
  Running 10000 queries...
  ✓ Time: 1.33s (0.13 ms/query)
  ✓ QPS: 7504.98

📊 Average Results:
  Time: 1.29s
  QPS: 7775.51

============================================================
Redis Benchmark: users - DEL (batch: 10000)
============================================================

Trial 1/3:
  Running 10000 queries...
  ✓ Time: 1.27s (0.13 ms/query)
  ✓ QPS: 7902.40

Trial 2/3:
  Running 10000 queries...
  ✓ Time: 1.22s (0.12 ms/query)
  ✓ QPS: 8223.52

Trial 3/3:
  Running 10000 queries...
  ✓ Time: 1.29s (0.13 ms/query)
  ✓ QPS: 7765.48

📊 Average Results:
  Time: 1.26s
  QPS: 7963.80

============================================================
Redis Benchmark: categories - DEL (batch: 10000)
============================================================

Trial 1/3:
  Running 10000 queries...
  ✓ Time: 1.18s (0.12 ms/query)
  ✓ QPS: 8492.26

Trial 2/3:
  Running 10000 queries...
  ✓ Time: 1.14s (0.11 ms/query)
  ✓ QPS: 8770.26

Trial 3/3:
  Running 10000 queries...
  ✓ Time: 1.24s (0.12 ms/query)
  ✓ QPS: 8041.43

📊 Average Results:
  Time: 1.19s
  QPS: 8434.65

============================================================
Redis Benchmark: products - DEL (batch: 10000)
============================================================

Trial 1/3:
  Running 10000 queries...
  ✓ Time: 1.32s (0.13 ms/query)
  ✓ QPS: 7594.51

Trial 2/3:
  Running 10000 queries...
  ✓ Time: 1.14s (0.11 ms/query)
  ✓ QPS: 8756.73

Trial 3/3:
  Running 10000 queries...
  ✓ Time: 1.20s (0.12 ms/query)
  ✓ QPS: 8299.34

📊 Average Results:
  Time: 1.22s
  QPS: 8216.86

============================================================
Redis Benchmark: orders - DEL (batch: 10000)
============================================================

Trial 1/3:
  Running 10000 queries...
  ✓ Time: 1.27s (0.13 ms/query)
  ✓ QPS: 7902.74

Trial 2/3:
  Running 10000 queries...
  ✓ Time: 1.24s (0.12 ms/query)
  ✓ QPS: 8069.21

Trial 3/3:
  Running 10000 queries...
  ✓ Time: 1.27s (0.13 ms/query)
  ✓ QPS: 7864.36

📊 Average Results:
  Time: 1.26s
  QPS: 7945.44

============================================================
Redis Benchmark: users - UPDATE (batch: 10000)
============================================================

Trial 1/3:
  Running 10000 queries...
  ✓ Time: 1.42s (0.14 ms/query)
  ✓ QPS: 7042.10

Trial 2/3:
  Running 10000 queries...
  ✓ Time: 1.27s (0.13 ms/query)
  ✓ QPS: 7865.58

Trial 3/3:
  Running 10000 queries...
  ✓ Time: 1.33s (0.13 ms/query)
  ✓ QPS: 7532.49

📊 Average Results:
  Time: 1.34s
  QPS: 7480.05

============================================================
Redis Benchmark: categories - UPDATE (batch: 10000)
============================================================

Trial 1/3:
  Running 10000 queries...
  ✓ Time: 1.26s (0.13 ms/query)
  ✓ QPS: 7937.23

Trial 2/3:
  Running 10000 queries...
  ✓ Time: 1.25s (0.13 ms/query)
  ✓ QPS: 7973.27

Trial 3/3:
  Running 10000 queries...
  ✓ Time: 1.22s (0.12 ms/query)
  ✓ QPS: 8181.20

📊 Average Results:
  Time: 1.25s
  QPS: 8030.57

============================================================
Redis Benchmark: products - UPDATE (batch: 10000)
============================================================

Trial 1/3:
  Running 10000 queries...
  ✓ Time: 1.34s (0.13 ms/query)
  ✓ QPS: 7475.85

Trial 2/3:
  Running 10000 queries...
  ✓ Time: 1.23s (0.12 ms/query)
  ✓ QPS: 8116.52

Trial 3/3:
  Running 10000 queries...
  ✓ Time: 1.21s (0.12 ms/query)
  ✓ QPS: 8296.65

📊 Average Results:
  Time: 1.26s
  QPS: 7963.01

============================================================
Redis Benchmark: orders - UPDATE (batch: 10000)
============================================================

Trial 1/3:
  Running 10000 queries...
  ✓ Time: 1.31s (0.13 ms/query)
  ✓ QPS: 7613.21

Trial 2/3:
  Running 10000 queries...
  ✓ Time: 1.21s (0.12 ms/query)
  ✓ QPS: 8243.11

Trial 3/3:
  Running 10000 queries...
  ✓ Time: 1.21s (0.12 ms/query)
  ✓ QPS: 8246.65

📊 Average Results:
  Time: 1.25s
  QPS: 8034.32

============================================================
Saving results...
============================================================
✓ Results saved to results/benchmark_results_20260524_190456.json
✓ Results saved to results/benchmark_results_20260524_190456.csv
✓ Explain plans saved to analysis/explain_plans.md
✓ Explain plans saved to analysis/explain_plans.json

✓ Benchmark completed in 5h15m48.279822042s
✓ Total tests run: 732
✓ Explain plans collected: 20
[0;32m✓ Benchmark complete: results/benchmark_results_20260524_190456.csv[0m

[1m[1;33m▶ Step 6/6 — Refresh analysis notebook[0m

[NbConvertApp] Converting notebook benchmark_analysis.ipynb to notebook
/Users/kacperko/University/zaawansowane-technologie-baz-danych/analysis/venv/lib/python3.11/site-packages/nbformat/__init__.py:96: MissingIDFieldWarning: Cell is missing an id field, this will become a hard error in future nbformat versions. You may want to use `normalize()` on your notebooks before validations (available since nbformat 5.1.4). Previous versions of nbformat are fixing this issue transparently, and will stop doing so in the future.
  validate(nb)
[NbConvertApp] Writing 484920 bytes to benchmark_analysis.ipynb
[0;32m✓ Notebook refreshed → analysis/benchmark_analysis.ipynb[0m
[0;32m✓ Charts regenerated → analysis/chart_*.png[0m

╔═══════════════════════════════════════════════════════════════╗
║                       Experiment Complete                     ║
╚═══════════════════════════════════════════════════════════════╝
Total runtime: 5h 18m 56s
Results CSV:   results/benchmark_results_20260524_190456.csv
Results JSON:  results/benchmark_results_20260524_190456.json
Charts:        analysis/chart_*.png
Notebook:      analysis/benchmark_analysis.ipynb
Log:           logs/run_20260524_134607.log
