╔═══════════════════════════════════════════════════════════════╗
║          Full Benchmark Experiment — 20260523_164112             ║
╚═══════════════════════════════════════════════════════════════╝
  Trials:                  3
  Batch (Phase B/fast):    10000
  Batch (Phase A/no-idx):  1000
  Database target:         all
  Skip generation:         0
  Skip reset:              0
  Skip notebook:           0
  Log file:                logs/run_20260523_164112.log

Data scales: 500_000, 1_000_000, 10_000_000  (per src/cmd/run_benchmarks/main.go)
Phase A (no indexes) runs only at the smallest scale. Phase B (with
indexes) runs at every scale. With tuned MySQL/Postgres buffers, expected
runtime is ~3–5 hours.


[1m[1;33m▶ Step 1/6 — Reset Docker containers (volumes wiped)[0m

time="2026-05-23T16:41:12+02:00" level=warning msg="/Users/kacperko/University/zaawansowane-technologie-baz-danych/docker-compose.yml: the attribute `version` is obsolete, it will be ignored, please remove it to avoid potential confusion"
 Container bench-redis  Stopping
 Container bench-mysql  Stopping
 Container bench-postgres  Stopping
 Container bench-mongo  Stopping
 Container bench-mongo  Stopped
 Container bench-mysql  Stopped
 Container bench-mongo  Removing
 Container bench-mysql  Removing
 Container bench-redis  Stopped
 Container bench-redis  Removing
 Container bench-postgres  Stopped
 Container bench-postgres  Removing
 Container bench-mysql  Removed
 Container bench-mongo  Removed
 Container bench-postgres  Removed
 Container bench-redis  Removed
 Volume zaawansowane-technologie-baz-danych_postgres_data  Removing
 Volume zaawansowane-technologie-baz-danych_mongo_data  Removing
 Volume zaawansowane-technologie-baz-danych_redis_data  Removing
 Network zaawansowane-technologie-baz-danych_default  Removing
 Volume zaawansowane-technologie-baz-danych_mysql_data  Removing
 Volume zaawansowane-technologie-baz-danych_postgres_data  Removed
 Volume zaawansowane-technologie-baz-danych_mongo_data  Removed
 Volume zaawansowane-technologie-baz-danych_redis_data  Removed
 Volume zaawansowane-technologie-baz-danych_mysql_data  Removed
 Network zaawansowane-technologie-baz-danych_default  Removed
time="2026-05-23T16:41:12+02:00" level=warning msg="/Users/kacperko/University/zaawansowane-technologie-baz-danych/docker-compose.yml: the attribute `version` is obsolete, it will be ignored, please remove it to avoid potential confusion"
 Network zaawansowane-technologie-baz-danych_default  Creating
 Network zaawansowane-technologie-baz-danych_default  Created
 Volume zaawansowane-technologie-baz-danych_mongo_data  Creating
 Volume zaawansowane-technologie-baz-danych_mongo_data  Created
 Volume zaawansowane-technologie-baz-danych_redis_data  Creating
 Volume zaawansowane-technologie-baz-danych_redis_data  Created
 Volume zaawansowane-technologie-baz-danych_mysql_data  Creating
 Volume zaawansowane-technologie-baz-danych_mysql_data  Created
 Volume zaawansowane-technologie-baz-danych_postgres_data  Creating
 Volume zaawansowane-technologie-baz-danych_postgres_data  Created
 Container bench-redis  Creating
 Container bench-mysql  Creating
 Container bench-mongo  Creating
 Container bench-postgres  Creating
 Container bench-mongo  Created
 Container bench-mysql  Created
 Container bench-redis  Created
 Container bench-postgres  Created
 Container bench-mongo  Starting
 Container bench-mysql  Starting
 Container bench-redis  Starting
 Container bench-postgres  Starting
 Container bench-mysql  Started
 Container bench-mongo  Started
 Container bench-redis  Started
 Container bench-postgres  Started

[1m[1;33m▶ Step 2/6 — Waiting for databases to become ready[0m

  waiting (1/60): mysql=0 pg=0 mongo=1 redis=1
  waiting (2/60): mysql=0 pg=1 mongo=1 redis=1
[0;32m✓ All four databases reachable.[0m

[1m[1;33m▶ Step 3/6 — Regenerate query files (this is slow at 10M scale)[0m

Starting benchmark data generation...

--- category SQL inserts ---

--- category Mongo inserts ---

--- category Redis sets ---

--- category SQL selects ---

--- category SQL updates ---

--- category SQL deletes ---

--- category Mongo finds ---

--- category Mongo updates ---

--- category Mongo deletes ---

--- category Redis updates ---

--- category Redis deletes ---

--- category Redis gets ---

--- user SQL inserts ---
  100000 / 10000000 user SQL inserts
  200000 / 10000000 user SQL inserts
  300000 / 10000000 user SQL inserts
  400000 / 10000000 user SQL inserts
  500000 / 10000000 user SQL inserts
  600000 / 10000000 user SQL inserts
  700000 / 10000000 user SQL inserts
  800000 / 10000000 user SQL inserts
  900000 / 10000000 user SQL inserts
  1000000 / 10000000 user SQL inserts
  1100000 / 10000000 user SQL inserts
  1200000 / 10000000 user SQL inserts
  1300000 / 10000000 user SQL inserts
  1400000 / 10000000 user SQL inserts
  1500000 / 10000000 user SQL inserts
  1600000 / 10000000 user SQL inserts
  1700000 / 10000000 user SQL inserts
  1800000 / 10000000 user SQL inserts
  1900000 / 10000000 user SQL inserts
  2000000 / 10000000 user SQL inserts
  2100000 / 10000000 user SQL inserts
  2200000 / 10000000 user SQL inserts
  2300000 / 10000000 user SQL inserts
  2400000 / 10000000 user SQL inserts
  2500000 / 10000000 user SQL inserts
  2600000 / 10000000 user SQL inserts
  2700000 / 10000000 user SQL inserts
  2800000 / 10000000 user SQL inserts
  2900000 / 10000000 user SQL inserts
  3000000 / 10000000 user SQL inserts
  3100000 / 10000000 user SQL inserts
  3200000 / 10000000 user SQL inserts
  3300000 / 10000000 user SQL inserts
  3400000 / 10000000 user SQL inserts
  3500000 / 10000000 user SQL inserts
  3600000 / 10000000 user SQL inserts
  3700000 / 10000000 user SQL inserts
  3800000 / 10000000 user SQL inserts
  3900000 / 10000000 user SQL inserts
  4000000 / 10000000 user SQL inserts
  4100000 / 10000000 user SQL inserts
  4200000 / 10000000 user SQL inserts
  4300000 / 10000000 user SQL inserts
  4400000 / 10000000 user SQL inserts
  4500000 / 10000000 user SQL inserts
  4600000 / 10000000 user SQL inserts
  4700000 / 10000000 user SQL inserts
  4800000 / 10000000 user SQL inserts
  4900000 / 10000000 user SQL inserts
  5000000 / 10000000 user SQL inserts
  5100000 / 10000000 user SQL inserts
  5200000 / 10000000 user SQL inserts
  5300000 / 10000000 user SQL inserts
  5400000 / 10000000 user SQL inserts
  5500000 / 10000000 user SQL inserts
  5600000 / 10000000 user SQL inserts
  5700000 / 10000000 user SQL inserts
  5800000 / 10000000 user SQL inserts
  5900000 / 10000000 user SQL inserts
  6000000 / 10000000 user SQL inserts
  6100000 / 10000000 user SQL inserts
  6200000 / 10000000 user SQL inserts
  6300000 / 10000000 user SQL inserts
  6400000 / 10000000 user SQL inserts
  6500000 / 10000000 user SQL inserts
  6600000 / 10000000 user SQL inserts
  6700000 / 10000000 user SQL inserts
  6800000 / 10000000 user SQL inserts
  6900000 / 10000000 user SQL inserts
  7000000 / 10000000 user SQL inserts
  7100000 / 10000000 user SQL inserts
  7200000 / 10000000 user SQL inserts
  7300000 / 10000000 user SQL inserts
  7400000 / 10000000 user SQL inserts
  7500000 / 10000000 user SQL inserts
  7600000 / 10000000 user SQL inserts
  7700000 / 10000000 user SQL inserts
  7800000 / 10000000 user SQL inserts
  7900000 / 10000000 user SQL inserts
  8000000 / 10000000 user SQL inserts
  8100000 / 10000000 user SQL inserts
  8200000 / 10000000 user SQL inserts
  8300000 / 10000000 user SQL inserts
  8400000 / 10000000 user SQL inserts
  8500000 / 10000000 user SQL inserts
  8600000 / 10000000 user SQL inserts
  8700000 / 10000000 user SQL inserts
  8800000 / 10000000 user SQL inserts
  8900000 / 10000000 user SQL inserts
  9000000 / 10000000 user SQL inserts
  9100000 / 10000000 user SQL inserts
  9200000 / 10000000 user SQL inserts
  9300000 / 10000000 user SQL inserts
  9400000 / 10000000 user SQL inserts
  9500000 / 10000000 user SQL inserts
  9600000 / 10000000 user SQL inserts
  9700000 / 10000000 user SQL inserts
  9800000 / 10000000 user SQL inserts
  9900000 / 10000000 user SQL inserts
  10000000 / 10000000 user SQL inserts

--- user SQL selects ---
  100000 / 10000000 user SQL selects
  200000 / 10000000 user SQL selects
  300000 / 10000000 user SQL selects
  400000 / 10000000 user SQL selects
  500000 / 10000000 user SQL selects
  600000 / 10000000 user SQL selects
  700000 / 10000000 user SQL selects
  800000 / 10000000 user SQL selects
  900000 / 10000000 user SQL selects
  1000000 / 10000000 user SQL selects
  1100000 / 10000000 user SQL selects
  1200000 / 10000000 user SQL selects
  1300000 / 10000000 user SQL selects
  1400000 / 10000000 user SQL selects
  1500000 / 10000000 user SQL selects
  1600000 / 10000000 user SQL selects
  1700000 / 10000000 user SQL selects
  1800000 / 10000000 user SQL selects
  1900000 / 10000000 user SQL selects
  2000000 / 10000000 user SQL selects
  2100000 / 10000000 user SQL selects
  2200000 / 10000000 user SQL selects
  2300000 / 10000000 user SQL selects
  2400000 / 10000000 user SQL selects
  2500000 / 10000000 user SQL selects
  2600000 / 10000000 user SQL selects
  2700000 / 10000000 user SQL selects
  2800000 / 10000000 user SQL selects
  2900000 / 10000000 user SQL selects
  3000000 / 10000000 user SQL selects
  3100000 / 10000000 user SQL selects
  3200000 / 10000000 user SQL selects
  3300000 / 10000000 user SQL selects
  3400000 / 10000000 user SQL selects
  3500000 / 10000000 user SQL selects
  3600000 / 10000000 user SQL selects
  3700000 / 10000000 user SQL selects
  3800000 / 10000000 user SQL selects
  3900000 / 10000000 user SQL selects
  4000000 / 10000000 user SQL selects
  4100000 / 10000000 user SQL selects
  4200000 / 10000000 user SQL selects
  4300000 / 10000000 user SQL selects
  4400000 / 10000000 user SQL selects
  4500000 / 10000000 user SQL selects
  4600000 / 10000000 user SQL selects
  4700000 / 10000000 user SQL selects
  4800000 / 10000000 user SQL selects
  4900000 / 10000000 user SQL selects
  5000000 / 10000000 user SQL selects
  5100000 / 10000000 user SQL selects
  5200000 / 10000000 user SQL selects
  5300000 / 10000000 user SQL selects
  5400000 / 10000000 user SQL selects
  5500000 / 10000000 user SQL selects
  5600000 / 10000000 user SQL selects
  5700000 / 10000000 user SQL selects
  5800000 / 10000000 user SQL selects
  5900000 / 10000000 user SQL selects
  6000000 / 10000000 user SQL selects
  6100000 / 10000000 user SQL selects
  6200000 / 10000000 user SQL selects
  6300000 / 10000000 user SQL selects
  6400000 / 10000000 user SQL selects
  6500000 / 10000000 user SQL selects
  6600000 / 10000000 user SQL selects
  6700000 / 10000000 user SQL selects
  6800000 / 10000000 user SQL selects
  6900000 / 10000000 user SQL selects
  7000000 / 10000000 user SQL selects
  7100000 / 10000000 user SQL selects
  7200000 / 10000000 user SQL selects
  7300000 / 10000000 user SQL selects
  7400000 / 10000000 user SQL selects
  7500000 / 10000000 user SQL selects
  7600000 / 10000000 user SQL selects
  7700000 / 10000000 user SQL selects
  7800000 / 10000000 user SQL selects
  7900000 / 10000000 user SQL selects
  8000000 / 10000000 user SQL selects
  8100000 / 10000000 user SQL selects
  8200000 / 10000000 user SQL selects
  8300000 / 10000000 user SQL selects
  8400000 / 10000000 user SQL selects
  8500000 / 10000000 user SQL selects
  8600000 / 10000000 user SQL selects
  8700000 / 10000000 user SQL selects
  8800000 / 10000000 user SQL selects
  8900000 / 10000000 user SQL selects
  9000000 / 10000000 user SQL selects
  9100000 / 10000000 user SQL selects
  9200000 / 10000000 user SQL selects
  9300000 / 10000000 user SQL selects
  9400000 / 10000000 user SQL selects
  9500000 / 10000000 user SQL selects
  9600000 / 10000000 user SQL selects
  9700000 / 10000000 user SQL selects
  9800000 / 10000000 user SQL selects
  9900000 / 10000000 user SQL selects
  10000000 / 10000000 user SQL selects

--- user SQL updates ---
  100000 / 10000000 user SQL updates
  200000 / 10000000 user SQL updates
  300000 / 10000000 user SQL updates
  400000 / 10000000 user SQL updates
  500000 / 10000000 user SQL updates
  600000 / 10000000 user SQL updates
  700000 / 10000000 user SQL updates
  800000 / 10000000 user SQL updates
  900000 / 10000000 user SQL updates
  1000000 / 10000000 user SQL updates
  1100000 / 10000000 user SQL updates
  1200000 / 10000000 user SQL updates
  1300000 / 10000000 user SQL updates
  1400000 / 10000000 user SQL updates
  1500000 / 10000000 user SQL updates
  1600000 / 10000000 user SQL updates
  1700000 / 10000000 user SQL updates
  1800000 / 10000000 user SQL updates
  1900000 / 10000000 user SQL updates
  2000000 / 10000000 user SQL updates
  2100000 / 10000000 user SQL updates
  2200000 / 10000000 user SQL updates
  2300000 / 10000000 user SQL updates
  2400000 / 10000000 user SQL updates
  2500000 / 10000000 user SQL updates
  2600000 / 10000000 user SQL updates
  2700000 / 10000000 user SQL updates
  2800000 / 10000000 user SQL updates
  2900000 / 10000000 user SQL updates
  3000000 / 10000000 user SQL updates
  3100000 / 10000000 user SQL updates
  3200000 / 10000000 user SQL updates
  3300000 / 10000000 user SQL updates
  3400000 / 10000000 user SQL updates
  3500000 / 10000000 user SQL updates
  3600000 / 10000000 user SQL updates
  3700000 / 10000000 user SQL updates
  3800000 / 10000000 user SQL updates
  3900000 / 10000000 user SQL updates
  4000000 / 10000000 user SQL updates
  4100000 / 10000000 user SQL updates
  4200000 / 10000000 user SQL updates
  4300000 / 10000000 user SQL updates
  4400000 / 10000000 user SQL updates
  4500000 / 10000000 user SQL updates
  4600000 / 10000000 user SQL updates
  4700000 / 10000000 user SQL updates
  4800000 / 10000000 user SQL updates
  4900000 / 10000000 user SQL updates
  5000000 / 10000000 user SQL updates
  5100000 / 10000000 user SQL updates
  5200000 / 10000000 user SQL updates
  5300000 / 10000000 user SQL updates
  5400000 / 10000000 user SQL updates
  5500000 / 10000000 user SQL updates
  5600000 / 10000000 user SQL updates
  5700000 / 10000000 user SQL updates
  5800000 / 10000000 user SQL updates
  5900000 / 10000000 user SQL updates
  6000000 / 10000000 user SQL updates
  6100000 / 10000000 user SQL updates
  6200000 / 10000000 user SQL updates
  6300000 / 10000000 user SQL updates
  6400000 / 10000000 user SQL updates
  6500000 / 10000000 user SQL updates
  6600000 / 10000000 user SQL updates
  6700000 / 10000000 user SQL updates
  6800000 / 10000000 user SQL updates
  6900000 / 10000000 user SQL updates
  7000000 / 10000000 user SQL updates
  7100000 / 10000000 user SQL updates
  7200000 / 10000000 user SQL updates
  7300000 / 10000000 user SQL updates
  7400000 / 10000000 user SQL updates
  7500000 / 10000000 user SQL updates
  7600000 / 10000000 user SQL updates
  7700000 / 10000000 user SQL updates
  7800000 / 10000000 user SQL updates
  7900000 / 10000000 user SQL updates
  8000000 / 10000000 user SQL updates
  8100000 / 10000000 user SQL updates
  8200000 / 10000000 user SQL updates
  8300000 / 10000000 user SQL updates
  8400000 / 10000000 user SQL updates
  8500000 / 10000000 user SQL updates
  8600000 / 10000000 user SQL updates
  8700000 / 10000000 user SQL updates
  8800000 / 10000000 user SQL updates
  8900000 / 10000000 user SQL updates
  9000000 / 10000000 user SQL updates
  9100000 / 10000000 user SQL updates
  9200000 / 10000000 user SQL updates
  9300000 / 10000000 user SQL updates
  9400000 / 10000000 user SQL updates
  9500000 / 10000000 user SQL updates
  9600000 / 10000000 user SQL updates
  9700000 / 10000000 user SQL updates
  9800000 / 10000000 user SQL updates
  9900000 / 10000000 user SQL updates
  10000000 / 10000000 user SQL updates

--- user SQL deletes ---
  100000 / 10000000 user SQL deletes
  200000 / 10000000 user SQL deletes
  300000 / 10000000 user SQL deletes
  400000 / 10000000 user SQL deletes
  500000 / 10000000 user SQL deletes
  600000 / 10000000 user SQL deletes
  700000 / 10000000 user SQL deletes
  800000 / 10000000 user SQL deletes
  900000 / 10000000 user SQL deletes
  1000000 / 10000000 user SQL deletes
  1100000 / 10000000 user SQL deletes
  1200000 / 10000000 user SQL deletes
  1300000 / 10000000 user SQL deletes
  1400000 / 10000000 user SQL deletes
  1500000 / 10000000 user SQL deletes
  1600000 / 10000000 user SQL deletes
  1700000 / 10000000 user SQL deletes
  1800000 / 10000000 user SQL deletes
  1900000 / 10000000 user SQL deletes
  2000000 / 10000000 user SQL deletes
  2100000 / 10000000 user SQL deletes
  2200000 / 10000000 user SQL deletes
  2300000 / 10000000 user SQL deletes
  2400000 / 10000000 user SQL deletes
  2500000 / 10000000 user SQL deletes
  2600000 / 10000000 user SQL deletes
  2700000 / 10000000 user SQL deletes
  2800000 / 10000000 user SQL deletes
  2900000 / 10000000 user SQL deletes
  3000000 / 10000000 user SQL deletes
  3100000 / 10000000 user SQL deletes
  3200000 / 10000000 user SQL deletes
  3300000 / 10000000 user SQL deletes
  3400000 / 10000000 user SQL deletes
  3500000 / 10000000 user SQL deletes
  3600000 / 10000000 user SQL deletes
  3700000 / 10000000 user SQL deletes
  3800000 / 10000000 user SQL deletes
  3900000 / 10000000 user SQL deletes
  4000000 / 10000000 user SQL deletes
  4100000 / 10000000 user SQL deletes
  4200000 / 10000000 user SQL deletes
  4300000 / 10000000 user SQL deletes
  4400000 / 10000000 user SQL deletes
  4500000 / 10000000 user SQL deletes
  4600000 / 10000000 user SQL deletes
  4700000 / 10000000 user SQL deletes
  4800000 / 10000000 user SQL deletes
  4900000 / 10000000 user SQL deletes
  5000000 / 10000000 user SQL deletes
  5100000 / 10000000 user SQL deletes
  5200000 / 10000000 user SQL deletes
  5300000 / 10000000 user SQL deletes
  5400000 / 10000000 user SQL deletes
  5500000 / 10000000 user SQL deletes
  5600000 / 10000000 user SQL deletes
  5700000 / 10000000 user SQL deletes
  5800000 / 10000000 user SQL deletes
  5900000 / 10000000 user SQL deletes
  6000000 / 10000000 user SQL deletes
  6100000 / 10000000 user SQL deletes
  6200000 / 10000000 user SQL deletes
  6300000 / 10000000 user SQL deletes
  6400000 / 10000000 user SQL deletes
  6500000 / 10000000 user SQL deletes
  6600000 / 10000000 user SQL deletes
  6700000 / 10000000 user SQL deletes
  6800000 / 10000000 user SQL deletes
  6900000 / 10000000 user SQL deletes
  7000000 / 10000000 user SQL deletes
  7100000 / 10000000 user SQL deletes
  7200000 / 10000000 user SQL deletes
  7300000 / 10000000 user SQL deletes
  7400000 / 10000000 user SQL deletes
  7500000 / 10000000 user SQL deletes
  7600000 / 10000000 user SQL deletes
  7700000 / 10000000 user SQL deletes
  7800000 / 10000000 user SQL deletes
  7900000 / 10000000 user SQL deletes
  8000000 / 10000000 user SQL deletes
  8100000 / 10000000 user SQL deletes
  8200000 / 10000000 user SQL deletes
  8300000 / 10000000 user SQL deletes
  8400000 / 10000000 user SQL deletes
  8500000 / 10000000 user SQL deletes
  8600000 / 10000000 user SQL deletes
  8700000 / 10000000 user SQL deletes
  8800000 / 10000000 user SQL deletes
  8900000 / 10000000 user SQL deletes
  9000000 / 10000000 user SQL deletes
  9100000 / 10000000 user SQL deletes
  9200000 / 10000000 user SQL deletes
  9300000 / 10000000 user SQL deletes
  9400000 / 10000000 user SQL deletes
  9500000 / 10000000 user SQL deletes
  9600000 / 10000000 user SQL deletes
  9700000 / 10000000 user SQL deletes
  9800000 / 10000000 user SQL deletes
  9900000 / 10000000 user SQL deletes
  10000000 / 10000000 user SQL deletes

--- user Mongo inserts ---
  100000 / 10000000 user Mongo inserts
  200000 / 10000000 user Mongo inserts
  300000 / 10000000 user Mongo inserts
  400000 / 10000000 user Mongo inserts
  500000 / 10000000 user Mongo inserts
  600000 / 10000000 user Mongo inserts
  700000 / 10000000 user Mongo inserts
  800000 / 10000000 user Mongo inserts
  900000 / 10000000 user Mongo inserts
  1000000 / 10000000 user Mongo inserts
  1100000 / 10000000 user Mongo inserts
  1200000 / 10000000 user Mongo inserts
  1300000 / 10000000 user Mongo inserts
  1400000 / 10000000 user Mongo inserts
  1500000 / 10000000 user Mongo inserts
  1600000 / 10000000 user Mongo inserts
  1700000 / 10000000 user Mongo inserts
  1800000 / 10000000 user Mongo inserts
  1900000 / 10000000 user Mongo inserts
  2000000 / 10000000 user Mongo inserts
  2100000 / 10000000 user Mongo inserts
  2200000 / 10000000 user Mongo inserts
  2300000 / 10000000 user Mongo inserts
  2400000 / 10000000 user Mongo inserts
  2500000 / 10000000 user Mongo inserts
  2600000 / 10000000 user Mongo inserts
  2700000 / 10000000 user Mongo inserts
  2800000 / 10000000 user Mongo inserts
  2900000 / 10000000 user Mongo inserts
  3000000 / 10000000 user Mongo inserts
  3100000 / 10000000 user Mongo inserts
  3200000 / 10000000 user Mongo inserts
  3300000 / 10000000 user Mongo inserts
  3400000 / 10000000 user Mongo inserts
  3500000 / 10000000 user Mongo inserts
  3600000 / 10000000 user Mongo inserts
  3700000 / 10000000 user Mongo inserts
  3800000 / 10000000 user Mongo inserts
  3900000 / 10000000 user Mongo inserts
  4000000 / 10000000 user Mongo inserts
  4100000 / 10000000 user Mongo inserts
  4200000 / 10000000 user Mongo inserts
  4300000 / 10000000 user Mongo inserts
  4400000 / 10000000 user Mongo inserts
  4500000 / 10000000 user Mongo inserts
  4600000 / 10000000 user Mongo inserts
  4700000 / 10000000 user Mongo inserts
  4800000 / 10000000 user Mongo inserts
  4900000 / 10000000 user Mongo inserts
  5000000 / 10000000 user Mongo inserts
  5100000 / 10000000 user Mongo inserts
  5200000 / 10000000 user Mongo inserts
  5300000 / 10000000 user Mongo inserts
  5400000 / 10000000 user Mongo inserts
  5500000 / 10000000 user Mongo inserts
  5600000 / 10000000 user Mongo inserts
  5700000 / 10000000 user Mongo inserts
  5800000 / 10000000 user Mongo inserts
  5900000 / 10000000 user Mongo inserts
  6000000 / 10000000 user Mongo inserts
  6100000 / 10000000 user Mongo inserts
  6200000 / 10000000 user Mongo inserts
  6300000 / 10000000 user Mongo inserts
  6400000 / 10000000 user Mongo inserts
  6500000 / 10000000 user Mongo inserts
  6600000 / 10000000 user Mongo inserts
  6700000 / 10000000 user Mongo inserts
  6800000 / 10000000 user Mongo inserts
  6900000 / 10000000 user Mongo inserts
  7000000 / 10000000 user Mongo inserts
  7100000 / 10000000 user Mongo inserts
  7200000 / 10000000 user Mongo inserts
  7300000 / 10000000 user Mongo inserts
  7400000 / 10000000 user Mongo inserts
  7500000 / 10000000 user Mongo inserts
  7600000 / 10000000 user Mongo inserts
  7700000 / 10000000 user Mongo inserts
  7800000 / 10000000 user Mongo inserts
  7900000 / 10000000 user Mongo inserts
  8000000 / 10000000 user Mongo inserts
  8100000 / 10000000 user Mongo inserts
  8200000 / 10000000 user Mongo inserts
  8300000 / 10000000 user Mongo inserts
  8400000 / 10000000 user Mongo inserts
  8500000 / 10000000 user Mongo inserts
  8600000 / 10000000 user Mongo inserts
  8700000 / 10000000 user Mongo inserts
  8800000 / 10000000 user Mongo inserts
  8900000 / 10000000 user Mongo inserts
  9000000 / 10000000 user Mongo inserts
  9100000 / 10000000 user Mongo inserts
  9200000 / 10000000 user Mongo inserts
  9300000 / 10000000 user Mongo inserts
  9400000 / 10000000 user Mongo inserts
  9500000 / 10000000 user Mongo inserts
  9600000 / 10000000 user Mongo inserts
  9700000 / 10000000 user Mongo inserts
  9800000 / 10000000 user Mongo inserts
  9900000 / 10000000 user Mongo inserts
  10000000 / 10000000 user Mongo inserts

--- user Mongo finds ---
  100000 / 10000000 user Mongo finds
  200000 / 10000000 user Mongo finds
  300000 / 10000000 user Mongo finds
  400000 / 10000000 user Mongo finds
  500000 / 10000000 user Mongo finds
  600000 / 10000000 user Mongo finds
  700000 / 10000000 user Mongo finds
  800000 / 10000000 user Mongo finds
  900000 / 10000000 user Mongo finds
  1000000 / 10000000 user Mongo finds
  1100000 / 10000000 user Mongo finds
  1200000 / 10000000 user Mongo finds
  1300000 / 10000000 user Mongo finds
  1400000 / 10000000 user Mongo finds
  1500000 / 10000000 user Mongo finds
  1600000 / 10000000 user Mongo finds
  1700000 / 10000000 user Mongo finds
  1800000 / 10000000 user Mongo finds
  1900000 / 10000000 user Mongo finds
  2000000 / 10000000 user Mongo finds
  2100000 / 10000000 user Mongo finds
  2200000 / 10000000 user Mongo finds
  2300000 / 10000000 user Mongo finds
  2400000 / 10000000 user Mongo finds
  2500000 / 10000000 user Mongo finds
  2600000 / 10000000 user Mongo finds
  2700000 / 10000000 user Mongo finds
  2800000 / 10000000 user Mongo finds
  2900000 / 10000000 user Mongo finds
  3000000 / 10000000 user Mongo finds
  3100000 / 10000000 user Mongo finds
  3200000 / 10000000 user Mongo finds
  3300000 / 10000000 user Mongo finds
  3400000 / 10000000 user Mongo finds
  3500000 / 10000000 user Mongo finds
  3600000 / 10000000 user Mongo finds
  3700000 / 10000000 user Mongo finds
  3800000 / 10000000 user Mongo finds
  3900000 / 10000000 user Mongo finds
  4000000 / 10000000 user Mongo finds
  4100000 / 10000000 user Mongo finds
  4200000 / 10000000 user Mongo finds
  4300000 / 10000000 user Mongo finds
  4400000 / 10000000 user Mongo finds
  4500000 / 10000000 user Mongo finds
  4600000 / 10000000 user Mongo finds
  4700000 / 10000000 user Mongo finds
  4800000 / 10000000 user Mongo finds
  4900000 / 10000000 user Mongo finds
  5000000 / 10000000 user Mongo finds
  5100000 / 10000000 user Mongo finds
  5200000 / 10000000 user Mongo finds
  5300000 / 10000000 user Mongo finds
  5400000 / 10000000 user Mongo finds
  5500000 / 10000000 user Mongo finds
  5600000 / 10000000 user Mongo finds
  5700000 / 10000000 user Mongo finds
  5800000 / 10000000 user Mongo finds
  5900000 / 10000000 user Mongo finds
  6000000 / 10000000 user Mongo finds
  6100000 / 10000000 user Mongo finds
  6200000 / 10000000 user Mongo finds
  6300000 / 10000000 user Mongo finds
  6400000 / 10000000 user Mongo finds
  6500000 / 10000000 user Mongo finds
  6600000 / 10000000 user Mongo finds
  6700000 / 10000000 user Mongo finds
  6800000 / 10000000 user Mongo finds
  6900000 / 10000000 user Mongo finds
  7000000 / 10000000 user Mongo finds
  7100000 / 10000000 user Mongo finds
  7200000 / 10000000 user Mongo finds
  7300000 / 10000000 user Mongo finds
  7400000 / 10000000 user Mongo finds
  7500000 / 10000000 user Mongo finds
  7600000 / 10000000 user Mongo finds
  7700000 / 10000000 user Mongo finds
  7800000 / 10000000 user Mongo finds
  7900000 / 10000000 user Mongo finds
  8000000 / 10000000 user Mongo finds
  8100000 / 10000000 user Mongo finds
  8200000 / 10000000 user Mongo finds
  8300000 / 10000000 user Mongo finds
  8400000 / 10000000 user Mongo finds
  8500000 / 10000000 user Mongo finds
  8600000 / 10000000 user Mongo finds
  8700000 / 10000000 user Mongo finds
  8800000 / 10000000 user Mongo finds
  8900000 / 10000000 user Mongo finds
  9000000 / 10000000 user Mongo finds
  9100000 / 10000000 user Mongo finds
  9200000 / 10000000 user Mongo finds
  9300000 / 10000000 user Mongo finds
  9400000 / 10000000 user Mongo finds
  9500000 / 10000000 user Mongo finds
  9600000 / 10000000 user Mongo finds
  9700000 / 10000000 user Mongo finds
  9800000 / 10000000 user Mongo finds
  9900000 / 10000000 user Mongo finds
  10000000 / 10000000 user Mongo finds

--- user Mongo updates ---
  100000 / 10000000 user Mongo updates
  200000 / 10000000 user Mongo updates
  300000 / 10000000 user Mongo updates
  400000 / 10000000 user Mongo updates
  500000 / 10000000 user Mongo updates
  600000 / 10000000 user Mongo updates
  700000 / 10000000 user Mongo updates
  800000 / 10000000 user Mongo updates
  900000 / 10000000 user Mongo updates
  1000000 / 10000000 user Mongo updates
  1100000 / 10000000 user Mongo updates
  1200000 / 10000000 user Mongo updates
  1300000 / 10000000 user Mongo updates
  1400000 / 10000000 user Mongo updates
  1500000 / 10000000 user Mongo updates
  1600000 / 10000000 user Mongo updates
  1700000 / 10000000 user Mongo updates
  1800000 / 10000000 user Mongo updates
  1900000 / 10000000 user Mongo updates
  2000000 / 10000000 user Mongo updates
  2100000 / 10000000 user Mongo updates
  2200000 / 10000000 user Mongo updates
  2300000 / 10000000 user Mongo updates
  2400000 / 10000000 user Mongo updates
  2500000 / 10000000 user Mongo updates
  2600000 / 10000000 user Mongo updates
  2700000 / 10000000 user Mongo updates
  2800000 / 10000000 user Mongo updates
  2900000 / 10000000 user Mongo updates
  3000000 / 10000000 user Mongo updates
  3100000 / 10000000 user Mongo updates
  3200000 / 10000000 user Mongo updates
  3300000 / 10000000 user Mongo updates
  3400000 / 10000000 user Mongo updates
  3500000 / 10000000 user Mongo updates
  3600000 / 10000000 user Mongo updates
  3700000 / 10000000 user Mongo updates
  3800000 / 10000000 user Mongo updates
  3900000 / 10000000 user Mongo updates
  4000000 / 10000000 user Mongo updates
  4100000 / 10000000 user Mongo updates
  4200000 / 10000000 user Mongo updates
  4300000 / 10000000 user Mongo updates
  4400000 / 10000000 user Mongo updates
  4500000 / 10000000 user Mongo updates
  4600000 / 10000000 user Mongo updates
  4700000 / 10000000 user Mongo updates
  4800000 / 10000000 user Mongo updates
  4900000 / 10000000 user Mongo updates
  5000000 / 10000000 user Mongo updates
  5100000 / 10000000 user Mongo updates
  5200000 / 10000000 user Mongo updates
  5300000 / 10000000 user Mongo updates
  5400000 / 10000000 user Mongo updates
  5500000 / 10000000 user Mongo updates
  5600000 / 10000000 user Mongo updates
  5700000 / 10000000 user Mongo updates
  5800000 / 10000000 user Mongo updates
  5900000 / 10000000 user Mongo updates
  6000000 / 10000000 user Mongo updates
  6100000 / 10000000 user Mongo updates
  6200000 / 10000000 user Mongo updates
  6300000 / 10000000 user Mongo updates
  6400000 / 10000000 user Mongo updates
  6500000 / 10000000 user Mongo updates
  6600000 / 10000000 user Mongo updates
  6700000 / 10000000 user Mongo updates
  6800000 / 10000000 user Mongo updates
  6900000 / 10000000 user Mongo updates
  7000000 / 10000000 user Mongo updates
  7100000 / 10000000 user Mongo updates
  7200000 / 10000000 user Mongo updates
  7300000 / 10000000 user Mongo updates
  7400000 / 10000000 user Mongo updates
  7500000 / 10000000 user Mongo updates
  7600000 / 10000000 user Mongo updates
  7700000 / 10000000 user Mongo updates
  7800000 / 10000000 user Mongo updates
  7900000 / 10000000 user Mongo updates
  8000000 / 10000000 user Mongo updates
  8100000 / 10000000 user Mongo updates
  8200000 / 10000000 user Mongo updates
  8300000 / 10000000 user Mongo updates
  8400000 / 10000000 user Mongo updates
  8500000 / 10000000 user Mongo updates
  8600000 / 10000000 user Mongo updates
  8700000 / 10000000 user Mongo updates
  8800000 / 10000000 user Mongo updates
  8900000 / 10000000 user Mongo updates
  9000000 / 10000000 user Mongo updates
  9100000 / 10000000 user Mongo updates
  9200000 / 10000000 user Mongo updates
  9300000 / 10000000 user Mongo updates
  9400000 / 10000000 user Mongo updates
  9500000 / 10000000 user Mongo updates
  9600000 / 10000000 user Mongo updates
  9700000 / 10000000 user Mongo updates
  9800000 / 10000000 user Mongo updates
  9900000 / 10000000 user Mongo updates
  10000000 / 10000000 user Mongo updates

--- user Mongo deletes ---
  100000 / 10000000 user Mongo deletes
  200000 / 10000000 user Mongo deletes
  300000 / 10000000 user Mongo deletes
  400000 / 10000000 user Mongo deletes
  500000 / 10000000 user Mongo deletes
  600000 / 10000000 user Mongo deletes
  700000 / 10000000 user Mongo deletes
  800000 / 10000000 user Mongo deletes
  900000 / 10000000 user Mongo deletes
  1000000 / 10000000 user Mongo deletes
  1100000 / 10000000 user Mongo deletes
  1200000 / 10000000 user Mongo deletes
  1300000 / 10000000 user Mongo deletes
  1400000 / 10000000 user Mongo deletes
  1500000 / 10000000 user Mongo deletes
  1600000 / 10000000 user Mongo deletes
  1700000 / 10000000 user Mongo deletes
  1800000 / 10000000 user Mongo deletes
  1900000 / 10000000 user Mongo deletes
  2000000 / 10000000 user Mongo deletes
  2100000 / 10000000 user Mongo deletes
  2200000 / 10000000 user Mongo deletes
  2300000 / 10000000 user Mongo deletes
  2400000 / 10000000 user Mongo deletes
  2500000 / 10000000 user Mongo deletes
  2600000 / 10000000 user Mongo deletes
  2700000 / 10000000 user Mongo deletes
  2800000 / 10000000 user Mongo deletes
  2900000 / 10000000 user Mongo deletes
  3000000 / 10000000 user Mongo deletes
  3100000 / 10000000 user Mongo deletes
  3200000 / 10000000 user Mongo deletes
  3300000 / 10000000 user Mongo deletes
  3400000 / 10000000 user Mongo deletes
  3500000 / 10000000 user Mongo deletes
  3600000 / 10000000 user Mongo deletes
  3700000 / 10000000 user Mongo deletes
  3800000 / 10000000 user Mongo deletes
  3900000 / 10000000 user Mongo deletes
  4000000 / 10000000 user Mongo deletes
  4100000 / 10000000 user Mongo deletes
  4200000 / 10000000 user Mongo deletes
  4300000 / 10000000 user Mongo deletes
  4400000 / 10000000 user Mongo deletes
  4500000 / 10000000 user Mongo deletes
  4600000 / 10000000 user Mongo deletes
  4700000 / 10000000 user Mongo deletes
  4800000 / 10000000 user Mongo deletes
  4900000 / 10000000 user Mongo deletes
  5000000 / 10000000 user Mongo deletes
  5100000 / 10000000 user Mongo deletes
  5200000 / 10000000 user Mongo deletes
  5300000 / 10000000 user Mongo deletes
  5400000 / 10000000 user Mongo deletes
  5500000 / 10000000 user Mongo deletes
  5600000 / 10000000 user Mongo deletes
  5700000 / 10000000 user Mongo deletes
  5800000 / 10000000 user Mongo deletes
  5900000 / 10000000 user Mongo deletes
  6000000 / 10000000 user Mongo deletes
  6100000 / 10000000 user Mongo deletes
  6200000 / 10000000 user Mongo deletes
  6300000 / 10000000 user Mongo deletes
  6400000 / 10000000 user Mongo deletes
  6500000 / 10000000 user Mongo deletes
  6600000 / 10000000 user Mongo deletes
  6700000 / 10000000 user Mongo deletes
  6800000 / 10000000 user Mongo deletes
  6900000 / 10000000 user Mongo deletes
  7000000 / 10000000 user Mongo deletes
  7100000 / 10000000 user Mongo deletes
  7200000 / 10000000 user Mongo deletes
  7300000 / 10000000 user Mongo deletes
  7400000 / 10000000 user Mongo deletes
  7500000 / 10000000 user Mongo deletes
  7600000 / 10000000 user Mongo deletes
  7700000 / 10000000 user Mongo deletes
  7800000 / 10000000 user Mongo deletes
  7900000 / 10000000 user Mongo deletes
  8000000 / 10000000 user Mongo deletes
  8100000 / 10000000 user Mongo deletes
  8200000 / 10000000 user Mongo deletes
  8300000 / 10000000 user Mongo deletes
  8400000 / 10000000 user Mongo deletes
  8500000 / 10000000 user Mongo deletes
  8600000 / 10000000 user Mongo deletes
  8700000 / 10000000 user Mongo deletes
  8800000 / 10000000 user Mongo deletes
  8900000 / 10000000 user Mongo deletes
  9000000 / 10000000 user Mongo deletes
  9100000 / 10000000 user Mongo deletes
  9200000 / 10000000 user Mongo deletes
  9300000 / 10000000 user Mongo deletes
  9400000 / 10000000 user Mongo deletes
  9500000 / 10000000 user Mongo deletes
  9600000 / 10000000 user Mongo deletes
  9700000 / 10000000 user Mongo deletes
  9800000 / 10000000 user Mongo deletes
  9900000 / 10000000 user Mongo deletes
  10000000 / 10000000 user Mongo deletes

--- user Redis sets ---
  100000 / 10000000 user Redis sets
  200000 / 10000000 user Redis sets
  300000 / 10000000 user Redis sets
  400000 / 10000000 user Redis sets
  500000 / 10000000 user Redis sets
  600000 / 10000000 user Redis sets
  700000 / 10000000 user Redis sets
  800000 / 10000000 user Redis sets
  900000 / 10000000 user Redis sets
  1000000 / 10000000 user Redis sets
  1100000 / 10000000 user Redis sets
  1200000 / 10000000 user Redis sets
  1300000 / 10000000 user Redis sets
  1400000 / 10000000 user Redis sets
  1500000 / 10000000 user Redis sets
  1600000 / 10000000 user Redis sets
  1700000 / 10000000 user Redis sets
  1800000 / 10000000 user Redis sets
  1900000 / 10000000 user Redis sets
  2000000 / 10000000 user Redis sets
  2100000 / 10000000 user Redis sets
  2200000 / 10000000 user Redis sets
  2300000 / 10000000 user Redis sets
  2400000 / 10000000 user Redis sets
  2500000 / 10000000 user Redis sets
  2600000 / 10000000 user Redis sets
  2700000 / 10000000 user Redis sets
  2800000 / 10000000 user Redis sets
  2900000 / 10000000 user Redis sets
  3000000 / 10000000 user Redis sets
  3100000 / 10000000 user Redis sets
  3200000 / 10000000 user Redis sets
  3300000 / 10000000 user Redis sets
  3400000 / 10000000 user Redis sets
  3500000 / 10000000 user Redis sets
  3600000 / 10000000 user Redis sets
  3700000 / 10000000 user Redis sets
  3800000 / 10000000 user Redis sets
  3900000 / 10000000 user Redis sets
  4000000 / 10000000 user Redis sets
  4100000 / 10000000 user Redis sets
  4200000 / 10000000 user Redis sets
  4300000 / 10000000 user Redis sets
  4400000 / 10000000 user Redis sets
  4500000 / 10000000 user Redis sets
  4600000 / 10000000 user Redis sets
  4700000 / 10000000 user Redis sets
  4800000 / 10000000 user Redis sets
  4900000 / 10000000 user Redis sets
  5000000 / 10000000 user Redis sets
  5100000 / 10000000 user Redis sets
  5200000 / 10000000 user Redis sets
  5300000 / 10000000 user Redis sets
  5400000 / 10000000 user Redis sets
  5500000 / 10000000 user Redis sets
  5600000 / 10000000 user Redis sets
  5700000 / 10000000 user Redis sets
  5800000 / 10000000 user Redis sets
  5900000 / 10000000 user Redis sets
  6000000 / 10000000 user Redis sets
  6100000 / 10000000 user Redis sets
  6200000 / 10000000 user Redis sets
  6300000 / 10000000 user Redis sets
  6400000 / 10000000 user Redis sets
  6500000 / 10000000 user Redis sets
  6600000 / 10000000 user Redis sets
  6700000 / 10000000 user Redis sets
  6800000 / 10000000 user Redis sets
  6900000 / 10000000 user Redis sets
  7000000 / 10000000 user Redis sets
  7100000 / 10000000 user Redis sets
  7200000 / 10000000 user Redis sets
  7300000 / 10000000 user Redis sets
  7400000 / 10000000 user Redis sets
  7500000 / 10000000 user Redis sets
  7600000 / 10000000 user Redis sets
  7700000 / 10000000 user Redis sets
  7800000 / 10000000 user Redis sets
  7900000 / 10000000 user Redis sets
  8000000 / 10000000 user Redis sets
  8100000 / 10000000 user Redis sets
  8200000 / 10000000 user Redis sets
  8300000 / 10000000 user Redis sets
  8400000 / 10000000 user Redis sets
  8500000 / 10000000 user Redis sets
  8600000 / 10000000 user Redis sets
  8700000 / 10000000 user Redis sets
  8800000 / 10000000 user Redis sets
  8900000 / 10000000 user Redis sets
  9000000 / 10000000 user Redis sets
  9100000 / 10000000 user Redis sets
  9200000 / 10000000 user Redis sets
  9300000 / 10000000 user Redis sets
  9400000 / 10000000 user Redis sets
  9500000 / 10000000 user Redis sets
  9600000 / 10000000 user Redis sets
  9700000 / 10000000 user Redis sets
  9800000 / 10000000 user Redis sets
  9900000 / 10000000 user Redis sets
  10000000 / 10000000 user Redis sets

--- user Redis gets ---
  100000 / 10000000 user Redis gets
  200000 / 10000000 user Redis gets
  300000 / 10000000 user Redis gets
  400000 / 10000000 user Redis gets
  500000 / 10000000 user Redis gets
  600000 / 10000000 user Redis gets
  700000 / 10000000 user Redis gets
  800000 / 10000000 user Redis gets
  900000 / 10000000 user Redis gets
  1000000 / 10000000 user Redis gets
  1100000 / 10000000 user Redis gets
  1200000 / 10000000 user Redis gets
  1300000 / 10000000 user Redis gets
  1400000 / 10000000 user Redis gets
  1500000 / 10000000 user Redis gets
  1600000 / 10000000 user Redis gets
  1700000 / 10000000 user Redis gets
  1800000 / 10000000 user Redis gets
  1900000 / 10000000 user Redis gets
  2000000 / 10000000 user Redis gets
  2100000 / 10000000 user Redis gets
  2200000 / 10000000 user Redis gets
  2300000 / 10000000 user Redis gets
  2400000 / 10000000 user Redis gets
  2500000 / 10000000 user Redis gets
  2600000 / 10000000 user Redis gets
  2700000 / 10000000 user Redis gets
  2800000 / 10000000 user Redis gets
  2900000 / 10000000 user Redis gets
  3000000 / 10000000 user Redis gets
  3100000 / 10000000 user Redis gets
  3200000 / 10000000 user Redis gets
  3300000 / 10000000 user Redis gets
  3400000 / 10000000 user Redis gets
  3500000 / 10000000 user Redis gets
  3600000 / 10000000 user Redis gets
  3700000 / 10000000 user Redis gets
  3800000 / 10000000 user Redis gets
  3900000 / 10000000 user Redis gets
  4000000 / 10000000 user Redis gets
  4100000 / 10000000 user Redis gets
  4200000 / 10000000 user Redis gets
  4300000 / 10000000 user Redis gets
  4400000 / 10000000 user Redis gets
  4500000 / 10000000 user Redis gets
  4600000 / 10000000 user Redis gets
  4700000 / 10000000 user Redis gets
  4800000 / 10000000 user Redis gets
  4900000 / 10000000 user Redis gets
  5000000 / 10000000 user Redis gets
  5100000 / 10000000 user Redis gets
  5200000 / 10000000 user Redis gets
  5300000 / 10000000 user Redis gets
  5400000 / 10000000 user Redis gets
  5500000 / 10000000 user Redis gets
  5600000 / 10000000 user Redis gets
  5700000 / 10000000 user Redis gets
  5800000 / 10000000 user Redis gets
  5900000 / 10000000 user Redis gets
  6000000 / 10000000 user Redis gets
  6100000 / 10000000 user Redis gets
  6200000 / 10000000 user Redis gets
  6300000 / 10000000 user Redis gets
  6400000 / 10000000 user Redis gets
  6500000 / 10000000 user Redis gets
  6600000 / 10000000 user Redis gets
  6700000 / 10000000 user Redis gets
  6800000 / 10000000 user Redis gets
  6900000 / 10000000 user Redis gets
  7000000 / 10000000 user Redis gets
  7100000 / 10000000 user Redis gets
  7200000 / 10000000 user Redis gets
  7300000 / 10000000 user Redis gets
  7400000 / 10000000 user Redis gets
  7500000 / 10000000 user Redis gets
  7600000 / 10000000 user Redis gets
  7700000 / 10000000 user Redis gets
  7800000 / 10000000 user Redis gets
  7900000 / 10000000 user Redis gets
  8000000 / 10000000 user Redis gets
  8100000 / 10000000 user Redis gets
  8200000 / 10000000 user Redis gets
  8300000 / 10000000 user Redis gets
  8400000 / 10000000 user Redis gets
  8500000 / 10000000 user Redis gets
  8600000 / 10000000 user Redis gets
  8700000 / 10000000 user Redis gets
  8800000 / 10000000 user Redis gets
  8900000 / 10000000 user Redis gets
  9000000 / 10000000 user Redis gets
  9100000 / 10000000 user Redis gets
  9200000 / 10000000 user Redis gets
  9300000 / 10000000 user Redis gets
  9400000 / 10000000 user Redis gets
  9500000 / 10000000 user Redis gets
  9600000 / 10000000 user Redis gets
  9700000 / 10000000 user Redis gets
  9800000 / 10000000 user Redis gets
  9900000 / 10000000 user Redis gets
  10000000 / 10000000 user Redis gets

--- user Redis updates ---
  100000 / 10000000 user Redis updates
  200000 / 10000000 user Redis updates
  300000 / 10000000 user Redis updates
  400000 / 10000000 user Redis updates
  500000 / 10000000 user Redis updates
  600000 / 10000000 user Redis updates
  700000 / 10000000 user Redis updates
  800000 / 10000000 user Redis updates
  900000 / 10000000 user Redis updates
  1000000 / 10000000 user Redis updates
  1100000 / 10000000 user Redis updates
  1200000 / 10000000 user Redis updates
  1300000 / 10000000 user Redis updates
  1400000 / 10000000 user Redis updates
  1500000 / 10000000 user Redis updates
  1600000 / 10000000 user Redis updates
  1700000 / 10000000 user Redis updates
  1800000 / 10000000 user Redis updates
  1900000 / 10000000 user Redis updates
  2000000 / 10000000 user Redis updates
  2100000 / 10000000 user Redis updates
  2200000 / 10000000 user Redis updates
  2300000 / 10000000 user Redis updates
  2400000 / 10000000 user Redis updates
  2500000 / 10000000 user Redis updates
  2600000 / 10000000 user Redis updates
  2700000 / 10000000 user Redis updates
  2800000 / 10000000 user Redis updates
  2900000 / 10000000 user Redis updates
  3000000 / 10000000 user Redis updates
  3100000 / 10000000 user Redis updates
  3200000 / 10000000 user Redis updates
  3300000 / 10000000 user Redis updates
  3400000 / 10000000 user Redis updates
  3500000 / 10000000 user Redis updates
  3600000 / 10000000 user Redis updates
  3700000 / 10000000 user Redis updates
  3800000 / 10000000 user Redis updates
  3900000 / 10000000 user Redis updates
  4000000 / 10000000 user Redis updates
  4100000 / 10000000 user Redis updates
  4200000 / 10000000 user Redis updates
  4300000 / 10000000 user Redis updates
  4400000 / 10000000 user Redis updates
  4500000 / 10000000 user Redis updates
  4600000 / 10000000 user Redis updates
  4700000 / 10000000 user Redis updates
  4800000 / 10000000 user Redis updates
  4900000 / 10000000 user Redis updates
  5000000 / 10000000 user Redis updates
  5100000 / 10000000 user Redis updates
  5200000 / 10000000 user Redis updates
  5300000 / 10000000 user Redis updates
  5400000 / 10000000 user Redis updates
  5500000 / 10000000 user Redis updates
  5600000 / 10000000 user Redis updates
  5700000 / 10000000 user Redis updates
  5800000 / 10000000 user Redis updates
  5900000 / 10000000 user Redis updates
  6000000 / 10000000 user Redis updates
  6100000 / 10000000 user Redis updates
  6200000 / 10000000 user Redis updates
  6300000 / 10000000 user Redis updates
  6400000 / 10000000 user Redis updates
  6500000 / 10000000 user Redis updates
  6600000 / 10000000 user Redis updates
  6700000 / 10000000 user Redis updates
  6800000 / 10000000 user Redis updates
  6900000 / 10000000 user Redis updates
  7000000 / 10000000 user Redis updates
  7100000 / 10000000 user Redis updates
  7200000 / 10000000 user Redis updates
  7300000 / 10000000 user Redis updates
  7400000 / 10000000 user Redis updates
  7500000 / 10000000 user Redis updates
  7600000 / 10000000 user Redis updates
  7700000 / 10000000 user Redis updates
  7800000 / 10000000 user Redis updates
  7900000 / 10000000 user Redis updates
  8000000 / 10000000 user Redis updates
  8100000 / 10000000 user Redis updates
  8200000 / 10000000 user Redis updates
  8300000 / 10000000 user Redis updates
  8400000 / 10000000 user Redis updates
  8500000 / 10000000 user Redis updates
  8600000 / 10000000 user Redis updates
  8700000 / 10000000 user Redis updates
  8800000 / 10000000 user Redis updates
  8900000 / 10000000 user Redis updates
  9000000 / 10000000 user Redis updates
  9100000 / 10000000 user Redis updates
  9200000 / 10000000 user Redis updates
  9300000 / 10000000 user Redis updates
  9400000 / 10000000 user Redis updates
  9500000 / 10000000 user Redis updates
  9600000 / 10000000 user Redis updates
  9700000 / 10000000 user Redis updates
  9800000 / 10000000 user Redis updates
  9900000 / 10000000 user Redis updates
  10000000 / 10000000 user Redis updates

--- user Redis deletes ---
  100000 / 10000000 user Redis deletes
  200000 / 10000000 user Redis deletes
  300000 / 10000000 user Redis deletes
  400000 / 10000000 user Redis deletes
  500000 / 10000000 user Redis deletes
  600000 / 10000000 user Redis deletes
  700000 / 10000000 user Redis deletes
  800000 / 10000000 user Redis deletes
  900000 / 10000000 user Redis deletes
  1000000 / 10000000 user Redis deletes
  1100000 / 10000000 user Redis deletes
  1200000 / 10000000 user Redis deletes
  1300000 / 10000000 user Redis deletes
  1400000 / 10000000 user Redis deletes
  1500000 / 10000000 user Redis deletes
  1600000 / 10000000 user Redis deletes
  1700000 / 10000000 user Redis deletes
  1800000 / 10000000 user Redis deletes
  1900000 / 10000000 user Redis deletes
  2000000 / 10000000 user Redis deletes
  2100000 / 10000000 user Redis deletes
  2200000 / 10000000 user Redis deletes
  2300000 / 10000000 user Redis deletes
  2400000 / 10000000 user Redis deletes
  2500000 / 10000000 user Redis deletes
  2600000 / 10000000 user Redis deletes
  2700000 / 10000000 user Redis deletes
  2800000 / 10000000 user Redis deletes
  2900000 / 10000000 user Redis deletes
  3000000 / 10000000 user Redis deletes
  3100000 / 10000000 user Redis deletes
  3200000 / 10000000 user Redis deletes
  3300000 / 10000000 user Redis deletes
  3400000 / 10000000 user Redis deletes
  3500000 / 10000000 user Redis deletes
  3600000 / 10000000 user Redis deletes
  3700000 / 10000000 user Redis deletes
  3800000 / 10000000 user Redis deletes
  3900000 / 10000000 user Redis deletes
  4000000 / 10000000 user Redis deletes
  4100000 / 10000000 user Redis deletes
  4200000 / 10000000 user Redis deletes
  4300000 / 10000000 user Redis deletes
  4400000 / 10000000 user Redis deletes
  4500000 / 10000000 user Redis deletes
  4600000 / 10000000 user Redis deletes
  4700000 / 10000000 user Redis deletes
  4800000 / 10000000 user Redis deletes
  4900000 / 10000000 user Redis deletes
  5000000 / 10000000 user Redis deletes
  5100000 / 10000000 user Redis deletes
  5200000 / 10000000 user Redis deletes
  5300000 / 10000000 user Redis deletes
  5400000 / 10000000 user Redis deletes
  5500000 / 10000000 user Redis deletes
  5600000 / 10000000 user Redis deletes
  5700000 / 10000000 user Redis deletes
  5800000 / 10000000 user Redis deletes
  5900000 / 10000000 user Redis deletes
  6000000 / 10000000 user Redis deletes
  6100000 / 10000000 user Redis deletes
  6200000 / 10000000 user Redis deletes
  6300000 / 10000000 user Redis deletes
  6400000 / 10000000 user Redis deletes
  6500000 / 10000000 user Redis deletes
  6600000 / 10000000 user Redis deletes
  6700000 / 10000000 user Redis deletes
  6800000 / 10000000 user Redis deletes
  6900000 / 10000000 user Redis deletes
  7000000 / 10000000 user Redis deletes
  7100000 / 10000000 user Redis deletes
  7200000 / 10000000 user Redis deletes
  7300000 / 10000000 user Redis deletes
  7400000 / 10000000 user Redis deletes
  7500000 / 10000000 user Redis deletes
  7600000 / 10000000 user Redis deletes
  7700000 / 10000000 user Redis deletes
  7800000 / 10000000 user Redis deletes
  7900000 / 10000000 user Redis deletes
  8000000 / 10000000 user Redis deletes
  8100000 / 10000000 user Redis deletes
  8200000 / 10000000 user Redis deletes
  8300000 / 10000000 user Redis deletes
  8400000 / 10000000 user Redis deletes
  8500000 / 10000000 user Redis deletes
  8600000 / 10000000 user Redis deletes
  8700000 / 10000000 user Redis deletes
  8800000 / 10000000 user Redis deletes
  8900000 / 10000000 user Redis deletes
  9000000 / 10000000 user Redis deletes
  9100000 / 10000000 user Redis deletes
  9200000 / 10000000 user Redis deletes
  9300000 / 10000000 user Redis deletes
  9400000 / 10000000 user Redis deletes
  9500000 / 10000000 user Redis deletes
  9600000 / 10000000 user Redis deletes
  9700000 / 10000000 user Redis deletes
  9800000 / 10000000 user Redis deletes
  9900000 / 10000000 user Redis deletes
  10000000 / 10000000 user Redis deletes

--- address SQL inserts ---
  100000 / 10000000 address SQL inserts
  200000 / 10000000 address SQL inserts
  300000 / 10000000 address SQL inserts
  400000 / 10000000 address SQL inserts
  500000 / 10000000 address SQL inserts
  600000 / 10000000 address SQL inserts
  700000 / 10000000 address SQL inserts
  800000 / 10000000 address SQL inserts
  900000 / 10000000 address SQL inserts
  1000000 / 10000000 address SQL inserts
  1100000 / 10000000 address SQL inserts
  1200000 / 10000000 address SQL inserts
  1300000 / 10000000 address SQL inserts
  1400000 / 10000000 address SQL inserts
  1500000 / 10000000 address SQL inserts
  1600000 / 10000000 address SQL inserts
  1700000 / 10000000 address SQL inserts
  1800000 / 10000000 address SQL inserts
  1900000 / 10000000 address SQL inserts
  2000000 / 10000000 address SQL inserts
  2100000 / 10000000 address SQL inserts
  2200000 / 10000000 address SQL inserts
  2300000 / 10000000 address SQL inserts
  2400000 / 10000000 address SQL inserts
  2500000 / 10000000 address SQL inserts
  2600000 / 10000000 address SQL inserts
  2700000 / 10000000 address SQL inserts
  2800000 / 10000000 address SQL inserts
  2900000 / 10000000 address SQL inserts
  3000000 / 10000000 address SQL inserts
  3100000 / 10000000 address SQL inserts
  3200000 / 10000000 address SQL inserts
  3300000 / 10000000 address SQL inserts
  3400000 / 10000000 address SQL inserts
  3500000 / 10000000 address SQL inserts
  3600000 / 10000000 address SQL inserts
  3700000 / 10000000 address SQL inserts
  3800000 / 10000000 address SQL inserts
  3900000 / 10000000 address SQL inserts
  4000000 / 10000000 address SQL inserts
  4100000 / 10000000 address SQL inserts
  4200000 / 10000000 address SQL inserts
  4300000 / 10000000 address SQL inserts
  4400000 / 10000000 address SQL inserts
  4500000 / 10000000 address SQL inserts
  4600000 / 10000000 address SQL inserts
  4700000 / 10000000 address SQL inserts
  4800000 / 10000000 address SQL inserts
  4900000 / 10000000 address SQL inserts
  5000000 / 10000000 address SQL inserts
  5100000 / 10000000 address SQL inserts
  5200000 / 10000000 address SQL inserts
  5300000 / 10000000 address SQL inserts
  5400000 / 10000000 address SQL inserts
  5500000 / 10000000 address SQL inserts
  5600000 / 10000000 address SQL inserts
  5700000 / 10000000 address SQL inserts
  5800000 / 10000000 address SQL inserts
  5900000 / 10000000 address SQL inserts
  6000000 / 10000000 address SQL inserts
  6100000 / 10000000 address SQL inserts
  6200000 / 10000000 address SQL inserts
  6300000 / 10000000 address SQL inserts
  6400000 / 10000000 address SQL inserts
  6500000 / 10000000 address SQL inserts
  6600000 / 10000000 address SQL inserts
  6700000 / 10000000 address SQL inserts
  6800000 / 10000000 address SQL inserts
  6900000 / 10000000 address SQL inserts
  7000000 / 10000000 address SQL inserts
  7100000 / 10000000 address SQL inserts
  7200000 / 10000000 address SQL inserts
  7300000 / 10000000 address SQL inserts
  7400000 / 10000000 address SQL inserts
  7500000 / 10000000 address SQL inserts
  7600000 / 10000000 address SQL inserts
  7700000 / 10000000 address SQL inserts
  7800000 / 10000000 address SQL inserts
  7900000 / 10000000 address SQL inserts
  8000000 / 10000000 address SQL inserts
  8100000 / 10000000 address SQL inserts
  8200000 / 10000000 address SQL inserts
  8300000 / 10000000 address SQL inserts
  8400000 / 10000000 address SQL inserts
  8500000 / 10000000 address SQL inserts
  8600000 / 10000000 address SQL inserts
  8700000 / 10000000 address SQL inserts
  8800000 / 10000000 address SQL inserts
  8900000 / 10000000 address SQL inserts
  9000000 / 10000000 address SQL inserts
  9100000 / 10000000 address SQL inserts
  9200000 / 10000000 address SQL inserts
  9300000 / 10000000 address SQL inserts
  9400000 / 10000000 address SQL inserts
  9500000 / 10000000 address SQL inserts
  9600000 / 10000000 address SQL inserts
  9700000 / 10000000 address SQL inserts
  9800000 / 10000000 address SQL inserts
  9900000 / 10000000 address SQL inserts
  10000000 / 10000000 address SQL inserts

--- address SQL selects ---
  100000 / 10000000 address SQL selects
  200000 / 10000000 address SQL selects
  300000 / 10000000 address SQL selects
  400000 / 10000000 address SQL selects
  500000 / 10000000 address SQL selects
  600000 / 10000000 address SQL selects
  700000 / 10000000 address SQL selects
  800000 / 10000000 address SQL selects
  900000 / 10000000 address SQL selects
  1000000 / 10000000 address SQL selects
  1100000 / 10000000 address SQL selects
  1200000 / 10000000 address SQL selects
  1300000 / 10000000 address SQL selects
  1400000 / 10000000 address SQL selects
  1500000 / 10000000 address SQL selects
  1600000 / 10000000 address SQL selects
  1700000 / 10000000 address SQL selects
  1800000 / 10000000 address SQL selects
  1900000 / 10000000 address SQL selects
  2000000 / 10000000 address SQL selects
  2100000 / 10000000 address SQL selects
  2200000 / 10000000 address SQL selects
  2300000 / 10000000 address SQL selects
  2400000 / 10000000 address SQL selects
  2500000 / 10000000 address SQL selects
  2600000 / 10000000 address SQL selects
  2700000 / 10000000 address SQL selects
  2800000 / 10000000 address SQL selects
  2900000 / 10000000 address SQL selects
  3000000 / 10000000 address SQL selects
  3100000 / 10000000 address SQL selects
  3200000 / 10000000 address SQL selects
  3300000 / 10000000 address SQL selects
  3400000 / 10000000 address SQL selects
  3500000 / 10000000 address SQL selects
  3600000 / 10000000 address SQL selects
  3700000 / 10000000 address SQL selects
  3800000 / 10000000 address SQL selects
  3900000 / 10000000 address SQL selects
  4000000 / 10000000 address SQL selects
  4100000 / 10000000 address SQL selects
  4200000 / 10000000 address SQL selects
  4300000 / 10000000 address SQL selects
  4400000 / 10000000 address SQL selects
  4500000 / 10000000 address SQL selects
  4600000 / 10000000 address SQL selects
  4700000 / 10000000 address SQL selects
  4800000 / 10000000 address SQL selects
  4900000 / 10000000 address SQL selects
  5000000 / 10000000 address SQL selects
  5100000 / 10000000 address SQL selects
  5200000 / 10000000 address SQL selects
  5300000 / 10000000 address SQL selects
  5400000 / 10000000 address SQL selects
  5500000 / 10000000 address SQL selects
  5600000 / 10000000 address SQL selects
  5700000 / 10000000 address SQL selects
  5800000 / 10000000 address SQL selects
  5900000 / 10000000 address SQL selects
  6000000 / 10000000 address SQL selects
  6100000 / 10000000 address SQL selects
  6200000 / 10000000 address SQL selects
  6300000 / 10000000 address SQL selects
  6400000 / 10000000 address SQL selects
  6500000 / 10000000 address SQL selects
  6600000 / 10000000 address SQL selects
  6700000 / 10000000 address SQL selects
  6800000 / 10000000 address SQL selects
  6900000 / 10000000 address SQL selects
  7000000 / 10000000 address SQL selects
  7100000 / 10000000 address SQL selects
  7200000 / 10000000 address SQL selects
  7300000 / 10000000 address SQL selects
  7400000 / 10000000 address SQL selects
  7500000 / 10000000 address SQL selects
  7600000 / 10000000 address SQL selects
  7700000 / 10000000 address SQL selects
  7800000 / 10000000 address SQL selects
  7900000 / 10000000 address SQL selects
  8000000 / 10000000 address SQL selects
  8100000 / 10000000 address SQL selects
  8200000 / 10000000 address SQL selects
  8300000 / 10000000 address SQL selects
  8400000 / 10000000 address SQL selects
  8500000 / 10000000 address SQL selects
  8600000 / 10000000 address SQL selects
  8700000 / 10000000 address SQL selects
  8800000 / 10000000 address SQL selects
  8900000 / 10000000 address SQL selects
  9000000 / 10000000 address SQL selects
  9100000 / 10000000 address SQL selects
  9200000 / 10000000 address SQL selects
  9300000 / 10000000 address SQL selects
  9400000 / 10000000 address SQL selects
  9500000 / 10000000 address SQL selects
  9600000 / 10000000 address SQL selects
  9700000 / 10000000 address SQL selects
  9800000 / 10000000 address SQL selects
  9900000 / 10000000 address SQL selects
  10000000 / 10000000 address SQL selects

--- address SQL updates ---
  100000 / 10000000 address SQL updates
  200000 / 10000000 address SQL updates
  300000 / 10000000 address SQL updates
  400000 / 10000000 address SQL updates
  500000 / 10000000 address SQL updates
  600000 / 10000000 address SQL updates
  700000 / 10000000 address SQL updates
  800000 / 10000000 address SQL updates
  900000 / 10000000 address SQL updates
  1000000 / 10000000 address SQL updates
  1100000 / 10000000 address SQL updates
  1200000 / 10000000 address SQL updates
  1300000 / 10000000 address SQL updates
  1400000 / 10000000 address SQL updates
  1500000 / 10000000 address SQL updates
  1600000 / 10000000 address SQL updates
  1700000 / 10000000 address SQL updates
  1800000 / 10000000 address SQL updates
  1900000 / 10000000 address SQL updates
  2000000 / 10000000 address SQL updates
  2100000 / 10000000 address SQL updates
  2200000 / 10000000 address SQL updates
  2300000 / 10000000 address SQL updates
  2400000 / 10000000 address SQL updates
  2500000 / 10000000 address SQL updates
  2600000 / 10000000 address SQL updates
  2700000 / 10000000 address SQL updates
  2800000 / 10000000 address SQL updates
  2900000 / 10000000 address SQL updates
  3000000 / 10000000 address SQL updates
  3100000 / 10000000 address SQL updates
  3200000 / 10000000 address SQL updates
  3300000 / 10000000 address SQL updates
  3400000 / 10000000 address SQL updates
  3500000 / 10000000 address SQL updates
  3600000 / 10000000 address SQL updates
  3700000 / 10000000 address SQL updates
  3800000 / 10000000 address SQL updates
  3900000 / 10000000 address SQL updates
  4000000 / 10000000 address SQL updates
  4100000 / 10000000 address SQL updates
  4200000 / 10000000 address SQL updates
  4300000 / 10000000 address SQL updates
  4400000 / 10000000 address SQL updates
  4500000 / 10000000 address SQL updates
  4600000 / 10000000 address SQL updates
  4700000 / 10000000 address SQL updates
  4800000 / 10000000 address SQL updates
  4900000 / 10000000 address SQL updates
  5000000 / 10000000 address SQL updates
  5100000 / 10000000 address SQL updates
  5200000 / 10000000 address SQL updates
  5300000 / 10000000 address SQL updates
  5400000 / 10000000 address SQL updates
  5500000 / 10000000 address SQL updates
  5600000 / 10000000 address SQL updates
  5700000 / 10000000 address SQL updates
  5800000 / 10000000 address SQL updates
  5900000 / 10000000 address SQL updates
  6000000 / 10000000 address SQL updates
  6100000 / 10000000 address SQL updates
  6200000 / 10000000 address SQL updates
  6300000 / 10000000 address SQL updates
  6400000 / 10000000 address SQL updates
  6500000 / 10000000 address SQL updates
  6600000 / 10000000 address SQL updates
  6700000 / 10000000 address SQL updates
  6800000 / 10000000 address SQL updates
  6900000 / 10000000 address SQL updates
  7000000 / 10000000 address SQL updates
  7100000 / 10000000 address SQL updates
  7200000 / 10000000 address SQL updates
  7300000 / 10000000 address SQL updates
  7400000 / 10000000 address SQL updates
  7500000 / 10000000 address SQL updates
  7600000 / 10000000 address SQL updates
  7700000 / 10000000 address SQL updates
  7800000 / 10000000 address SQL updates
  7900000 / 10000000 address SQL updates
  8000000 / 10000000 address SQL updates
  8100000 / 10000000 address SQL updates
  8200000 / 10000000 address SQL updates
  8300000 / 10000000 address SQL updates
  8400000 / 10000000 address SQL updates
  8500000 / 10000000 address SQL updates
  8600000 / 10000000 address SQL updates
  8700000 / 10000000 address SQL updates
  8800000 / 10000000 address SQL updates
  8900000 / 10000000 address SQL updates
  9000000 / 10000000 address SQL updates
  9100000 / 10000000 address SQL updates
  9200000 / 10000000 address SQL updates
  9300000 / 10000000 address SQL updates
  9400000 / 10000000 address SQL updates
  9500000 / 10000000 address SQL updates
  9600000 / 10000000 address SQL updates
  9700000 / 10000000 address SQL updates
  9800000 / 10000000 address SQL updates
  9900000 / 10000000 address SQL updates
  10000000 / 10000000 address SQL updates

--- address SQL deletes ---
  100000 / 10000000 address SQL deletes
  200000 / 10000000 address SQL deletes
  300000 / 10000000 address SQL deletes
  400000 / 10000000 address SQL deletes
  500000 / 10000000 address SQL deletes
  600000 / 10000000 address SQL deletes
  700000 / 10000000 address SQL deletes
  800000 / 10000000 address SQL deletes
  900000 / 10000000 address SQL deletes
  1000000 / 10000000 address SQL deletes
  1100000 / 10000000 address SQL deletes
  1200000 / 10000000 address SQL deletes
  1300000 / 10000000 address SQL deletes
  1400000 / 10000000 address SQL deletes
  1500000 / 10000000 address SQL deletes
  1600000 / 10000000 address SQL deletes
  1700000 / 10000000 address SQL deletes
  1800000 / 10000000 address SQL deletes
  1900000 / 10000000 address SQL deletes
  2000000 / 10000000 address SQL deletes
  2100000 / 10000000 address SQL deletes
  2200000 / 10000000 address SQL deletes
  2300000 / 10000000 address SQL deletes
  2400000 / 10000000 address SQL deletes
  2500000 / 10000000 address SQL deletes
  2600000 / 10000000 address SQL deletes
  2700000 / 10000000 address SQL deletes
  2800000 / 10000000 address SQL deletes
  2900000 / 10000000 address SQL deletes
  3000000 / 10000000 address SQL deletes
  3100000 / 10000000 address SQL deletes
  3200000 / 10000000 address SQL deletes
  3300000 / 10000000 address SQL deletes
  3400000 / 10000000 address SQL deletes
  3500000 / 10000000 address SQL deletes
  3600000 / 10000000 address SQL deletes
  3700000 / 10000000 address SQL deletes
  3800000 / 10000000 address SQL deletes
  3900000 / 10000000 address SQL deletes
  4000000 / 10000000 address SQL deletes
  4100000 / 10000000 address SQL deletes
  4200000 / 10000000 address SQL deletes
  4300000 / 10000000 address SQL deletes
  4400000 / 10000000 address SQL deletes
  4500000 / 10000000 address SQL deletes
  4600000 / 10000000 address SQL deletes
  4700000 / 10000000 address SQL deletes
  4800000 / 10000000 address SQL deletes
  4900000 / 10000000 address SQL deletes
  5000000 / 10000000 address SQL deletes
  5100000 / 10000000 address SQL deletes
  5200000 / 10000000 address SQL deletes
  5300000 / 10000000 address SQL deletes
  5400000 / 10000000 address SQL deletes
  5500000 / 10000000 address SQL deletes
  5600000 / 10000000 address SQL deletes
  5700000 / 10000000 address SQL deletes
  5800000 / 10000000 address SQL deletes
  5900000 / 10000000 address SQL deletes
  6000000 / 10000000 address SQL deletes
  6100000 / 10000000 address SQL deletes
  6200000 / 10000000 address SQL deletes
  6300000 / 10000000 address SQL deletes
  6400000 / 10000000 address SQL deletes
  6500000 / 10000000 address SQL deletes
  6600000 / 10000000 address SQL deletes
  6700000 / 10000000 address SQL deletes
  6800000 / 10000000 address SQL deletes
  6900000 / 10000000 address SQL deletes
  7000000 / 10000000 address SQL deletes
  7100000 / 10000000 address SQL deletes
  7200000 / 10000000 address SQL deletes
  7300000 / 10000000 address SQL deletes
  7400000 / 10000000 address SQL deletes
  7500000 / 10000000 address SQL deletes
  7600000 / 10000000 address SQL deletes
  7700000 / 10000000 address SQL deletes
  7800000 / 10000000 address SQL deletes
  7900000 / 10000000 address SQL deletes
  8000000 / 10000000 address SQL deletes
  8100000 / 10000000 address SQL deletes
  8200000 / 10000000 address SQL deletes
  8300000 / 10000000 address SQL deletes
  8400000 / 10000000 address SQL deletes
  8500000 / 10000000 address SQL deletes
  8600000 / 10000000 address SQL deletes
  8700000 / 10000000 address SQL deletes
  8800000 / 10000000 address SQL deletes
  8900000 / 10000000 address SQL deletes
  9000000 / 10000000 address SQL deletes
  9100000 / 10000000 address SQL deletes
  9200000 / 10000000 address SQL deletes
  9300000 / 10000000 address SQL deletes
  9400000 / 10000000 address SQL deletes
  9500000 / 10000000 address SQL deletes
  9600000 / 10000000 address SQL deletes
  9700000 / 10000000 address SQL deletes
  9800000 / 10000000 address SQL deletes
  9900000 / 10000000 address SQL deletes
  10000000 / 10000000 address SQL deletes

--- address Mongo inserts ---
  100000 / 10000000 address Mongo inserts
  200000 / 10000000 address Mongo inserts
  300000 / 10000000 address Mongo inserts
  400000 / 10000000 address Mongo inserts
  500000 / 10000000 address Mongo inserts
  600000 / 10000000 address Mongo inserts
  700000 / 10000000 address Mongo inserts
  800000 / 10000000 address Mongo inserts
  900000 / 10000000 address Mongo inserts
  1000000 / 10000000 address Mongo inserts
  1100000 / 10000000 address Mongo inserts
  1200000 / 10000000 address Mongo inserts
  1300000 / 10000000 address Mongo inserts
  1400000 / 10000000 address Mongo inserts
  1500000 / 10000000 address Mongo inserts
  1600000 / 10000000 address Mongo inserts
  1700000 / 10000000 address Mongo inserts
  1800000 / 10000000 address Mongo inserts
  1900000 / 10000000 address Mongo inserts
  2000000 / 10000000 address Mongo inserts
  2100000 / 10000000 address Mongo inserts
  2200000 / 10000000 address Mongo inserts
  2300000 / 10000000 address Mongo inserts
  2400000 / 10000000 address Mongo inserts
  2500000 / 10000000 address Mongo inserts
  2600000 / 10000000 address Mongo inserts
  2700000 / 10000000 address Mongo inserts
  2800000 / 10000000 address Mongo inserts
  2900000 / 10000000 address Mongo inserts
  3000000 / 10000000 address Mongo inserts
  3100000 / 10000000 address Mongo inserts
  3200000 / 10000000 address Mongo inserts
  3300000 / 10000000 address Mongo inserts
  3400000 / 10000000 address Mongo inserts
  3500000 / 10000000 address Mongo inserts
  3600000 / 10000000 address Mongo inserts
  3700000 / 10000000 address Mongo inserts
  3800000 / 10000000 address Mongo inserts
  3900000 / 10000000 address Mongo inserts
  4000000 / 10000000 address Mongo inserts
  4100000 / 10000000 address Mongo inserts
  4200000 / 10000000 address Mongo inserts
  4300000 / 10000000 address Mongo inserts
  4400000 / 10000000 address Mongo inserts
  4500000 / 10000000 address Mongo inserts
  4600000 / 10000000 address Mongo inserts
  4700000 / 10000000 address Mongo inserts
  4800000 / 10000000 address Mongo inserts
  4900000 / 10000000 address Mongo inserts
  5000000 / 10000000 address Mongo inserts
  5100000 / 10000000 address Mongo inserts
  5200000 / 10000000 address Mongo inserts
  5300000 / 10000000 address Mongo inserts
  5400000 / 10000000 address Mongo inserts
  5500000 / 10000000 address Mongo inserts
  5600000 / 10000000 address Mongo inserts
  5700000 / 10000000 address Mongo inserts
  5800000 / 10000000 address Mongo inserts
  5900000 / 10000000 address Mongo inserts
  6000000 / 10000000 address Mongo inserts
  6100000 / 10000000 address Mongo inserts
  6200000 / 10000000 address Mongo inserts
  6300000 / 10000000 address Mongo inserts
  6400000 / 10000000 address Mongo inserts
  6500000 / 10000000 address Mongo inserts
  6600000 / 10000000 address Mongo inserts
  6700000 / 10000000 address Mongo inserts
  6800000 / 10000000 address Mongo inserts
  6900000 / 10000000 address Mongo inserts
  7000000 / 10000000 address Mongo inserts
  7100000 / 10000000 address Mongo inserts
  7200000 / 10000000 address Mongo inserts
  7300000 / 10000000 address Mongo inserts
  7400000 / 10000000 address Mongo inserts
  7500000 / 10000000 address Mongo inserts
  7600000 / 10000000 address Mongo inserts
  7700000 / 10000000 address Mongo inserts
  7800000 / 10000000 address Mongo inserts
  7900000 / 10000000 address Mongo inserts
  8000000 / 10000000 address Mongo inserts
  8100000 / 10000000 address Mongo inserts
  8200000 / 10000000 address Mongo inserts
  8300000 / 10000000 address Mongo inserts
  8400000 / 10000000 address Mongo inserts
  8500000 / 10000000 address Mongo inserts
  8600000 / 10000000 address Mongo inserts
  8700000 / 10000000 address Mongo inserts
  8800000 / 10000000 address Mongo inserts
  8900000 / 10000000 address Mongo inserts
  9000000 / 10000000 address Mongo inserts
  9100000 / 10000000 address Mongo inserts
  9200000 / 10000000 address Mongo inserts
  9300000 / 10000000 address Mongo inserts
  9400000 / 10000000 address Mongo inserts
  9500000 / 10000000 address Mongo inserts
  9600000 / 10000000 address Mongo inserts
  9700000 / 10000000 address Mongo inserts
  9800000 / 10000000 address Mongo inserts
  9900000 / 10000000 address Mongo inserts
  10000000 / 10000000 address Mongo inserts

--- address Redis sets ---
  100000 / 10000000 address Redis sets
  200000 / 10000000 address Redis sets
  300000 / 10000000 address Redis sets
  400000 / 10000000 address Redis sets
  500000 / 10000000 address Redis sets
  600000 / 10000000 address Redis sets
  700000 / 10000000 address Redis sets
  800000 / 10000000 address Redis sets
  900000 / 10000000 address Redis sets
  1000000 / 10000000 address Redis sets
  1100000 / 10000000 address Redis sets
  1200000 / 10000000 address Redis sets
  1300000 / 10000000 address Redis sets
  1400000 / 10000000 address Redis sets
  1500000 / 10000000 address Redis sets
  1600000 / 10000000 address Redis sets
  1700000 / 10000000 address Redis sets
  1800000 / 10000000 address Redis sets
  1900000 / 10000000 address Redis sets
  2000000 / 10000000 address Redis sets
  2100000 / 10000000 address Redis sets
  2200000 / 10000000 address Redis sets
  2300000 / 10000000 address Redis sets
  2400000 / 10000000 address Redis sets
  2500000 / 10000000 address Redis sets
  2600000 / 10000000 address Redis sets
  2700000 / 10000000 address Redis sets
  2800000 / 10000000 address Redis sets
  2900000 / 10000000 address Redis sets
  3000000 / 10000000 address Redis sets
  3100000 / 10000000 address Redis sets
  3200000 / 10000000 address Redis sets
  3300000 / 10000000 address Redis sets
  3400000 / 10000000 address Redis sets
  3500000 / 10000000 address Redis sets
  3600000 / 10000000 address Redis sets
  3700000 / 10000000 address Redis sets
  3800000 / 10000000 address Redis sets
  3900000 / 10000000 address Redis sets
  4000000 / 10000000 address Redis sets
  4100000 / 10000000 address Redis sets
  4200000 / 10000000 address Redis sets
  4300000 / 10000000 address Redis sets
  4400000 / 10000000 address Redis sets
  4500000 / 10000000 address Redis sets
  4600000 / 10000000 address Redis sets
  4700000 / 10000000 address Redis sets
  4800000 / 10000000 address Redis sets
  4900000 / 10000000 address Redis sets
  5000000 / 10000000 address Redis sets
  5100000 / 10000000 address Redis sets
  5200000 / 10000000 address Redis sets
  5300000 / 10000000 address Redis sets
  5400000 / 10000000 address Redis sets
  5500000 / 10000000 address Redis sets
  5600000 / 10000000 address Redis sets
  5700000 / 10000000 address Redis sets
  5800000 / 10000000 address Redis sets
  5900000 / 10000000 address Redis sets
  6000000 / 10000000 address Redis sets
  6100000 / 10000000 address Redis sets
  6200000 / 10000000 address Redis sets
  6300000 / 10000000 address Redis sets
  6400000 / 10000000 address Redis sets
  6500000 / 10000000 address Redis sets
  6600000 / 10000000 address Redis sets
  6700000 / 10000000 address Redis sets
  6800000 / 10000000 address Redis sets
  6900000 / 10000000 address Redis sets
  7000000 / 10000000 address Redis sets
  7100000 / 10000000 address Redis sets
  7200000 / 10000000 address Redis sets
  7300000 / 10000000 address Redis sets
  7400000 / 10000000 address Redis sets
  7500000 / 10000000 address Redis sets
  7600000 / 10000000 address Redis sets
  7700000 / 10000000 address Redis sets
  7800000 / 10000000 address Redis sets
  7900000 / 10000000 address Redis sets
  8000000 / 10000000 address Redis sets
  8100000 / 10000000 address Redis sets
  8200000 / 10000000 address Redis sets
  8300000 / 10000000 address Redis sets
  8400000 / 10000000 address Redis sets
  8500000 / 10000000 address Redis sets
  8600000 / 10000000 address Redis sets
  8700000 / 10000000 address Redis sets
  8800000 / 10000000 address Redis sets
  8900000 / 10000000 address Redis sets
  9000000 / 10000000 address Redis sets
  9100000 / 10000000 address Redis sets
  9200000 / 10000000 address Redis sets
  9300000 / 10000000 address Redis sets
  9400000 / 10000000 address Redis sets
  9500000 / 10000000 address Redis sets
  9600000 / 10000000 address Redis sets
  9700000 / 10000000 address Redis sets
  9800000 / 10000000 address Redis sets
  9900000 / 10000000 address Redis sets
  10000000 / 10000000 address Redis sets

--- product SQL inserts ---
  100000 / 100000 product SQL inserts

--- product SQL selects ---
  100000 / 100000 product SQL selects

--- product SQL updates ---
  100000 / 100000 product SQL updates

--- product SQL deletes ---
  100000 / 100000 product SQL deletes

--- product Mongo inserts ---
  100000 / 100000 product Mongo inserts

--- product Mongo finds ---
  100000 / 100000 product Mongo finds

--- product Mongo updates ---
  100000 / 100000 product Mongo updates

--- product Mongo deletes ---
  100000 / 100000 product Mongo deletes

--- product Redis sets ---
  100000 / 100000 product Redis sets

--- product Redis gets ---
  100000 / 100000 product Redis gets

--- product Redis updates ---
  100000 / 100000 product Redis updates

--- product Redis deletes ---
  100000 / 100000 product Redis deletes

--- product image SQL inserts ---
  100000 / 100000 product image SQL inserts

--- product image Mongo inserts ---
  100000 / 100000 product image Mongo inserts

--- order SQL inserts ---
  100000 / 10000000 order SQL inserts
  200000 / 10000000 order SQL inserts
  300000 / 10000000 order SQL inserts
  400000 / 10000000 order SQL inserts
  500000 / 10000000 order SQL inserts
  600000 / 10000000 order SQL inserts
  700000 / 10000000 order SQL inserts
  800000 / 10000000 order SQL inserts
  900000 / 10000000 order SQL inserts
  1000000 / 10000000 order SQL inserts
  1100000 / 10000000 order SQL inserts
  1200000 / 10000000 order SQL inserts
  1300000 / 10000000 order SQL inserts
  1400000 / 10000000 order SQL inserts
  1500000 / 10000000 order SQL inserts
  1600000 / 10000000 order SQL inserts
  1700000 / 10000000 order SQL inserts
  1800000 / 10000000 order SQL inserts
  1900000 / 10000000 order SQL inserts
  2000000 / 10000000 order SQL inserts
  2100000 / 10000000 order SQL inserts
  2200000 / 10000000 order SQL inserts
  2300000 / 10000000 order SQL inserts
  2400000 / 10000000 order SQL inserts
  2500000 / 10000000 order SQL inserts
  2600000 / 10000000 order SQL inserts
  2700000 / 10000000 order SQL inserts
  2800000 / 10000000 order SQL inserts
  2900000 / 10000000 order SQL inserts
  3000000 / 10000000 order SQL inserts
  3100000 / 10000000 order SQL inserts
  3200000 / 10000000 order SQL inserts
  3300000 / 10000000 order SQL inserts
  3400000 / 10000000 order SQL inserts
  3500000 / 10000000 order SQL inserts
  3600000 / 10000000 order SQL inserts
  3700000 / 10000000 order SQL inserts
  3800000 / 10000000 order SQL inserts
  3900000 / 10000000 order SQL inserts
  4000000 / 10000000 order SQL inserts
  4100000 / 10000000 order SQL inserts
  4200000 / 10000000 order SQL inserts
  4300000 / 10000000 order SQL inserts
  4400000 / 10000000 order SQL inserts
  4500000 / 10000000 order SQL inserts
  4600000 / 10000000 order SQL inserts
  4700000 / 10000000 order SQL inserts
  4800000 / 10000000 order SQL inserts
  4900000 / 10000000 order SQL inserts
  5000000 / 10000000 order SQL inserts
  5100000 / 10000000 order SQL inserts
  5200000 / 10000000 order SQL inserts
  5300000 / 10000000 order SQL inserts
  5400000 / 10000000 order SQL inserts
  5500000 / 10000000 order SQL inserts
  5600000 / 10000000 order SQL inserts
  5700000 / 10000000 order SQL inserts
  5800000 / 10000000 order SQL inserts
  5900000 / 10000000 order SQL inserts
  6000000 / 10000000 order SQL inserts
  6100000 / 10000000 order SQL inserts
  6200000 / 10000000 order SQL inserts
  6300000 / 10000000 order SQL inserts
  6400000 / 10000000 order SQL inserts
  6500000 / 10000000 order SQL inserts
  6600000 / 10000000 order SQL inserts
  6700000 / 10000000 order SQL inserts
  6800000 / 10000000 order SQL inserts
  6900000 / 10000000 order SQL inserts
  7000000 / 10000000 order SQL inserts
  7100000 / 10000000 order SQL inserts
  7200000 / 10000000 order SQL inserts
  7300000 / 10000000 order SQL inserts
  7400000 / 10000000 order SQL inserts
  7500000 / 10000000 order SQL inserts
  7600000 / 10000000 order SQL inserts
  7700000 / 10000000 order SQL inserts
  7800000 / 10000000 order SQL inserts
  7900000 / 10000000 order SQL inserts
  8000000 / 10000000 order SQL inserts
  8100000 / 10000000 order SQL inserts
  8200000 / 10000000 order SQL inserts
  8300000 / 10000000 order SQL inserts
  8400000 / 10000000 order SQL inserts
  8500000 / 10000000 order SQL inserts
  8600000 / 10000000 order SQL inserts
  8700000 / 10000000 order SQL inserts
  8800000 / 10000000 order SQL inserts
  8900000 / 10000000 order SQL inserts
  9000000 / 10000000 order SQL inserts
  9100000 / 10000000 order SQL inserts
  9200000 / 10000000 order SQL inserts
  9300000 / 10000000 order SQL inserts
  9400000 / 10000000 order SQL inserts
  9500000 / 10000000 order SQL inserts
  9600000 / 10000000 order SQL inserts
  9700000 / 10000000 order SQL inserts
  9800000 / 10000000 order SQL inserts
  9900000 / 10000000 order SQL inserts
  10000000 / 10000000 order SQL inserts

--- order SQL selects ---
  100000 / 10000000 order SQL selects
  200000 / 10000000 order SQL selects
  300000 / 10000000 order SQL selects
  400000 / 10000000 order SQL selects
  500000 / 10000000 order SQL selects
  600000 / 10000000 order SQL selects
  700000 / 10000000 order SQL selects
  800000 / 10000000 order SQL selects
  900000 / 10000000 order SQL selects
  1000000 / 10000000 order SQL selects
  1100000 / 10000000 order SQL selects
  1200000 / 10000000 order SQL selects
  1300000 / 10000000 order SQL selects
  1400000 / 10000000 order SQL selects
  1500000 / 10000000 order SQL selects
  1600000 / 10000000 order SQL selects
  1700000 / 10000000 order SQL selects
  1800000 / 10000000 order SQL selects
  1900000 / 10000000 order SQL selects
  2000000 / 10000000 order SQL selects
  2100000 / 10000000 order SQL selects
  2200000 / 10000000 order SQL selects
  2300000 / 10000000 order SQL selects
  2400000 / 10000000 order SQL selects
  2500000 / 10000000 order SQL selects
  2600000 / 10000000 order SQL selects
  2700000 / 10000000 order SQL selects
  2800000 / 10000000 order SQL selects
  2900000 / 10000000 order SQL selects
  3000000 / 10000000 order SQL selects
  3100000 / 10000000 order SQL selects
  3200000 / 10000000 order SQL selects
  3300000 / 10000000 order SQL selects
  3400000 / 10000000 order SQL selects
  3500000 / 10000000 order SQL selects
  3600000 / 10000000 order SQL selects
  3700000 / 10000000 order SQL selects
  3800000 / 10000000 order SQL selects
  3900000 / 10000000 order SQL selects
  4000000 / 10000000 order SQL selects
  4100000 / 10000000 order SQL selects
  4200000 / 10000000 order SQL selects
  4300000 / 10000000 order SQL selects
  4400000 / 10000000 order SQL selects
  4500000 / 10000000 order SQL selects
  4600000 / 10000000 order SQL selects
  4700000 / 10000000 order SQL selects
  4800000 / 10000000 order SQL selects
  4900000 / 10000000 order SQL selects
  5000000 / 10000000 order SQL selects
  5100000 / 10000000 order SQL selects
  5200000 / 10000000 order SQL selects
  5300000 / 10000000 order SQL selects
  5400000 / 10000000 order SQL selects
  5500000 / 10000000 order SQL selects
  5600000 / 10000000 order SQL selects
  5700000 / 10000000 order SQL selects
  5800000 / 10000000 order SQL selects
  5900000 / 10000000 order SQL selects
  6000000 / 10000000 order SQL selects
  6100000 / 10000000 order SQL selects
  6200000 / 10000000 order SQL selects
  6300000 / 10000000 order SQL selects
  6400000 / 10000000 order SQL selects
  6500000 / 10000000 order SQL selects
  6600000 / 10000000 order SQL selects
  6700000 / 10000000 order SQL selects
  6800000 / 10000000 order SQL selects
  6900000 / 10000000 order SQL selects
  7000000 / 10000000 order SQL selects
  7100000 / 10000000 order SQL selects
  7200000 / 10000000 order SQL selects
  7300000 / 10000000 order SQL selects
  7400000 / 10000000 order SQL selects
  7500000 / 10000000 order SQL selects
  7600000 / 10000000 order SQL selects
  7700000 / 10000000 order SQL selects
  7800000 / 10000000 order SQL selects
  7900000 / 10000000 order SQL selects
  8000000 / 10000000 order SQL selects
  8100000 / 10000000 order SQL selects
  8200000 / 10000000 order SQL selects
  8300000 / 10000000 order SQL selects
  8400000 / 10000000 order SQL selects
  8500000 / 10000000 order SQL selects
  8600000 / 10000000 order SQL selects
  8700000 / 10000000 order SQL selects
  8800000 / 10000000 order SQL selects
  8900000 / 10000000 order SQL selects
  9000000 / 10000000 order SQL selects
  9100000 / 10000000 order SQL selects
  9200000 / 10000000 order SQL selects
  9300000 / 10000000 order SQL selects
  9400000 / 10000000 order SQL selects
  9500000 / 10000000 order SQL selects
  9600000 / 10000000 order SQL selects
  9700000 / 10000000 order SQL selects
  9800000 / 10000000 order SQL selects
  9900000 / 10000000 order SQL selects
  10000000 / 10000000 order SQL selects

--- order SQL updates ---
  100000 / 10000000 order SQL updates
  200000 / 10000000 order SQL updates
  300000 / 10000000 order SQL updates
  400000 / 10000000 order SQL updates
  500000 / 10000000 order SQL updates
  600000 / 10000000 order SQL updates
  700000 / 10000000 order SQL updates
  800000 / 10000000 order SQL updates
  900000 / 10000000 order SQL updates
  1000000 / 10000000 order SQL updates
  1100000 / 10000000 order SQL updates
  1200000 / 10000000 order SQL updates
  1300000 / 10000000 order SQL updates
  1400000 / 10000000 order SQL updates
  1500000 / 10000000 order SQL updates
  1600000 / 10000000 order SQL updates
  1700000 / 10000000 order SQL updates
  1800000 / 10000000 order SQL updates
  1900000 / 10000000 order SQL updates
  2000000 / 10000000 order SQL updates
  2100000 / 10000000 order SQL updates
  2200000 / 10000000 order SQL updates
  2300000 / 10000000 order SQL updates
  2400000 / 10000000 order SQL updates
  2500000 / 10000000 order SQL updates
  2600000 / 10000000 order SQL updates
  2700000 / 10000000 order SQL updates
  2800000 / 10000000 order SQL updates
  2900000 / 10000000 order SQL updates
  3000000 / 10000000 order SQL updates
  3100000 / 10000000 order SQL updates
  3200000 / 10000000 order SQL updates
  3300000 / 10000000 order SQL updates
  3400000 / 10000000 order SQL updates
  3500000 / 10000000 order SQL updates
  3600000 / 10000000 order SQL updates
  3700000 / 10000000 order SQL updates
  3800000 / 10000000 order SQL updates
  3900000 / 10000000 order SQL updates
  4000000 / 10000000 order SQL updates
  4100000 / 10000000 order SQL updates
  4200000 / 10000000 order SQL updates
  4300000 / 10000000 order SQL updates
  4400000 / 10000000 order SQL updates
  4500000 / 10000000 order SQL updates
  4600000 / 10000000 order SQL updates
  4700000 / 10000000 order SQL updates
  4800000 / 10000000 order SQL updates
  4900000 / 10000000 order SQL updates
  5000000 / 10000000 order SQL updates
  5100000 / 10000000 order SQL updates
  5200000 / 10000000 order SQL updates
  5300000 / 10000000 order SQL updates
  5400000 / 10000000 order SQL updates
  5500000 / 10000000 order SQL updates
  5600000 / 10000000 order SQL updates
  5700000 / 10000000 order SQL updates
  5800000 / 10000000 order SQL updates
  5900000 / 10000000 order SQL updates
  6000000 / 10000000 order SQL updates
  6100000 / 10000000 order SQL updates
  6200000 / 10000000 order SQL updates
  6300000 / 10000000 order SQL updates
  6400000 / 10000000 order SQL updates
  6500000 / 10000000 order SQL updates
  6600000 / 10000000 order SQL updates
  6700000 / 10000000 order SQL updates
  6800000 / 10000000 order SQL updates
  6900000 / 10000000 order SQL updates
  7000000 / 10000000 order SQL updates
  7100000 / 10000000 order SQL updates
  7200000 / 10000000 order SQL updates
  7300000 / 10000000 order SQL updates
  7400000 / 10000000 order SQL updates
  7500000 / 10000000 order SQL updates
  7600000 / 10000000 order SQL updates
  7700000 / 10000000 order SQL updates
  7800000 / 10000000 order SQL updates
  7900000 / 10000000 order SQL updates
  8000000 / 10000000 order SQL updates
  8100000 / 10000000 order SQL updates
  8200000 / 10000000 order SQL updates
  8300000 / 10000000 order SQL updates
  8400000 / 10000000 order SQL updates
  8500000 / 10000000 order SQL updates
  8600000 / 10000000 order SQL updates
  8700000 / 10000000 order SQL updates
  8800000 / 10000000 order SQL updates
  8900000 / 10000000 order SQL updates
  9000000 / 10000000 order SQL updates
  9100000 / 10000000 order SQL updates
  9200000 / 10000000 order SQL updates
  9300000 / 10000000 order SQL updates
  9400000 / 10000000 order SQL updates
  9500000 / 10000000 order SQL updates
  9600000 / 10000000 order SQL updates
  9700000 / 10000000 order SQL updates
  9800000 / 10000000 order SQL updates
  9900000 / 10000000 order SQL updates
  10000000 / 10000000 order SQL updates

--- order SQL deletes ---
  100000 / 10000000 order SQL deletes
  200000 / 10000000 order SQL deletes
  300000 / 10000000 order SQL deletes
  400000 / 10000000 order SQL deletes
  500000 / 10000000 order SQL deletes
  600000 / 10000000 order SQL deletes
  700000 / 10000000 order SQL deletes
  800000 / 10000000 order SQL deletes
  900000 / 10000000 order SQL deletes
  1000000 / 10000000 order SQL deletes
  1100000 / 10000000 order SQL deletes
  1200000 / 10000000 order SQL deletes
  1300000 / 10000000 order SQL deletes
  1400000 / 10000000 order SQL deletes
  1500000 / 10000000 order SQL deletes
  1600000 / 10000000 order SQL deletes
  1700000 / 10000000 order SQL deletes
  1800000 / 10000000 order SQL deletes
  1900000 / 10000000 order SQL deletes
  2000000 / 10000000 order SQL deletes
  2100000 / 10000000 order SQL deletes
  2200000 / 10000000 order SQL deletes
  2300000 / 10000000 order SQL deletes
  2400000 / 10000000 order SQL deletes
  2500000 / 10000000 order SQL deletes
  2600000 / 10000000 order SQL deletes
  2700000 / 10000000 order SQL deletes
  2800000 / 10000000 order SQL deletes
  2900000 / 10000000 order SQL deletes
  3000000 / 10000000 order SQL deletes
  3100000 / 10000000 order SQL deletes
  3200000 / 10000000 order SQL deletes
  3300000 / 10000000 order SQL deletes
  3400000 / 10000000 order SQL deletes
  3500000 / 10000000 order SQL deletes
  3600000 / 10000000 order SQL deletes
  3700000 / 10000000 order SQL deletes
  3800000 / 10000000 order SQL deletes
  3900000 / 10000000 order SQL deletes
  4000000 / 10000000 order SQL deletes
  4100000 / 10000000 order SQL deletes
  4200000 / 10000000 order SQL deletes
  4300000 / 10000000 order SQL deletes
  4400000 / 10000000 order SQL deletes
  4500000 / 10000000 order SQL deletes
  4600000 / 10000000 order SQL deletes
  4700000 / 10000000 order SQL deletes
  4800000 / 10000000 order SQL deletes
  4900000 / 10000000 order SQL deletes
  5000000 / 10000000 order SQL deletes
  5100000 / 10000000 order SQL deletes
  5200000 / 10000000 order SQL deletes
  5300000 / 10000000 order SQL deletes
  5400000 / 10000000 order SQL deletes
  5500000 / 10000000 order SQL deletes
  5600000 / 10000000 order SQL deletes
  5700000 / 10000000 order SQL deletes
  5800000 / 10000000 order SQL deletes
  5900000 / 10000000 order SQL deletes
  6000000 / 10000000 order SQL deletes
  6100000 / 10000000 order SQL deletes
  6200000 / 10000000 order SQL deletes
  6300000 / 10000000 order SQL deletes
  6400000 / 10000000 order SQL deletes
  6500000 / 10000000 order SQL deletes
  6600000 / 10000000 order SQL deletes
  6700000 / 10000000 order SQL deletes
  6800000 / 10000000 order SQL deletes
  6900000 / 10000000 order SQL deletes
  7000000 / 10000000 order SQL deletes
  7100000 / 10000000 order SQL deletes
  7200000 / 10000000 order SQL deletes
  7300000 / 10000000 order SQL deletes
  7400000 / 10000000 order SQL deletes
  7500000 / 10000000 order SQL deletes
  7600000 / 10000000 order SQL deletes
  7700000 / 10000000 order SQL deletes
  7800000 / 10000000 order SQL deletes
  7900000 / 10000000 order SQL deletes
  8000000 / 10000000 order SQL deletes
  8100000 / 10000000 order SQL deletes
  8200000 / 10000000 order SQL deletes
  8300000 / 10000000 order SQL deletes
  8400000 / 10000000 order SQL deletes
  8500000 / 10000000 order SQL deletes
  8600000 / 10000000 order SQL deletes
  8700000 / 10000000 order SQL deletes
  8800000 / 10000000 order SQL deletes
  8900000 / 10000000 order SQL deletes
  9000000 / 10000000 order SQL deletes
  9100000 / 10000000 order SQL deletes
  9200000 / 10000000 order SQL deletes
  9300000 / 10000000 order SQL deletes
  9400000 / 10000000 order SQL deletes
  9500000 / 10000000 order SQL deletes
  9600000 / 10000000 order SQL deletes
  9700000 / 10000000 order SQL deletes
  9800000 / 10000000 order SQL deletes
  9900000 / 10000000 order SQL deletes
  10000000 / 10000000 order SQL deletes

--- order Mongo inserts ---
  100000 / 10000000 order Mongo inserts
  200000 / 10000000 order Mongo inserts
  300000 / 10000000 order Mongo inserts
  400000 / 10000000 order Mongo inserts
  500000 / 10000000 order Mongo inserts
  600000 / 10000000 order Mongo inserts
  700000 / 10000000 order Mongo inserts
  800000 / 10000000 order Mongo inserts
  900000 / 10000000 order Mongo inserts
  1000000 / 10000000 order Mongo inserts
  1100000 / 10000000 order Mongo inserts
  1200000 / 10000000 order Mongo inserts
  1300000 / 10000000 order Mongo inserts
  1400000 / 10000000 order Mongo inserts
  1500000 / 10000000 order Mongo inserts
  1600000 / 10000000 order Mongo inserts
  1700000 / 10000000 order Mongo inserts
  1800000 / 10000000 order Mongo inserts
  1900000 / 10000000 order Mongo inserts
  2000000 / 10000000 order Mongo inserts
  2100000 / 10000000 order Mongo inserts
  2200000 / 10000000 order Mongo inserts
  2300000 / 10000000 order Mongo inserts
  2400000 / 10000000 order Mongo inserts
  2500000 / 10000000 order Mongo inserts
  2600000 / 10000000 order Mongo inserts
  2700000 / 10000000 order Mongo inserts
  2800000 / 10000000 order Mongo inserts
  2900000 / 10000000 order Mongo inserts
  3000000 / 10000000 order Mongo inserts
  3100000 / 10000000 order Mongo inserts
  3200000 / 10000000 order Mongo inserts
  3300000 / 10000000 order Mongo inserts
  3400000 / 10000000 order Mongo inserts
  3500000 / 10000000 order Mongo inserts
  3600000 / 10000000 order Mongo inserts
  3700000 / 10000000 order Mongo inserts
  3800000 / 10000000 order Mongo inserts
  3900000 / 10000000 order Mongo inserts
  4000000 / 10000000 order Mongo inserts
  4100000 / 10000000 order Mongo inserts
  4200000 / 10000000 order Mongo inserts
  4300000 / 10000000 order Mongo inserts
  4400000 / 10000000 order Mongo inserts
  4500000 / 10000000 order Mongo inserts
  4600000 / 10000000 order Mongo inserts
  4700000 / 10000000 order Mongo inserts
  4800000 / 10000000 order Mongo inserts
  4900000 / 10000000 order Mongo inserts
  5000000 / 10000000 order Mongo inserts
  5100000 / 10000000 order Mongo inserts
  5200000 / 10000000 order Mongo inserts
  5300000 / 10000000 order Mongo inserts
  5400000 / 10000000 order Mongo inserts
  5500000 / 10000000 order Mongo inserts
  5600000 / 10000000 order Mongo inserts
  5700000 / 10000000 order Mongo inserts
  5800000 / 10000000 order Mongo inserts
  5900000 / 10000000 order Mongo inserts
  6000000 / 10000000 order Mongo inserts
  6100000 / 10000000 order Mongo inserts
  6200000 / 10000000 order Mongo inserts
  6300000 / 10000000 order Mongo inserts
  6400000 / 10000000 order Mongo inserts
  6500000 / 10000000 order Mongo inserts
  6600000 / 10000000 order Mongo inserts
  6700000 / 10000000 order Mongo inserts
  6800000 / 10000000 order Mongo inserts
  6900000 / 10000000 order Mongo inserts
  7000000 / 10000000 order Mongo inserts
  7100000 / 10000000 order Mongo inserts
  7200000 / 10000000 order Mongo inserts
  7300000 / 10000000 order Mongo inserts
  7400000 / 10000000 order Mongo inserts
  7500000 / 10000000 order Mongo inserts
  7600000 / 10000000 order Mongo inserts
  7700000 / 10000000 order Mongo inserts
  7800000 / 10000000 order Mongo inserts
  7900000 / 10000000 order Mongo inserts
  8000000 / 10000000 order Mongo inserts
  8100000 / 10000000 order Mongo inserts
  8200000 / 10000000 order Mongo inserts
  8300000 / 10000000 order Mongo inserts
  8400000 / 10000000 order Mongo inserts
  8500000 / 10000000 order Mongo inserts
  8600000 / 10000000 order Mongo inserts
  8700000 / 10000000 order Mongo inserts
  8800000 / 10000000 order Mongo inserts
  8900000 / 10000000 order Mongo inserts
  9000000 / 10000000 order Mongo inserts
  9100000 / 10000000 order Mongo inserts
  9200000 / 10000000 order Mongo inserts
  9300000 / 10000000 order Mongo inserts
  9400000 / 10000000 order Mongo inserts
  9500000 / 10000000 order Mongo inserts
  9600000 / 10000000 order Mongo inserts
  9700000 / 10000000 order Mongo inserts
  9800000 / 10000000 order Mongo inserts
  9900000 / 10000000 order Mongo inserts
  10000000 / 10000000 order Mongo inserts

--- order Mongo finds ---
  100000 / 10000000 order Mongo finds
  200000 / 10000000 order Mongo finds
  300000 / 10000000 order Mongo finds
  400000 / 10000000 order Mongo finds
  500000 / 10000000 order Mongo finds
  600000 / 10000000 order Mongo finds
  700000 / 10000000 order Mongo finds
  800000 / 10000000 order Mongo finds
  900000 / 10000000 order Mongo finds
  1000000 / 10000000 order Mongo finds
  1100000 / 10000000 order Mongo finds
  1200000 / 10000000 order Mongo finds
  1300000 / 10000000 order Mongo finds
  1400000 / 10000000 order Mongo finds
  1500000 / 10000000 order Mongo finds
  1600000 / 10000000 order Mongo finds
  1700000 / 10000000 order Mongo finds
  1800000 / 10000000 order Mongo finds
  1900000 / 10000000 order Mongo finds
  2000000 / 10000000 order Mongo finds
  2100000 / 10000000 order Mongo finds
  2200000 / 10000000 order Mongo finds
  2300000 / 10000000 order Mongo finds
  2400000 / 10000000 order Mongo finds
  2500000 / 10000000 order Mongo finds
  2600000 / 10000000 order Mongo finds
  2700000 / 10000000 order Mongo finds
  2800000 / 10000000 order Mongo finds
  2900000 / 10000000 order Mongo finds
  3000000 / 10000000 order Mongo finds
  3100000 / 10000000 order Mongo finds
  3200000 / 10000000 order Mongo finds
  3300000 / 10000000 order Mongo finds
  3400000 / 10000000 order Mongo finds
  3500000 / 10000000 order Mongo finds
  3600000 / 10000000 order Mongo finds
  3700000 / 10000000 order Mongo finds
  3800000 / 10000000 order Mongo finds
  3900000 / 10000000 order Mongo finds
  4000000 / 10000000 order Mongo finds
  4100000 / 10000000 order Mongo finds
  4200000 / 10000000 order Mongo finds
  4300000 / 10000000 order Mongo finds
  4400000 / 10000000 order Mongo finds
  4500000 / 10000000 order Mongo finds
  4600000 / 10000000 order Mongo finds
  4700000 / 10000000 order Mongo finds
  4800000 / 10000000 order Mongo finds
  4900000 / 10000000 order Mongo finds
  5000000 / 10000000 order Mongo finds
  5100000 / 10000000 order Mongo finds
  5200000 / 10000000 order Mongo finds
  5300000 / 10000000 order Mongo finds
  5400000 / 10000000 order Mongo finds
  5500000 / 10000000 order Mongo finds
  5600000 / 10000000 order Mongo finds
  5700000 / 10000000 order Mongo finds
  5800000 / 10000000 order Mongo finds
  5900000 / 10000000 order Mongo finds
  6000000 / 10000000 order Mongo finds
  6100000 / 10000000 order Mongo finds
  6200000 / 10000000 order Mongo finds
  6300000 / 10000000 order Mongo finds
  6400000 / 10000000 order Mongo finds
  6500000 / 10000000 order Mongo finds
  6600000 / 10000000 order Mongo finds
  6700000 / 10000000 order Mongo finds
  6800000 / 10000000 order Mongo finds
  6900000 / 10000000 order Mongo finds
  7000000 / 10000000 order Mongo finds
  7100000 / 10000000 order Mongo finds
  7200000 / 10000000 order Mongo finds
  7300000 / 10000000 order Mongo finds
  7400000 / 10000000 order Mongo finds
  7500000 / 10000000 order Mongo finds
  7600000 / 10000000 order Mongo finds
  7700000 / 10000000 order Mongo finds
  7800000 / 10000000 order Mongo finds
  7900000 / 10000000 order Mongo finds
  8000000 / 10000000 order Mongo finds
  8100000 / 10000000 order Mongo finds
  8200000 / 10000000 order Mongo finds
  8300000 / 10000000 order Mongo finds
  8400000 / 10000000 order Mongo finds
  8500000 / 10000000 order Mongo finds
  8600000 / 10000000 order Mongo finds
  8700000 / 10000000 order Mongo finds
  8800000 / 10000000 order Mongo finds
  8900000 / 10000000 order Mongo finds
  9000000 / 10000000 order Mongo finds
  9100000 / 10000000 order Mongo finds
  9200000 / 10000000 order Mongo finds
  9300000 / 10000000 order Mongo finds
  9400000 / 10000000 order Mongo finds
  9500000 / 10000000 order Mongo finds
  9600000 / 10000000 order Mongo finds
  9700000 / 10000000 order Mongo finds
  9800000 / 10000000 order Mongo finds
  9900000 / 10000000 order Mongo finds
  10000000 / 10000000 order Mongo finds

--- order Redis sets ---
  100000 / 10000000 order Redis sets
  200000 / 10000000 order Redis sets
  300000 / 10000000 order Redis sets
  400000 / 10000000 order Redis sets
  500000 / 10000000 order Redis sets
  600000 / 10000000 order Redis sets
  700000 / 10000000 order Redis sets
  800000 / 10000000 order Redis sets
  900000 / 10000000 order Redis sets
  1000000 / 10000000 order Redis sets
  1100000 / 10000000 order Redis sets
  1200000 / 10000000 order Redis sets
  1300000 / 10000000 order Redis sets
  1400000 / 10000000 order Redis sets
  1500000 / 10000000 order Redis sets
  1600000 / 10000000 order Redis sets
  1700000 / 10000000 order Redis sets
  1800000 / 10000000 order Redis sets
  1900000 / 10000000 order Redis sets
  2000000 / 10000000 order Redis sets
  2100000 / 10000000 order Redis sets
  2200000 / 10000000 order Redis sets
  2300000 / 10000000 order Redis sets
  2400000 / 10000000 order Redis sets
  2500000 / 10000000 order Redis sets
  2600000 / 10000000 order Redis sets
  2700000 / 10000000 order Redis sets
  2800000 / 10000000 order Redis sets
  2900000 / 10000000 order Redis sets
  3000000 / 10000000 order Redis sets
  3100000 / 10000000 order Redis sets
  3200000 / 10000000 order Redis sets
  3300000 / 10000000 order Redis sets
  3400000 / 10000000 order Redis sets
  3500000 / 10000000 order Redis sets
  3600000 / 10000000 order Redis sets
  3700000 / 10000000 order Redis sets
  3800000 / 10000000 order Redis sets
  3900000 / 10000000 order Redis sets
  4000000 / 10000000 order Redis sets
  4100000 / 10000000 order Redis sets
  4200000 / 10000000 order Redis sets
  4300000 / 10000000 order Redis sets
  4400000 / 10000000 order Redis sets
  4500000 / 10000000 order Redis sets
  4600000 / 10000000 order Redis sets
  4700000 / 10000000 order Redis sets
  4800000 / 10000000 order Redis sets
  4900000 / 10000000 order Redis sets
  5000000 / 10000000 order Redis sets
  5100000 / 10000000 order Redis sets
  5200000 / 10000000 order Redis sets
  5300000 / 10000000 order Redis sets
  5400000 / 10000000 order Redis sets
  5500000 / 10000000 order Redis sets
  5600000 / 10000000 order Redis sets
  5700000 / 10000000 order Redis sets
  5800000 / 10000000 order Redis sets
  5900000 / 10000000 order Redis sets
  6000000 / 10000000 order Redis sets
  6100000 / 10000000 order Redis sets
  6200000 / 10000000 order Redis sets
  6300000 / 10000000 order Redis sets
  6400000 / 10000000 order Redis sets
  6500000 / 10000000 order Redis sets
  6600000 / 10000000 order Redis sets
  6700000 / 10000000 order Redis sets
  6800000 / 10000000 order Redis sets
  6900000 / 10000000 order Redis sets
  7000000 / 10000000 order Redis sets
  7100000 / 10000000 order Redis sets
  7200000 / 10000000 order Redis sets
  7300000 / 10000000 order Redis sets
  7400000 / 10000000 order Redis sets
  7500000 / 10000000 order Redis sets
  7600000 / 10000000 order Redis sets
  7700000 / 10000000 order Redis sets
  7800000 / 10000000 order Redis sets
  7900000 / 10000000 order Redis sets
  8000000 / 10000000 order Redis sets
  8100000 / 10000000 order Redis sets
  8200000 / 10000000 order Redis sets
  8300000 / 10000000 order Redis sets
  8400000 / 10000000 order Redis sets
  8500000 / 10000000 order Redis sets
  8600000 / 10000000 order Redis sets
  8700000 / 10000000 order Redis sets
  8800000 / 10000000 order Redis sets
  8900000 / 10000000 order Redis sets
  9000000 / 10000000 order Redis sets
  9100000 / 10000000 order Redis sets
  9200000 / 10000000 order Redis sets
  9300000 / 10000000 order Redis sets
  9400000 / 10000000 order Redis sets
  9500000 / 10000000 order Redis sets
  9600000 / 10000000 order Redis sets
  9700000 / 10000000 order Redis sets
  9800000 / 10000000 order Redis sets
  9900000 / 10000000 order Redis sets
  10000000 / 10000000 order Redis sets

--- order Redis gets ---
  100000 / 10000000 order Redis gets
  200000 / 10000000 order Redis gets
  300000 / 10000000 order Redis gets
  400000 / 10000000 order Redis gets
  500000 / 10000000 order Redis gets
  600000 / 10000000 order Redis gets
  700000 / 10000000 order Redis gets
  800000 / 10000000 order Redis gets
  900000 / 10000000 order Redis gets
  1000000 / 10000000 order Redis gets
  1100000 / 10000000 order Redis gets
  1200000 / 10000000 order Redis gets
  1300000 / 10000000 order Redis gets
  1400000 / 10000000 order Redis gets
  1500000 / 10000000 order Redis gets
  1600000 / 10000000 order Redis gets
  1700000 / 10000000 order Redis gets
  1800000 / 10000000 order Redis gets
  1900000 / 10000000 order Redis gets
  2000000 / 10000000 order Redis gets
  2100000 / 10000000 order Redis gets
  2200000 / 10000000 order Redis gets
  2300000 / 10000000 order Redis gets
  2400000 / 10000000 order Redis gets
  2500000 / 10000000 order Redis gets
  2600000 / 10000000 order Redis gets
  2700000 / 10000000 order Redis gets
  2800000 / 10000000 order Redis gets
  2900000 / 10000000 order Redis gets
  3000000 / 10000000 order Redis gets
  3100000 / 10000000 order Redis gets
  3200000 / 10000000 order Redis gets
  3300000 / 10000000 order Redis gets
  3400000 / 10000000 order Redis gets
  3500000 / 10000000 order Redis gets
  3600000 / 10000000 order Redis gets
  3700000 / 10000000 order Redis gets
  3800000 / 10000000 order Redis gets
  3900000 / 10000000 order Redis gets
  4000000 / 10000000 order Redis gets
  4100000 / 10000000 order Redis gets
  4200000 / 10000000 order Redis gets
  4300000 / 10000000 order Redis gets
  4400000 / 10000000 order Redis gets
  4500000 / 10000000 order Redis gets
  4600000 / 10000000 order Redis gets
  4700000 / 10000000 order Redis gets
  4800000 / 10000000 order Redis gets
  4900000 / 10000000 order Redis gets
  5000000 / 10000000 order Redis gets
  5100000 / 10000000 order Redis gets
  5200000 / 10000000 order Redis gets
  5300000 / 10000000 order Redis gets
  5400000 / 10000000 order Redis gets
  5500000 / 10000000 order Redis gets
  5600000 / 10000000 order Redis gets
  5700000 / 10000000 order Redis gets
  5800000 / 10000000 order Redis gets
  5900000 / 10000000 order Redis gets
  6000000 / 10000000 order Redis gets
  6100000 / 10000000 order Redis gets
  6200000 / 10000000 order Redis gets
  6300000 / 10000000 order Redis gets
  6400000 / 10000000 order Redis gets
  6500000 / 10000000 order Redis gets
  6600000 / 10000000 order Redis gets
  6700000 / 10000000 order Redis gets
  6800000 / 10000000 order Redis gets
  6900000 / 10000000 order Redis gets
  7000000 / 10000000 order Redis gets
  7100000 / 10000000 order Redis gets
  7200000 / 10000000 order Redis gets
  7300000 / 10000000 order Redis gets
  7400000 / 10000000 order Redis gets
  7500000 / 10000000 order Redis gets
  7600000 / 10000000 order Redis gets
  7700000 / 10000000 order Redis gets
  7800000 / 10000000 order Redis gets
  7900000 / 10000000 order Redis gets
  8000000 / 10000000 order Redis gets
  8100000 / 10000000 order Redis gets
  8200000 / 10000000 order Redis gets
  8300000 / 10000000 order Redis gets
  8400000 / 10000000 order Redis gets
  8500000 / 10000000 order Redis gets
  8600000 / 10000000 order Redis gets
  8700000 / 10000000 order Redis gets
  8800000 / 10000000 order Redis gets
  8900000 / 10000000 order Redis gets
  9000000 / 10000000 order Redis gets
  9100000 / 10000000 order Redis gets
  9200000 / 10000000 order Redis gets
  9300000 / 10000000 order Redis gets
  9400000 / 10000000 order Redis gets
  9500000 / 10000000 order Redis gets
  9600000 / 10000000 order Redis gets
  9700000 / 10000000 order Redis gets
  9800000 / 10000000 order Redis gets
  9900000 / 10000000 order Redis gets
  10000000 / 10000000 order Redis gets

--- order Redis updates ---
  100000 / 10000000 order Redis updates
  200000 / 10000000 order Redis updates
  300000 / 10000000 order Redis updates
  400000 / 10000000 order Redis updates
  500000 / 10000000 order Redis updates
  600000 / 10000000 order Redis updates
  700000 / 10000000 order Redis updates
  800000 / 10000000 order Redis updates
  900000 / 10000000 order Redis updates
  1000000 / 10000000 order Redis updates
  1100000 / 10000000 order Redis updates
  1200000 / 10000000 order Redis updates
  1300000 / 10000000 order Redis updates
  1400000 / 10000000 order Redis updates
  1500000 / 10000000 order Redis updates
  1600000 / 10000000 order Redis updates
  1700000 / 10000000 order Redis updates
  1800000 / 10000000 order Redis updates
  1900000 / 10000000 order Redis updates
  2000000 / 10000000 order Redis updates
  2100000 / 10000000 order Redis updates
  2200000 / 10000000 order Redis updates
  2300000 / 10000000 order Redis updates
  2400000 / 10000000 order Redis updates
  2500000 / 10000000 order Redis updates
  2600000 / 10000000 order Redis updates
  2700000 / 10000000 order Redis updates
  2800000 / 10000000 order Redis updates
  2900000 / 10000000 order Redis updates
  3000000 / 10000000 order Redis updates
  3100000 / 10000000 order Redis updates
  3200000 / 10000000 order Redis updates
  3300000 / 10000000 order Redis updates
  3400000 / 10000000 order Redis updates
  3500000 / 10000000 order Redis updates
  3600000 / 10000000 order Redis updates
  3700000 / 10000000 order Redis updates
  3800000 / 10000000 order Redis updates
  3900000 / 10000000 order Redis updates
  4000000 / 10000000 order Redis updates
  4100000 / 10000000 order Redis updates
  4200000 / 10000000 order Redis updates
  4300000 / 10000000 order Redis updates
  4400000 / 10000000 order Redis updates
  4500000 / 10000000 order Redis updates
  4600000 / 10000000 order Redis updates
  4700000 / 10000000 order Redis updates
  4800000 / 10000000 order Redis updates
  4900000 / 10000000 order Redis updates
  5000000 / 10000000 order Redis updates
  5100000 / 10000000 order Redis updates
  5200000 / 10000000 order Redis updates
  5300000 / 10000000 order Redis updates
  5400000 / 10000000 order Redis updates
  5500000 / 10000000 order Redis updates
  5600000 / 10000000 order Redis updates
  5700000 / 10000000 order Redis updates
  5800000 / 10000000 order Redis updates
  5900000 / 10000000 order Redis updates
  6000000 / 10000000 order Redis updates
  6100000 / 10000000 order Redis updates
  6200000 / 10000000 order Redis updates
  6300000 / 10000000 order Redis updates
  6400000 / 10000000 order Redis updates
  6500000 / 10000000 order Redis updates
  6600000 / 10000000 order Redis updates
  6700000 / 10000000 order Redis updates
  6800000 / 10000000 order Redis updates
  6900000 / 10000000 order Redis updates
  7000000 / 10000000 order Redis updates
  7100000 / 10000000 order Redis updates
  7200000 / 10000000 order Redis updates
  7300000 / 10000000 order Redis updates
  7400000 / 10000000 order Redis updates
  7500000 / 10000000 order Redis updates
  7600000 / 10000000 order Redis updates
  7700000 / 10000000 order Redis updates
  7800000 / 10000000 order Redis updates
  7900000 / 10000000 order Redis updates
  8000000 / 10000000 order Redis updates
  8100000 / 10000000 order Redis updates
  8200000 / 10000000 order Redis updates
  8300000 / 10000000 order Redis updates
  8400000 / 10000000 order Redis updates
  8500000 / 10000000 order Redis updates
  8600000 / 10000000 order Redis updates
  8700000 / 10000000 order Redis updates
  8800000 / 10000000 order Redis updates
  8900000 / 10000000 order Redis updates
  9000000 / 10000000 order Redis updates
  9100000 / 10000000 order Redis updates
  9200000 / 10000000 order Redis updates
  9300000 / 10000000 order Redis updates
  9400000 / 10000000 order Redis updates
  9500000 / 10000000 order Redis updates
  9600000 / 10000000 order Redis updates
  9700000 / 10000000 order Redis updates
  9800000 / 10000000 order Redis updates
  9900000 / 10000000 order Redis updates
  10000000 / 10000000 order Redis updates

--- order Redis deletes ---
  100000 / 10000000 order Redis deletes
  200000 / 10000000 order Redis deletes
  300000 / 10000000 order Redis deletes
  400000 / 10000000 order Redis deletes
  500000 / 10000000 order Redis deletes
  600000 / 10000000 order Redis deletes
  700000 / 10000000 order Redis deletes
  800000 / 10000000 order Redis deletes
  900000 / 10000000 order Redis deletes
  1000000 / 10000000 order Redis deletes
  1100000 / 10000000 order Redis deletes
  1200000 / 10000000 order Redis deletes
  1300000 / 10000000 order Redis deletes
  1400000 / 10000000 order Redis deletes
  1500000 / 10000000 order Redis deletes
  1600000 / 10000000 order Redis deletes
  1700000 / 10000000 order Redis deletes
  1800000 / 10000000 order Redis deletes
  1900000 / 10000000 order Redis deletes
  2000000 / 10000000 order Redis deletes
  2100000 / 10000000 order Redis deletes
  2200000 / 10000000 order Redis deletes
  2300000 / 10000000 order Redis deletes
  2400000 / 10000000 order Redis deletes
  2500000 / 10000000 order Redis deletes
  2600000 / 10000000 order Redis deletes
  2700000 / 10000000 order Redis deletes
  2800000 / 10000000 order Redis deletes
  2900000 / 10000000 order Redis deletes
  3000000 / 10000000 order Redis deletes
  3100000 / 10000000 order Redis deletes
  3200000 / 10000000 order Redis deletes
  3300000 / 10000000 order Redis deletes
  3400000 / 10000000 order Redis deletes
  3500000 / 10000000 order Redis deletes
  3600000 / 10000000 order Redis deletes
  3700000 / 10000000 order Redis deletes
  3800000 / 10000000 order Redis deletes
  3900000 / 10000000 order Redis deletes
  4000000 / 10000000 order Redis deletes
  4100000 / 10000000 order Redis deletes
  4200000 / 10000000 order Redis deletes
  4300000 / 10000000 order Redis deletes
  4400000 / 10000000 order Redis deletes
  4500000 / 10000000 order Redis deletes
  4600000 / 10000000 order Redis deletes
  4700000 / 10000000 order Redis deletes
  4800000 / 10000000 order Redis deletes
  4900000 / 10000000 order Redis deletes
  5000000 / 10000000 order Redis deletes
  5100000 / 10000000 order Redis deletes
  5200000 / 10000000 order Redis deletes
  5300000 / 10000000 order Redis deletes
  5400000 / 10000000 order Redis deletes
  5500000 / 10000000 order Redis deletes
  5600000 / 10000000 order Redis deletes
  5700000 / 10000000 order Redis deletes
  5800000 / 10000000 order Redis deletes
  5900000 / 10000000 order Redis deletes
  6000000 / 10000000 order Redis deletes
  6100000 / 10000000 order Redis deletes
  6200000 / 10000000 order Redis deletes
  6300000 / 10000000 order Redis deletes
  6400000 / 10000000 order Redis deletes
  6500000 / 10000000 order Redis deletes
  6600000 / 10000000 order Redis deletes
  6700000 / 10000000 order Redis deletes
  6800000 / 10000000 order Redis deletes
  6900000 / 10000000 order Redis deletes
  7000000 / 10000000 order Redis deletes
  7100000 / 10000000 order Redis deletes
  7200000 / 10000000 order Redis deletes
  7300000 / 10000000 order Redis deletes
  7400000 / 10000000 order Redis deletes
  7500000 / 10000000 order Redis deletes
  7600000 / 10000000 order Redis deletes
  7700000 / 10000000 order Redis deletes
  7800000 / 10000000 order Redis deletes
  7900000 / 10000000 order Redis deletes
  8000000 / 10000000 order Redis deletes
  8100000 / 10000000 order Redis deletes
  8200000 / 10000000 order Redis deletes
  8300000 / 10000000 order Redis deletes
  8400000 / 10000000 order Redis deletes
  8500000 / 10000000 order Redis deletes
  8600000 / 10000000 order Redis deletes
  8700000 / 10000000 order Redis deletes
  8800000 / 10000000 order Redis deletes
  8900000 / 10000000 order Redis deletes
  9000000 / 10000000 order Redis deletes
  9100000 / 10000000 order Redis deletes
  9200000 / 10000000 order Redis deletes
  9300000 / 10000000 order Redis deletes
  9400000 / 10000000 order Redis deletes
  9500000 / 10000000 order Redis deletes
  9600000 / 10000000 order Redis deletes
  9700000 / 10000000 order Redis deletes
  9800000 / 10000000 order Redis deletes
  9900000 / 10000000 order Redis deletes
  10000000 / 10000000 order Redis deletes

--- order item SQL inserts ---
  100000 / 10000000 order item SQL inserts
  200000 / 10000000 order item SQL inserts
  300000 / 10000000 order item SQL inserts
  400000 / 10000000 order item SQL inserts
  500000 / 10000000 order item SQL inserts
  600000 / 10000000 order item SQL inserts
  700000 / 10000000 order item SQL inserts
  800000 / 10000000 order item SQL inserts
  900000 / 10000000 order item SQL inserts
  1000000 / 10000000 order item SQL inserts
  1100000 / 10000000 order item SQL inserts
  1200000 / 10000000 order item SQL inserts
  1300000 / 10000000 order item SQL inserts
  1400000 / 10000000 order item SQL inserts
  1500000 / 10000000 order item SQL inserts
  1600000 / 10000000 order item SQL inserts
  1700000 / 10000000 order item SQL inserts
  1800000 / 10000000 order item SQL inserts
  1900000 / 10000000 order item SQL inserts
  2000000 / 10000000 order item SQL inserts
  2100000 / 10000000 order item SQL inserts
  2200000 / 10000000 order item SQL inserts
  2300000 / 10000000 order item SQL inserts
  2400000 / 10000000 order item SQL inserts
  2500000 / 10000000 order item SQL inserts
  2600000 / 10000000 order item SQL inserts
  2700000 / 10000000 order item SQL inserts
  2800000 / 10000000 order item SQL inserts
  2900000 / 10000000 order item SQL inserts
  3000000 / 10000000 order item SQL inserts
  3100000 / 10000000 order item SQL inserts
  3200000 / 10000000 order item SQL inserts
  3300000 / 10000000 order item SQL inserts
  3400000 / 10000000 order item SQL inserts
  3500000 / 10000000 order item SQL inserts
  3600000 / 10000000 order item SQL inserts
  3700000 / 10000000 order item SQL inserts
  3800000 / 10000000 order item SQL inserts
  3900000 / 10000000 order item SQL inserts
  4000000 / 10000000 order item SQL inserts
  4100000 / 10000000 order item SQL inserts
  4200000 / 10000000 order item SQL inserts
  4300000 / 10000000 order item SQL inserts
  4400000 / 10000000 order item SQL inserts
  4500000 / 10000000 order item SQL inserts
  4600000 / 10000000 order item SQL inserts
  4700000 / 10000000 order item SQL inserts
  4800000 / 10000000 order item SQL inserts
  4900000 / 10000000 order item SQL inserts
  5000000 / 10000000 order item SQL inserts
  5100000 / 10000000 order item SQL inserts
  5200000 / 10000000 order item SQL inserts
  5300000 / 10000000 order item SQL inserts
  5400000 / 10000000 order item SQL inserts
  5500000 / 10000000 order item SQL inserts
  5600000 / 10000000 order item SQL inserts
  5700000 / 10000000 order item SQL inserts
  5800000 / 10000000 order item SQL inserts
  5900000 / 10000000 order item SQL inserts
  6000000 / 10000000 order item SQL inserts
  6100000 / 10000000 order item SQL inserts
  6200000 / 10000000 order item SQL inserts
  6300000 / 10000000 order item SQL inserts
  6400000 / 10000000 order item SQL inserts
  6500000 / 10000000 order item SQL inserts
  6600000 / 10000000 order item SQL inserts
  6700000 / 10000000 order item SQL inserts
  6800000 / 10000000 order item SQL inserts
  6900000 / 10000000 order item SQL inserts
  7000000 / 10000000 order item SQL inserts
  7100000 / 10000000 order item SQL inserts
  7200000 / 10000000 order item SQL inserts
  7300000 / 10000000 order item SQL inserts
  7400000 / 10000000 order item SQL inserts
  7500000 / 10000000 order item SQL inserts
  7600000 / 10000000 order item SQL inserts
  7700000 / 10000000 order item SQL inserts
  7800000 / 10000000 order item SQL inserts
  7900000 / 10000000 order item SQL inserts
  8000000 / 10000000 order item SQL inserts
  8100000 / 10000000 order item SQL inserts
  8200000 / 10000000 order item SQL inserts
  8300000 / 10000000 order item SQL inserts
  8400000 / 10000000 order item SQL inserts
  8500000 / 10000000 order item SQL inserts
  8600000 / 10000000 order item SQL inserts
  8700000 / 10000000 order item SQL inserts
  8800000 / 10000000 order item SQL inserts
  8900000 / 10000000 order item SQL inserts
  9000000 / 10000000 order item SQL inserts
  9100000 / 10000000 order item SQL inserts
  9200000 / 10000000 order item SQL inserts
  9300000 / 10000000 order item SQL inserts
  9400000 / 10000000 order item SQL inserts
  9500000 / 10000000 order item SQL inserts
  9600000 / 10000000 order item SQL inserts
  9700000 / 10000000 order item SQL inserts
  9800000 / 10000000 order item SQL inserts
  9900000 / 10000000 order item SQL inserts
  10000000 / 10000000 order item SQL inserts

--- order item Mongo inserts ---
  100000 / 10000000 order item Mongo inserts
  200000 / 10000000 order item Mongo inserts
  300000 / 10000000 order item Mongo inserts
  400000 / 10000000 order item Mongo inserts
  500000 / 10000000 order item Mongo inserts
  600000 / 10000000 order item Mongo inserts
  700000 / 10000000 order item Mongo inserts
  800000 / 10000000 order item Mongo inserts
  900000 / 10000000 order item Mongo inserts
  1000000 / 10000000 order item Mongo inserts
  1100000 / 10000000 order item Mongo inserts
  1200000 / 10000000 order item Mongo inserts
  1300000 / 10000000 order item Mongo inserts
  1400000 / 10000000 order item Mongo inserts
  1500000 / 10000000 order item Mongo inserts
  1600000 / 10000000 order item Mongo inserts
  1700000 / 10000000 order item Mongo inserts
  1800000 / 10000000 order item Mongo inserts
  1900000 / 10000000 order item Mongo inserts
  2000000 / 10000000 order item Mongo inserts
  2100000 / 10000000 order item Mongo inserts
  2200000 / 10000000 order item Mongo inserts
  2300000 / 10000000 order item Mongo inserts
  2400000 / 10000000 order item Mongo inserts
  2500000 / 10000000 order item Mongo inserts
  2600000 / 10000000 order item Mongo inserts
  2700000 / 10000000 order item Mongo inserts
  2800000 / 10000000 order item Mongo inserts
  2900000 / 10000000 order item Mongo inserts
  3000000 / 10000000 order item Mongo inserts
  3100000 / 10000000 order item Mongo inserts
  3200000 / 10000000 order item Mongo inserts
  3300000 / 10000000 order item Mongo inserts
  3400000 / 10000000 order item Mongo inserts
  3500000 / 10000000 order item Mongo inserts
  3600000 / 10000000 order item Mongo inserts
  3700000 / 10000000 order item Mongo inserts
  3800000 / 10000000 order item Mongo inserts
  3900000 / 10000000 order item Mongo inserts
  4000000 / 10000000 order item Mongo inserts
  4100000 / 10000000 order item Mongo inserts
  4200000 / 10000000 order item Mongo inserts
  4300000 / 10000000 order item Mongo inserts
  4400000 / 10000000 order item Mongo inserts
  4500000 / 10000000 order item Mongo inserts
  4600000 / 10000000 order item Mongo inserts
  4700000 / 10000000 order item Mongo inserts
  4800000 / 10000000 order item Mongo inserts
  4900000 / 10000000 order item Mongo inserts
  5000000 / 10000000 order item Mongo inserts
  5100000 / 10000000 order item Mongo inserts
  5200000 / 10000000 order item Mongo inserts
  5300000 / 10000000 order item Mongo inserts
  5400000 / 10000000 order item Mongo inserts
  5500000 / 10000000 order item Mongo inserts
  5600000 / 10000000 order item Mongo inserts
  5700000 / 10000000 order item Mongo inserts
  5800000 / 10000000 order item Mongo inserts
  5900000 / 10000000 order item Mongo inserts
  6000000 / 10000000 order item Mongo inserts
  6100000 / 10000000 order item Mongo inserts
  6200000 / 10000000 order item Mongo inserts
  6300000 / 10000000 order item Mongo inserts
  6400000 / 10000000 order item Mongo inserts
  6500000 / 10000000 order item Mongo inserts
  6600000 / 10000000 order item Mongo inserts
  6700000 / 10000000 order item Mongo inserts
  6800000 / 10000000 order item Mongo inserts
  6900000 / 10000000 order item Mongo inserts
  7000000 / 10000000 order item Mongo inserts
  7100000 / 10000000 order item Mongo inserts
  7200000 / 10000000 order item Mongo inserts
  7300000 / 10000000 order item Mongo inserts
  7400000 / 10000000 order item Mongo inserts
  7500000 / 10000000 order item Mongo inserts
  7600000 / 10000000 order item Mongo inserts
  7700000 / 10000000 order item Mongo inserts
  7800000 / 10000000 order item Mongo inserts
  7900000 / 10000000 order item Mongo inserts
  8000000 / 10000000 order item Mongo inserts
  8100000 / 10000000 order item Mongo inserts
  8200000 / 10000000 order item Mongo inserts
  8300000 / 10000000 order item Mongo inserts
  8400000 / 10000000 order item Mongo inserts
  8500000 / 10000000 order item Mongo inserts
  8600000 / 10000000 order item Mongo inserts
  8700000 / 10000000 order item Mongo inserts
  8800000 / 10000000 order item Mongo inserts
  8900000 / 10000000 order item Mongo inserts
  9000000 / 10000000 order item Mongo inserts
  9100000 / 10000000 order item Mongo inserts
  9200000 / 10000000 order item Mongo inserts
  9300000 / 10000000 order item Mongo inserts
  9400000 / 10000000 order item Mongo inserts
  9500000 / 10000000 order item Mongo inserts
  9600000 / 10000000 order item Mongo inserts
  9700000 / 10000000 order item Mongo inserts
  9800000 / 10000000 order item Mongo inserts
  9900000 / 10000000 order item Mongo inserts
  10000000 / 10000000 order item Mongo inserts

--- payment SQL inserts ---
  100000 / 10000000 payment SQL inserts
  200000 / 10000000 payment SQL inserts
  300000 / 10000000 payment SQL inserts
  400000 / 10000000 payment SQL inserts
  500000 / 10000000 payment SQL inserts
  600000 / 10000000 payment SQL inserts
  700000 / 10000000 payment SQL inserts
  800000 / 10000000 payment SQL inserts
  900000 / 10000000 payment SQL inserts
  1000000 / 10000000 payment SQL inserts
  1100000 / 10000000 payment SQL inserts
  1200000 / 10000000 payment SQL inserts
  1300000 / 10000000 payment SQL inserts
  1400000 / 10000000 payment SQL inserts
  1500000 / 10000000 payment SQL inserts
  1600000 / 10000000 payment SQL inserts
  1700000 / 10000000 payment SQL inserts
  1800000 / 10000000 payment SQL inserts
  1900000 / 10000000 payment SQL inserts
  2000000 / 10000000 payment SQL inserts
  2100000 / 10000000 payment SQL inserts
  2200000 / 10000000 payment SQL inserts
  2300000 / 10000000 payment SQL inserts
  2400000 / 10000000 payment SQL inserts
  2500000 / 10000000 payment SQL inserts
  2600000 / 10000000 payment SQL inserts
  2700000 / 10000000 payment SQL inserts
  2800000 / 10000000 payment SQL inserts
  2900000 / 10000000 payment SQL inserts
  3000000 / 10000000 payment SQL inserts
  3100000 / 10000000 payment SQL inserts
  3200000 / 10000000 payment SQL inserts
  3300000 / 10000000 payment SQL inserts
  3400000 / 10000000 payment SQL inserts
  3500000 / 10000000 payment SQL inserts
  3600000 / 10000000 payment SQL inserts
  3700000 / 10000000 payment SQL inserts
  3800000 / 10000000 payment SQL inserts
  3900000 / 10000000 payment SQL inserts
  4000000 / 10000000 payment SQL inserts
  4100000 / 10000000 payment SQL inserts
  4200000 / 10000000 payment SQL inserts
  4300000 / 10000000 payment SQL inserts
  4400000 / 10000000 payment SQL inserts
  4500000 / 10000000 payment SQL inserts
  4600000 / 10000000 payment SQL inserts
  4700000 / 10000000 payment SQL inserts
  4800000 / 10000000 payment SQL inserts
  4900000 / 10000000 payment SQL inserts
  5000000 / 10000000 payment SQL inserts
  5100000 / 10000000 payment SQL inserts
  5200000 / 10000000 payment SQL inserts
  5300000 / 10000000 payment SQL inserts
  5400000 / 10000000 payment SQL inserts
  5500000 / 10000000 payment SQL inserts
  5600000 / 10000000 payment SQL inserts
  5700000 / 10000000 payment SQL inserts
  5800000 / 10000000 payment SQL inserts
  5900000 / 10000000 payment SQL inserts
  6000000 / 10000000 payment SQL inserts
  6100000 / 10000000 payment SQL inserts
  6200000 / 10000000 payment SQL inserts
  6300000 / 10000000 payment SQL inserts
  6400000 / 10000000 payment SQL inserts
  6500000 / 10000000 payment SQL inserts
  6600000 / 10000000 payment SQL inserts
  6700000 / 10000000 payment SQL inserts
  6800000 / 10000000 payment SQL inserts
  6900000 / 10000000 payment SQL inserts
  7000000 / 10000000 payment SQL inserts
  7100000 / 10000000 payment SQL inserts
  7200000 / 10000000 payment SQL inserts
  7300000 / 10000000 payment SQL inserts
  7400000 / 10000000 payment SQL inserts
  7500000 / 10000000 payment SQL inserts
  7600000 / 10000000 payment SQL inserts
  7700000 / 10000000 payment SQL inserts
  7800000 / 10000000 payment SQL inserts
  7900000 / 10000000 payment SQL inserts
  8000000 / 10000000 payment SQL inserts
  8100000 / 10000000 payment SQL inserts
  8200000 / 10000000 payment SQL inserts
  8300000 / 10000000 payment SQL inserts
  8400000 / 10000000 payment SQL inserts
  8500000 / 10000000 payment SQL inserts
  8600000 / 10000000 payment SQL inserts
  8700000 / 10000000 payment SQL inserts
  8800000 / 10000000 payment SQL inserts
  8900000 / 10000000 payment SQL inserts
  9000000 / 10000000 payment SQL inserts
  9100000 / 10000000 payment SQL inserts
  9200000 / 10000000 payment SQL inserts
  9300000 / 10000000 payment SQL inserts
  9400000 / 10000000 payment SQL inserts
  9500000 / 10000000 payment SQL inserts
  9600000 / 10000000 payment SQL inserts
  9700000 / 10000000 payment SQL inserts
  9800000 / 10000000 payment SQL inserts
  9900000 / 10000000 payment SQL inserts
  10000000 / 10000000 payment SQL inserts

--- payment Mongo inserts ---
  100000 / 10000000 payment Mongo inserts
  200000 / 10000000 payment Mongo inserts
  300000 / 10000000 payment Mongo inserts
  400000 / 10000000 payment Mongo inserts
  500000 / 10000000 payment Mongo inserts
  600000 / 10000000 payment Mongo inserts
  700000 / 10000000 payment Mongo inserts
  800000 / 10000000 payment Mongo inserts
  900000 / 10000000 payment Mongo inserts
  1000000 / 10000000 payment Mongo inserts
  1100000 / 10000000 payment Mongo inserts
  1200000 / 10000000 payment Mongo inserts
  1300000 / 10000000 payment Mongo inserts
  1400000 / 10000000 payment Mongo inserts
  1500000 / 10000000 payment Mongo inserts
  1600000 / 10000000 payment Mongo inserts
  1700000 / 10000000 payment Mongo inserts
  1800000 / 10000000 payment Mongo inserts
  1900000 / 10000000 payment Mongo inserts
  2000000 / 10000000 payment Mongo inserts
  2100000 / 10000000 payment Mongo inserts
  2200000 / 10000000 payment Mongo inserts
  2300000 / 10000000 payment Mongo inserts
  2400000 / 10000000 payment Mongo inserts
  2500000 / 10000000 payment Mongo inserts
  2600000 / 10000000 payment Mongo inserts
  2700000 / 10000000 payment Mongo inserts
  2800000 / 10000000 payment Mongo inserts
  2900000 / 10000000 payment Mongo inserts
  3000000 / 10000000 payment Mongo inserts
  3100000 / 10000000 payment Mongo inserts
  3200000 / 10000000 payment Mongo inserts
  3300000 / 10000000 payment Mongo inserts
  3400000 / 10000000 payment Mongo inserts
  3500000 / 10000000 payment Mongo inserts
  3600000 / 10000000 payment Mongo inserts
  3700000 / 10000000 payment Mongo inserts
  3800000 / 10000000 payment Mongo inserts
  3900000 / 10000000 payment Mongo inserts
  4000000 / 10000000 payment Mongo inserts
  4100000 / 10000000 payment Mongo inserts
  4200000 / 10000000 payment Mongo inserts
  4300000 / 10000000 payment Mongo inserts
  4400000 / 10000000 payment Mongo inserts
  4500000 / 10000000 payment Mongo inserts
  4600000 / 10000000 payment Mongo inserts
  4700000 / 10000000 payment Mongo inserts
  4800000 / 10000000 payment Mongo inserts
  4900000 / 10000000 payment Mongo inserts
  5000000 / 10000000 payment Mongo inserts
  5100000 / 10000000 payment Mongo inserts
  5200000 / 10000000 payment Mongo inserts
  5300000 / 10000000 payment Mongo inserts
  5400000 / 10000000 payment Mongo inserts
  5500000 / 10000000 payment Mongo inserts
  5600000 / 10000000 payment Mongo inserts
  5700000 / 10000000 payment Mongo inserts
  5800000 / 10000000 payment Mongo inserts
  5900000 / 10000000 payment Mongo inserts
  6000000 / 10000000 payment Mongo inserts
  6100000 / 10000000 payment Mongo inserts
  6200000 / 10000000 payment Mongo inserts
  6300000 / 10000000 payment Mongo inserts
  6400000 / 10000000 payment Mongo inserts
  6500000 / 10000000 payment Mongo inserts
  6600000 / 10000000 payment Mongo inserts
  6700000 / 10000000 payment Mongo inserts
  6800000 / 10000000 payment Mongo inserts
  6900000 / 10000000 payment Mongo inserts
  7000000 / 10000000 payment Mongo inserts
  7100000 / 10000000 payment Mongo inserts
  7200000 / 10000000 payment Mongo inserts
  7300000 / 10000000 payment Mongo inserts
  7400000 / 10000000 payment Mongo inserts
  7500000 / 10000000 payment Mongo inserts
  7600000 / 10000000 payment Mongo inserts
  7700000 / 10000000 payment Mongo inserts
  7800000 / 10000000 payment Mongo inserts
  7900000 / 10000000 payment Mongo inserts
  8000000 / 10000000 payment Mongo inserts
  8100000 / 10000000 payment Mongo inserts
  8200000 / 10000000 payment Mongo inserts
  8300000 / 10000000 payment Mongo inserts
  8400000 / 10000000 payment Mongo inserts
  8500000 / 10000000 payment Mongo inserts
  8600000 / 10000000 payment Mongo inserts
  8700000 / 10000000 payment Mongo inserts
  8800000 / 10000000 payment Mongo inserts
  8900000 / 10000000 payment Mongo inserts
  9000000 / 10000000 payment Mongo inserts
  9100000 / 10000000 payment Mongo inserts
  9200000 / 10000000 payment Mongo inserts
  9300000 / 10000000 payment Mongo inserts
  9400000 / 10000000 payment Mongo inserts
  9500000 / 10000000 payment Mongo inserts
  9600000 / 10000000 payment Mongo inserts
  9700000 / 10000000 payment Mongo inserts
  9800000 / 10000000 payment Mongo inserts
  9900000 / 10000000 payment Mongo inserts
  10000000 / 10000000 payment Mongo inserts

--- payment Redis sets ---
  100000 / 10000000 payment Redis sets
  200000 / 10000000 payment Redis sets
  300000 / 10000000 payment Redis sets
  400000 / 10000000 payment Redis sets
  500000 / 10000000 payment Redis sets
  600000 / 10000000 payment Redis sets
  700000 / 10000000 payment Redis sets
  800000 / 10000000 payment Redis sets
  900000 / 10000000 payment Redis sets
  1000000 / 10000000 payment Redis sets
  1100000 / 10000000 payment Redis sets
  1200000 / 10000000 payment Redis sets
  1300000 / 10000000 payment Redis sets
  1400000 / 10000000 payment Redis sets
  1500000 / 10000000 payment Redis sets
  1600000 / 10000000 payment Redis sets
  1700000 / 10000000 payment Redis sets
  1800000 / 10000000 payment Redis sets
  1900000 / 10000000 payment Redis sets
  2000000 / 10000000 payment Redis sets
  2100000 / 10000000 payment Redis sets
  2200000 / 10000000 payment Redis sets
  2300000 / 10000000 payment Redis sets
  2400000 / 10000000 payment Redis sets
  2500000 / 10000000 payment Redis sets
  2600000 / 10000000 payment Redis sets
  2700000 / 10000000 payment Redis sets
  2800000 / 10000000 payment Redis sets
  2900000 / 10000000 payment Redis sets
  3000000 / 10000000 payment Redis sets
  3100000 / 10000000 payment Redis sets
  3200000 / 10000000 payment Redis sets
  3300000 / 10000000 payment Redis sets
  3400000 / 10000000 payment Redis sets
  3500000 / 10000000 payment Redis sets
  3600000 / 10000000 payment Redis sets
  3700000 / 10000000 payment Redis sets
  3800000 / 10000000 payment Redis sets
  3900000 / 10000000 payment Redis sets
  4000000 / 10000000 payment Redis sets
  4100000 / 10000000 payment Redis sets
  4200000 / 10000000 payment Redis sets
  4300000 / 10000000 payment Redis sets
  4400000 / 10000000 payment Redis sets
  4500000 / 10000000 payment Redis sets
  4600000 / 10000000 payment Redis sets
  4700000 / 10000000 payment Redis sets
  4800000 / 10000000 payment Redis sets
  4900000 / 10000000 payment Redis sets
  5000000 / 10000000 payment Redis sets
  5100000 / 10000000 payment Redis sets
  5200000 / 10000000 payment Redis sets
  5300000 / 10000000 payment Redis sets
  5400000 / 10000000 payment Redis sets
  5500000 / 10000000 payment Redis sets
  5600000 / 10000000 payment Redis sets
  5700000 / 10000000 payment Redis sets
  5800000 / 10000000 payment Redis sets
  5900000 / 10000000 payment Redis sets
  6000000 / 10000000 payment Redis sets
  6100000 / 10000000 payment Redis sets
  6200000 / 10000000 payment Redis sets
  6300000 / 10000000 payment Redis sets
  6400000 / 10000000 payment Redis sets
  6500000 / 10000000 payment Redis sets
  6600000 / 10000000 payment Redis sets
  6700000 / 10000000 payment Redis sets
  6800000 / 10000000 payment Redis sets
  6900000 / 10000000 payment Redis sets
  7000000 / 10000000 payment Redis sets
  7100000 / 10000000 payment Redis sets
  7200000 / 10000000 payment Redis sets
  7300000 / 10000000 payment Redis sets
  7400000 / 10000000 payment Redis sets
  7500000 / 10000000 payment Redis sets
  7600000 / 10000000 payment Redis sets
  7700000 / 10000000 payment Redis sets
  7800000 / 10000000 payment Redis sets
  7900000 / 10000000 payment Redis sets
  8000000 / 10000000 payment Redis sets
  8100000 / 10000000 payment Redis sets
  8200000 / 10000000 payment Redis sets
  8300000 / 10000000 payment Redis sets
  8400000 / 10000000 payment Redis sets
  8500000 / 10000000 payment Redis sets
  8600000 / 10000000 payment Redis sets
  8700000 / 10000000 payment Redis sets
  8800000 / 10000000 payment Redis sets
  8900000 / 10000000 payment Redis sets
  9000000 / 10000000 payment Redis sets
  9100000 / 10000000 payment Redis sets
  9200000 / 10000000 payment Redis sets
  9300000 / 10000000 payment Redis sets
  9400000 / 10000000 payment Redis sets
  9500000 / 10000000 payment Redis sets
  9600000 / 10000000 payment Redis sets
  9700000 / 10000000 payment Redis sets
  9800000 / 10000000 payment Redis sets
  9900000 / 10000000 payment Redis sets
  10000000 / 10000000 payment Redis sets

--- review SQL inserts ---
  100000 / 2000000 review SQL inserts
  200000 / 2000000 review SQL inserts
  300000 / 2000000 review SQL inserts
  400000 / 2000000 review SQL inserts
  500000 / 2000000 review SQL inserts
  600000 / 2000000 review SQL inserts
  700000 / 2000000 review SQL inserts
  800000 / 2000000 review SQL inserts
  900000 / 2000000 review SQL inserts
  1000000 / 2000000 review SQL inserts
  1100000 / 2000000 review SQL inserts
  1200000 / 2000000 review SQL inserts
  1300000 / 2000000 review SQL inserts
  1400000 / 2000000 review SQL inserts
  1500000 / 2000000 review SQL inserts
  1600000 / 2000000 review SQL inserts
  1700000 / 2000000 review SQL inserts
  1800000 / 2000000 review SQL inserts
  1900000 / 2000000 review SQL inserts
  2000000 / 2000000 review SQL inserts

--- review Mongo inserts ---
  100000 / 2000000 review Mongo inserts
  200000 / 2000000 review Mongo inserts
  300000 / 2000000 review Mongo inserts
  400000 / 2000000 review Mongo inserts
  500000 / 2000000 review Mongo inserts
  600000 / 2000000 review Mongo inserts
  700000 / 2000000 review Mongo inserts
  800000 / 2000000 review Mongo inserts
  900000 / 2000000 review Mongo inserts
  1000000 / 2000000 review Mongo inserts
  1100000 / 2000000 review Mongo inserts
  1200000 / 2000000 review Mongo inserts
  1300000 / 2000000 review Mongo inserts
  1400000 / 2000000 review Mongo inserts
  1500000 / 2000000 review Mongo inserts
  1600000 / 2000000 review Mongo inserts
  1700000 / 2000000 review Mongo inserts
  1800000 / 2000000 review Mongo inserts
  1900000 / 2000000 review Mongo inserts
  2000000 / 2000000 review Mongo inserts

--- inventory log SQL inserts ---
  100000 / 100000 inventory log SQL inserts

--- inventory log Mongo inserts ---
  100000 / 100000 inventory log Mongo inserts

Benchmark data generation complete!
[0;32m✓ Query files regenerated.[0m
 43G	queries/

[1m[1;33m▶ Step 4/6 — Build benchmark runner[0m

[0;32m✓ bin/bench built.[0m

[1m[1;33m▶ Step 5/6 — Run benchmark (this is the long phase)[0m

╔════════════════════════════════════════════════════════════╗
║        Database Performance Benchmark Suite               ║
╚════════════════════════════════════════════════════════════╝

Configuration:
  Trials per test:       3
  Batch (Phase B/fast):  10000
  Batch (Phase A/scan):  1000
  Target database:       all
  Data scales:           [500000 1000000 10000000]
  Phase A runs at:       500000 only (smallest scale)


============================================================
Starting MySQL Benchmarks
============================================================
✓ Connected to MySQL

▶ MySQL @ scale=500000
  Phase A: WITHOUT indexes
✓ MySQL tables truncated
  ✓ Loaded 200 rows from queries/categories_sql_insert.sql
  ✓ Loaded 500000 rows from queries/users_sql_insert.sql
  ✓ Loaded 500000 rows from queries/addresses_sql_insert.sql
  ✓ Loaded 100000 rows from queries/products_sql_insert.sql
  ✓ Loaded 500000 rows from queries/orders_sql_insert.sql
  Collecting EXPLAIN plans (with_index=false)...

============================================================
MySQL Benchmark: users - SELECT (batch: 1000)
============================================================

Trial 1/3:
  Running 1000 queries...
  ✓ Time: 1.29s (1.29 ms/query)
  ✓ QPS: 773.02

Trial 2/3:
  Running 1000 queries...
  ✓ Time: 1.30s (1.30 ms/query)
  ✓ QPS: 768.74

Trial 3/3:
  Running 1000 queries...
  ✓ Time: 1.30s (1.29 ms/query)
  ✓ QPS: 772.09

📊 Average Results:
  Time: 1.30s
  QPS: 771.28

============================================================
MySQL Benchmark: categories - SELECT (batch: 1000)
============================================================

Trial 1/3:
  Running 1000 queries...
  ✓ Time: 0.18s (0.18 ms/query)
  ✓ QPS: 5445.17

Trial 2/3:
  Running 1000 queries...
  ✓ Time: 0.18s (0.18 ms/query)
  ✓ QPS: 5481.76

Trial 3/3:
  Running 1000 queries...
  ✓ Time: 0.18s (0.18 ms/query)
  ✓ QPS: 5519.44

📊 Average Results:
  Time: 0.18s
  QPS: 5482.12

============================================================
MySQL Benchmark: products - SELECT (batch: 1000)
============================================================

Trial 1/3:
  Running 1000 queries...
  ✓ Time: 5.07s (5.07 ms/query)
  ✓ QPS: 197.36

Trial 2/3:
  Running 1000 queries...
  ✓ Time: 5.08s (5.08 ms/query)
  ✓ QPS: 196.74

Trial 3/3:
  Running 1000 queries...
  ✓ Time: 5.09s (5.09 ms/query)
  ✓ QPS: 196.52

📊 Average Results:
  Time: 5.08s
  QPS: 196.87

============================================================
MySQL Benchmark: addresses - SELECT (batch: 1000)
============================================================

Trial 1/3:
  Running 1000 queries...
  ✓ Time: 100.36s (100.36 ms/query)
  ✓ QPS: 9.96

Trial 2/3:
  Running 1000 queries...
  ✓ Time: 101.35s (101.35 ms/query)
  ✓ QPS: 9.87

Trial 3/3:
  Running 1000 queries...
  ✓ Time: 100.83s (100.83 ms/query)
  ✓ QPS: 9.92

📊 Average Results:
  Time: 100.85s
  QPS: 9.92

============================================================
MySQL Benchmark: orders - SELECT (batch: 1000)
============================================================

Trial 1/3:
  Running 1000 queries...
  ✓ Time: 4.23s (4.23 ms/query)
  ✓ QPS: 236.26

Trial 2/3:
  Running 1000 queries...
  ✓ Time: 4.26s (4.26 ms/query)
  ✓ QPS: 234.64

Trial 3/3:
  Running 1000 queries...
  ✓ Time: 4.25s (4.25 ms/query)
  ✓ QPS: 235.27

📊 Average Results:
  Time: 4.25s
  QPS: 235.39

============================================================
MySQL Benchmark: users - INSERT (batch: 1000)
============================================================

Trial 1/3:
  Running 1000 queries...
  ✓ Time: 0.14s (0.14 ms/query)
  ✓ QPS: 7229.64

Trial 2/3:
  Running 1000 queries...
  ✓ Time: 0.13s (0.12 ms/query)
  ✓ QPS: 7941.31

Trial 3/3:
  Running 1000 queries...
  ✓ Time: 0.12s (0.12 ms/query)
  ✓ QPS: 8027.55

📊 Average Results:
  Time: 0.13s
  QPS: 7732.83

============================================================
MySQL Benchmark: categories - INSERT (batch: 1000)
============================================================

Trial 1/3:
  Running 1000 queries...
  ✓ Time: 0.12s (0.12 ms/query)
  ✓ QPS: 8301.68

Trial 2/3:
  Running 1000 queries...
  ✓ Time: 0.12s (0.12 ms/query)
  ✓ QPS: 8142.66

Trial 3/3:
  Running 1000 queries...
  ✓ Time: 0.12s (0.12 ms/query)
  ✓ QPS: 8313.69

📊 Average Results:
  Time: 0.12s
  QPS: 8252.68

============================================================
MySQL Benchmark: products - INSERT (batch: 1000)
============================================================

Trial 1/3:
  Running 1000 queries...
  ✓ Time: 0.13s (0.13 ms/query)
  ✓ QPS: 7872.68

Trial 2/3:
  Running 1000 queries...
  ✓ Time: 0.12s (0.12 ms/query)
  ✓ QPS: 8006.22

Trial 3/3:
  Running 1000 queries...
  ✓ Time: 0.13s (0.13 ms/query)
  ✓ QPS: 7850.25

📊 Average Results:
  Time: 0.13s
  QPS: 7909.72

============================================================
MySQL Benchmark: addresses - INSERT (batch: 1000)
============================================================

Trial 1/3:
  Running 1000 queries...
  ✓ Time: 0.13s (0.13 ms/query)
  ✓ QPS: 7796.51

Trial 2/3:
  Running 1000 queries...
  ✓ Time: 0.12s (0.12 ms/query)
  ✓ QPS: 8229.15

Trial 3/3:
  Running 1000 queries...
  ✓ Time: 0.13s (0.12 ms/query)
  ✓ QPS: 7952.99

📊 Average Results:
  Time: 0.12s
  QPS: 7992.89

============================================================
MySQL Benchmark: orders - INSERT (batch: 1000)
============================================================

Trial 1/3:
  Running 1000 queries...
  ✓ Time: 0.12s (0.12 ms/query)
  ✓ QPS: 8270.20

Trial 2/3:
  Running 1000 queries...
  ✓ Time: 0.11s (0.11 ms/query)
  ✓ QPS: 8732.34

Trial 3/3:
  Running 1000 queries...
  ✓ Time: 0.11s (0.11 ms/query)
  ✓ QPS: 8842.53

📊 Average Results:
  Time: 0.12s
  QPS: 8615.03

============================================================
MySQL Benchmark: users - UPDATE (batch: 1000)
============================================================

Trial 1/3:
  Running 1000 queries...
  ✓ Time: 0.81s (0.81 ms/query)
  ✓ QPS: 1238.18

Trial 2/3:
  Running 1000 queries...
  ✓ Time: 0.13s (0.12 ms/query)
  ✓ QPS: 7961.77

Trial 3/3:
  Running 1000 queries...
  ✓ Time: 0.12s (0.12 ms/query)
  ✓ QPS: 8369.17

📊 Average Results:
  Time: 0.35s
  QPS: 5856.37

============================================================
MySQL Benchmark: categories - UPDATE (batch: 1000)
============================================================

Trial 1/3:
  Running 1000 queries...
  ✓ Time: 0.23s (0.23 ms/query)
  ✓ QPS: 4373.76

Trial 2/3:
  Running 1000 queries...
  ✓ Time: 0.12s (0.12 ms/query)
  ✓ QPS: 8351.73

Trial 3/3:
  Running 1000 queries...
  ✓ Time: 0.13s (0.12 ms/query)
  ✓ QPS: 7977.38

📊 Average Results:
  Time: 0.16s
  QPS: 6900.96

============================================================
MySQL Benchmark: products - UPDATE (batch: 1000)
============================================================

Trial 1/3:
  Running 1000 queries...
  ✓ Time: 0.69s (0.69 ms/query)
  ✓ QPS: 1453.69

Trial 2/3:
  Running 1000 queries...
  ✓ Time: 0.12s (0.12 ms/query)
  ✓ QPS: 8250.33

Trial 3/3:
  Running 1000 queries...
  ✓ Time: 0.12s (0.12 ms/query)
  ✓ QPS: 8431.49

📊 Average Results:
  Time: 0.31s
  QPS: 6045.17

============================================================
MySQL Benchmark: addresses - UPDATE (batch: 1000)
============================================================

Trial 1/3:
  Running 1000 queries...
  ✓ Time: 0.73s (0.73 ms/query)
  ✓ QPS: 1368.52

Trial 2/3:
  Running 1000 queries...
  ✓ Time: 0.12s (0.12 ms/query)
  ✓ QPS: 8156.12

Trial 3/3:
  Running 1000 queries...
  ✓ Time: 0.12s (0.12 ms/query)
  ✓ QPS: 8669.54

📊 Average Results:
  Time: 0.32s
  QPS: 6064.73

============================================================
MySQL Benchmark: orders - UPDATE (batch: 1000)
============================================================

Trial 1/3:
  Running 1000 queries...
  ✓ Time: 0.71s (0.70 ms/query)
  ✓ QPS: 1417.57

Trial 2/3:
  Running 1000 queries...
  ✓ Time: 0.12s (0.12 ms/query)
  ✓ QPS: 8144.22

Trial 3/3:
  Running 1000 queries...
  ✓ Time: 0.12s (0.12 ms/query)
  ✓ QPS: 8172.44

📊 Average Results:
  Time: 0.32s
  QPS: 5911.41

============================================================
MySQL Benchmark: users - DELETE (batch: 1000)
============================================================

Trial 1/3:
  Running 1000 queries...
  ✓ Time: 0.69s (0.69 ms/query)
  ✓ QPS: 1445.08

Trial 2/3:
  Running 1000 queries...
  ✓ Time: 0.11s (0.11 ms/query)
  ✓ QPS: 8788.47

Trial 3/3:
  Running 1000 queries...
  ✓ Time: 0.11s (0.11 ms/query)
  ✓ QPS: 8921.25

📊 Average Results:
  Time: 0.31s
  QPS: 6384.93

============================================================
MySQL Benchmark: categories - DELETE (batch: 1000)
============================================================

Trial 1/3:
  Running 1000 queries...
  ✓ Time: 0.23s (0.23 ms/query)
  ✓ QPS: 4298.08

Trial 2/3:
  Running 1000 queries...
  ✓ Time: 0.12s (0.12 ms/query)
  ✓ QPS: 8655.47

Trial 3/3:
  Running 1000 queries...
  ✓ Time: 0.13s (0.12 ms/query)
  ✓ QPS: 7942.23

📊 Average Results:
  Time: 0.16s
  QPS: 6965.26

============================================================
MySQL Benchmark: products - DELETE (batch: 1000)
============================================================

Trial 1/3:
  Running 1000 queries...
  ✓ Time: 0.69s (0.69 ms/query)
  ✓ QPS: 1456.64

Trial 2/3:
  Running 1000 queries...
  ✓ Time: 0.11s (0.11 ms/query)
  ✓ QPS: 8764.06

Trial 3/3:
  Running 1000 queries...
  ✓ Time: 0.12s (0.12 ms/query)
  ✓ QPS: 8670.67

📊 Average Results:
  Time: 0.30s
  QPS: 6297.12

============================================================
MySQL Benchmark: addresses - DELETE (batch: 1000)
============================================================

Trial 1/3:
  Running 1000 queries...
  ✓ Time: 0.66s (0.66 ms/query)
  ✓ QPS: 1503.87

Trial 2/3:
  Running 1000 queries...
  ✓ Time: 0.13s (0.12 ms/query)
  ✓ QPS: 7986.61

Trial 3/3:
  Running 1000 queries...
  ✓ Time: 0.12s (0.12 ms/query)
  ✓ QPS: 8619.68

📊 Average Results:
  Time: 0.30s
  QPS: 6036.72

============================================================
MySQL Benchmark: orders - DELETE (batch: 1000)
============================================================

Trial 1/3:
  Running 1000 queries...
  ✓ Time: 0.71s (0.71 ms/query)
  ✓ QPS: 1407.98

Trial 2/3:
  Running 1000 queries...
  ✓ Time: 0.13s (0.13 ms/query)
  ✓ QPS: 7718.64

Trial 3/3:
  Running 1000 queries...
  ✓ Time: 0.11s (0.11 ms/query)
  ✓ QPS: 8794.47

📊 Average Results:
  Time: 0.32s
  QPS: 5973.70
  Phase B: WITH indexes
✓ MySQL tables truncated
  ✓ Loaded 200 rows from queries/categories_sql_insert.sql
  ✓ Loaded 500000 rows from queries/users_sql_insert.sql
  ✓ Loaded 500000 rows from queries/addresses_sql_insert.sql
  ✓ Loaded 100000 rows from queries/products_sql_insert.sql
  ✓ Loaded 500000 rows from queries/orders_sql_insert.sql
✓ Indexes created (and ANALYZE run)

============================================================
MySQL Benchmark: users - SELECT (batch: 10000)
============================================================

Trial 1/3:
  Running 10000 queries...
  ✓ Time: 2.87s (0.29 ms/query)
  ✓ QPS: 3481.18

Trial 2/3:
  Running 10000 queries...
  ✓ Time: 2.88s (0.29 ms/query)
  ✓ QPS: 3477.88

Trial 3/3:
  Running 10000 queries...
  ✓ Time: 2.77s (0.28 ms/query)
  ✓ QPS: 3614.70

📊 Average Results:
  Time: 2.84s
  QPS: 3524.59

============================================================
MySQL Benchmark: categories - SELECT (batch: 10000)
============================================================

Trial 1/3:
  Running 10000 queries...
  ✓ Time: 1.37s (0.14 ms/query)
  ✓ QPS: 7307.02

Trial 2/3:
  Running 10000 queries...
  ✓ Time: 1.37s (0.14 ms/query)
  ✓ QPS: 7316.23

Trial 3/3:
  Running 10000 queries...
  ✓ Time: 1.40s (0.14 ms/query)
  ✓ QPS: 7122.59

📊 Average Results:
  Time: 1.38s
  QPS: 7248.62

============================================================
MySQL Benchmark: products - SELECT (batch: 10000)
============================================================

Trial 1/3:
  Running 10000 queries...
  ✓ Time: 2.79s (0.28 ms/query)
  ✓ QPS: 3580.31

Trial 2/3:
  Running 10000 queries...
  ✓ Time: 2.87s (0.29 ms/query)
  ✓ QPS: 3485.17

Trial 3/3:
  Running 10000 queries...
  ✓ Time: 2.92s (0.29 ms/query)
  ✓ QPS: 3427.22

📊 Average Results:
  Time: 2.86s
  QPS: 3497.56

============================================================
MySQL Benchmark: addresses - SELECT (batch: 10000)
============================================================

Trial 1/3:
  Running 10000 queries...
  ✓ Time: 1.64s (0.16 ms/query)
  ✓ QPS: 6104.83

Trial 2/3:
  Running 10000 queries...
  ✓ Time: 1.49s (0.15 ms/query)
  ✓ QPS: 6696.27

Trial 3/3:
  Running 10000 queries...
  ✓ Time: 1.49s (0.15 ms/query)
  ✓ QPS: 6720.27

📊 Average Results:
  Time: 1.54s
  QPS: 6507.12

============================================================
MySQL Benchmark: orders - SELECT (batch: 10000)
============================================================

Trial 1/3:
  Running 10000 queries...
  ✓ Time: 3.05s (0.31 ms/query)
  ✓ QPS: 3276.47

Trial 2/3:
  Running 10000 queries...
  ✓ Time: 3.18s (0.32 ms/query)
  ✓ QPS: 3148.93

Trial 3/3:
  Running 10000 queries...
  ✓ Time: 3.07s (0.31 ms/query)
  ✓ QPS: 3255.83

📊 Average Results:
  Time: 3.10s
  QPS: 3227.07

============================================================
MySQL Benchmark: users - INSERT (batch: 10000)
============================================================

Trial 1/3:
  Running 10000 queries...
  ✓ Time: 1.24s (0.12 ms/query)
  ✓ QPS: 8045.42

Trial 2/3:
  Running 10000 queries...
  ✓ Time: 1.25s (0.13 ms/query)
  ✓ QPS: 7968.92

Trial 3/3:
  Running 10000 queries...
  ✓ Time: 1.22s (0.12 ms/query)
  ✓ QPS: 8204.65

📊 Average Results:
  Time: 1.24s
  QPS: 8073.00

============================================================
MySQL Benchmark: categories - INSERT (batch: 10000)
============================================================

Trial 1/3:
  Running 10000 queries...
  ✓ Time: 1.22s (0.12 ms/query)
  ✓ QPS: 8207.51

Trial 2/3:
  Running 10000 queries...
  ✓ Time: 1.23s (0.12 ms/query)
  ✓ QPS: 8145.37

Trial 3/3:
  Running 10000 queries...
  ✓ Time: 1.23s (0.12 ms/query)
  ✓ QPS: 8120.17

📊 Average Results:
  Time: 1.23s
  QPS: 8157.68

============================================================
MySQL Benchmark: products - INSERT (batch: 10000)
============================================================

Trial 1/3:
  Running 10000 queries...
  ✓ Time: 1.20s (0.12 ms/query)
  ✓ QPS: 8339.31

Trial 2/3:
  Running 10000 queries...
  ✓ Time: 1.20s (0.12 ms/query)
  ✓ QPS: 8326.63

Trial 3/3:
  Running 10000 queries...
  ✓ Time: 1.21s (0.12 ms/query)
  ✓ QPS: 8261.87

📊 Average Results:
  Time: 1.20s
  QPS: 8309.27

============================================================
MySQL Benchmark: addresses - INSERT (batch: 10000)
============================================================

Trial 1/3:
  Running 10000 queries...
  ✓ Time: 1.23s (0.12 ms/query)
  ✓ QPS: 8161.66

Trial 2/3:
  Running 10000 queries...
  ✓ Time: 1.26s (0.13 ms/query)
  ✓ QPS: 7960.89

Trial 3/3:
  Running 10000 queries...
  ✓ Time: 1.24s (0.12 ms/query)
  ✓ QPS: 8061.83

📊 Average Results:
  Time: 1.24s
  QPS: 8061.46

============================================================
MySQL Benchmark: orders - INSERT (batch: 10000)
============================================================

Trial 1/3:
  Running 10000 queries...
  ✓ Time: 1.25s (0.12 ms/query)
  ✓ QPS: 8024.49

Trial 2/3:
  Running 10000 queries...
  ✓ Time: 1.22s (0.12 ms/query)
  ✓ QPS: 8180.66

Trial 3/3:
  Running 10000 queries...
  ✓ Time: 1.22s (0.12 ms/query)
  ✓ QPS: 8166.97

📊 Average Results:
  Time: 1.23s
  QPS: 8124.04

============================================================
MySQL Benchmark: users - UPDATE (batch: 10000)
============================================================

Trial 1/3:
  Running 10000 queries...
  ✓ Time: 7.43s (0.74 ms/query)
  ✓ QPS: 1344.99

Trial 2/3:
  Running 10000 queries...
  ✓ Time: 1.20s (0.12 ms/query)
  ✓ QPS: 8350.83

Trial 3/3:
  Running 10000 queries...
  ✓ Time: 1.16s (0.12 ms/query)
  ✓ QPS: 8613.76

📊 Average Results:
  Time: 3.26s
  QPS: 6103.19

============================================================
MySQL Benchmark: categories - UPDATE (batch: 10000)
============================================================

Trial 1/3:
  Running 10000 queries...
  ✓ Time: 1.28s (0.13 ms/query)
  ✓ QPS: 7795.90

Trial 2/3:
  Running 10000 queries...
  ✓ Time: 1.19s (0.12 ms/query)
  ✓ QPS: 8415.38

Trial 3/3:
  Running 10000 queries...
  ✓ Time: 1.19s (0.12 ms/query)
  ✓ QPS: 8387.87

📊 Average Results:
  Time: 1.22s
  QPS: 8199.71

============================================================
MySQL Benchmark: products - UPDATE (batch: 10000)
============================================================

Trial 1/3:
  Running 10000 queries...
  ✓ Time: 7.75s (0.78 ms/query)
  ✓ QPS: 1289.87

Trial 2/3:
  Running 10000 queries...
  ✓ Time: 1.19s (0.12 ms/query)
  ✓ QPS: 8417.24

Trial 3/3:
  Running 10000 queries...
  ✓ Time: 1.16s (0.12 ms/query)
  ✓ QPS: 8647.98

📊 Average Results:
  Time: 3.37s
  QPS: 6118.36

============================================================
MySQL Benchmark: addresses - UPDATE (batch: 10000)
============================================================

Trial 1/3:
  Running 10000 queries...
  ✓ Time: 8.47s (0.85 ms/query)
  ✓ QPS: 1180.33

Trial 2/3:
  Running 10000 queries...
  ✓ Time: 1.16s (0.12 ms/query)
  ✓ QPS: 8657.59

Trial 3/3:
  Running 10000 queries...
  ✓ Time: 1.18s (0.12 ms/query)
  ✓ QPS: 8462.06

📊 Average Results:
  Time: 3.60s
  QPS: 6099.99

============================================================
MySQL Benchmark: orders - UPDATE (batch: 10000)
============================================================

Trial 1/3:
  Running 10000 queries...
  ✓ Time: 7.90s (0.79 ms/query)
  ✓ QPS: 1265.97

Trial 2/3:
  Running 10000 queries...
  ✓ Time: 1.21s (0.12 ms/query)
  ✓ QPS: 8243.25

Trial 3/3:
  Running 10000 queries...
  ✓ Time: 1.17s (0.12 ms/query)
  ✓ QPS: 8522.93

📊 Average Results:
  Time: 3.43s
  QPS: 6010.72

============================================================
MySQL Benchmark: users - DELETE (batch: 10000)
============================================================

Trial 1/3:
  Running 10000 queries...
  ✓ Time: 7.84s (0.78 ms/query)
  ✓ QPS: 1274.84

Trial 2/3:
  Running 10000 queries...
  ✓ Time: 1.19s (0.12 ms/query)
  ✓ QPS: 8437.17

Trial 3/3:
  Running 10000 queries...
  ✓ Time: 1.13s (0.11 ms/query)
  ✓ QPS: 8842.17

📊 Average Results:
  Time: 3.39s
  QPS: 6184.73

============================================================
MySQL Benchmark: categories - DELETE (batch: 10000)
============================================================

Trial 1/3:
  Running 10000 queries...
  ✓ Time: 1.22s (0.12 ms/query)
  ✓ QPS: 8168.92

Trial 2/3:
  Running 10000 queries...
  ✓ Time: 1.15s (0.12 ms/query)
  ✓ QPS: 8660.62

Trial 3/3:
  Running 10000 queries...
  ✓ Time: 1.17s (0.12 ms/query)
  ✓ QPS: 8578.12

📊 Average Results:
  Time: 1.18s
  QPS: 8469.22

============================================================
MySQL Benchmark: products - DELETE (batch: 10000)
============================================================

Trial 1/3:
  Running 10000 queries...
  ✓ Time: 7.42s (0.74 ms/query)
  ✓ QPS: 1346.98

Trial 2/3:
  Running 10000 queries...
  ✓ Time: 1.18s (0.12 ms/query)
  ✓ QPS: 8493.64

Trial 3/3:
  Running 10000 queries...
  ✓ Time: 1.14s (0.11 ms/query)
  ✓ QPS: 8747.36

📊 Average Results:
  Time: 3.25s
  QPS: 6195.99

============================================================
MySQL Benchmark: addresses - DELETE (batch: 10000)
============================================================

Trial 1/3:
  Running 10000 queries...
  ✓ Time: 8.01s (0.80 ms/query)
  ✓ QPS: 1248.21

Trial 2/3:
  Running 10000 queries...
  ✓ Time: 1.16s (0.12 ms/query)
  ✓ QPS: 8641.22

Trial 3/3:
  Running 10000 queries...
  ✓ Time: 1.15s (0.11 ms/query)
  ✓ QPS: 8731.21

📊 Average Results:
  Time: 3.44s
  QPS: 6206.88

============================================================
MySQL Benchmark: orders - DELETE (batch: 10000)
============================================================

Trial 1/3:
  Running 10000 queries...
  ✓ Time: 7.61s (0.76 ms/query)
  ✓ QPS: 1314.39

Trial 2/3:
  Running 10000 queries...
  ✓ Time: 1.20s (0.12 ms/query)
  ✓ QPS: 8363.46

Trial 3/3:
  Running 10000 queries...
  ✓ Time: 1.21s (0.12 ms/query)
  ✓ QPS: 8261.30

📊 Average Results:
  Time: 3.34s
  QPS: 5979.72
✓ Indexes dropped

▶ MySQL @ scale=1000000
  Phase A: SKIPPED (only runs at smallest scale=500000)
  Phase B: WITH indexes
✓ MySQL tables truncated
  ✓ Loaded 200 rows from queries/categories_sql_insert.sql
  ✓ Loaded 1000000 rows from queries/users_sql_insert.sql
  ✓ Loaded 1000000 rows from queries/addresses_sql_insert.sql
  ✓ Loaded 100000 rows from queries/products_sql_insert.sql
  ✓ Loaded 1000000 rows from queries/orders_sql_insert.sql
✓ Indexes created (and ANALYZE run)

============================================================
MySQL Benchmark: users - SELECT (batch: 10000)
============================================================

Trial 1/3:
  Running 10000 queries...
  ✓ Time: 2.83s (0.28 ms/query)
  ✓ QPS: 3536.18

Trial 2/3:
  Running 10000 queries...
  ✓ Time: 2.81s (0.28 ms/query)
  ✓ QPS: 3560.62

Trial 3/3:
  Running 10000 queries...
  ✓ Time: 2.86s (0.29 ms/query)
  ✓ QPS: 3500.98

📊 Average Results:
  Time: 2.83s
  QPS: 3532.59

============================================================
MySQL Benchmark: categories - SELECT (batch: 10000)
============================================================

Trial 1/3:
  Running 10000 queries...
  ✓ Time: 1.36s (0.14 ms/query)
  ✓ QPS: 7362.00

Trial 2/3:
  Running 10000 queries...
  ✓ Time: 1.41s (0.14 ms/query)
  ✓ QPS: 7083.70

Trial 3/3:
  Running 10000 queries...
  ✓ Time: 1.37s (0.14 ms/query)
  ✓ QPS: 7307.84

📊 Average Results:
  Time: 1.38s
  QPS: 7251.18

============================================================
MySQL Benchmark: products - SELECT (batch: 10000)
============================================================

Trial 1/3:
  Running 10000 queries...
  ✓ Time: 2.82s (0.28 ms/query)
  ✓ QPS: 3548.31

Trial 2/3:
  Running 10000 queries...
  ✓ Time: 2.88s (0.29 ms/query)
  ✓ QPS: 3476.88

Trial 3/3:
  Running 10000 queries...
  ✓ Time: 2.88s (0.29 ms/query)
  ✓ QPS: 3476.44

📊 Average Results:
  Time: 2.86s
  QPS: 3500.54

============================================================
MySQL Benchmark: addresses - SELECT (batch: 10000)
============================================================

Trial 1/3:
  Running 10000 queries...
  ✓ Time: 1.79s (0.18 ms/query)
  ✓ QPS: 5588.75

Trial 2/3:
  Running 10000 queries...
  ✓ Time: 1.61s (0.16 ms/query)
  ✓ QPS: 6216.05

Trial 3/3:
  Running 10000 queries...
  ✓ Time: 1.61s (0.16 ms/query)
  ✓ QPS: 6223.99

📊 Average Results:
  Time: 1.67s
  QPS: 6009.59

============================================================
MySQL Benchmark: orders - SELECT (batch: 10000)
============================================================

Trial 1/3:
  Running 10000 queries...
  ✓ Time: 3.20s (0.32 ms/query)
  ✓ QPS: 3122.91

Trial 2/3:
  Running 10000 queries...
  ✓ Time: 3.14s (0.31 ms/query)
  ✓ QPS: 3186.86

Trial 3/3:
  Running 10000 queries...
  ✓ Time: 3.21s (0.32 ms/query)
  ✓ QPS: 3119.13

📊 Average Results:
  Time: 3.18s
  QPS: 3142.97

============================================================
MySQL Benchmark: users - INSERT (batch: 10000)
============================================================

Trial 1/3:
  Running 10000 queries...
  ✓ Time: 1.21s (0.12 ms/query)
  ✓ QPS: 8285.38

Trial 2/3:
  Running 10000 queries...
  ✓ Time: 1.18s (0.12 ms/query)
  ✓ QPS: 8447.08

Trial 3/3:
  Running 10000 queries...
  ✓ Time: 1.24s (0.12 ms/query)
  ✓ QPS: 8077.74

📊 Average Results:
  Time: 1.21s
  QPS: 8270.07

============================================================
MySQL Benchmark: categories - INSERT (batch: 10000)
============================================================

Trial 1/3:
  Running 10000 queries...
  ✓ Time: 1.21s (0.12 ms/query)
  ✓ QPS: 8287.97

Trial 2/3:
  Running 10000 queries...
  ✓ Time: 1.22s (0.12 ms/query)
  ✓ QPS: 8220.83

Trial 3/3:
  Running 10000 queries...
  ✓ Time: 1.20s (0.12 ms/query)
  ✓ QPS: 8351.84

📊 Average Results:
  Time: 1.21s
  QPS: 8286.88

============================================================
MySQL Benchmark: products - INSERT (batch: 10000)
============================================================

Trial 1/3:
  Running 10000 queries...
  ✓ Time: 1.24s (0.12 ms/query)
  ✓ QPS: 8085.06

Trial 2/3:
  Running 10000 queries...
  ✓ Time: 1.30s (0.13 ms/query)
  ✓ QPS: 7719.99

Trial 3/3:
  Running 10000 queries...
  ✓ Time: 1.23s (0.12 ms/query)
  ✓ QPS: 8115.35

📊 Average Results:
  Time: 1.25s
  QPS: 7973.47

============================================================
MySQL Benchmark: addresses - INSERT (batch: 10000)
============================================================

Trial 1/3:
  Running 10000 queries...
  ✓ Time: 1.22s (0.12 ms/query)
  ✓ QPS: 8175.15

Trial 2/3:
  Running 10000 queries...
  ✓ Time: 1.23s (0.12 ms/query)
  ✓ QPS: 8162.44

Trial 3/3:
  Running 10000 queries...
  ✓ Time: 1.22s (0.12 ms/query)
  ✓ QPS: 8228.86

📊 Average Results:
  Time: 1.22s
  QPS: 8188.82

============================================================
MySQL Benchmark: orders - INSERT (batch: 10000)
============================================================

Trial 1/3:
  Running 10000 queries...
  ✓ Time: 1.22s (0.12 ms/query)
  ✓ QPS: 8180.01

Trial 2/3:
  Running 10000 queries...
  ✓ Time: 1.19s (0.12 ms/query)
  ✓ QPS: 8370.39

Trial 3/3:
  Running 10000 queries...
  ✓ Time: 1.24s (0.12 ms/query)
  ✓ QPS: 8072.15

📊 Average Results:
  Time: 1.22s
  QPS: 8207.52

============================================================
MySQL Benchmark: users - UPDATE (batch: 10000)
============================================================

Trial 1/3:
  Running 10000 queries...
  ✓ Time: 8.06s (0.81 ms/query)
  ✓ QPS: 1240.40

Trial 2/3:
  Running 10000 queries...
  ✓ Time: 1.18s (0.12 ms/query)
  ✓ QPS: 8491.60

Trial 3/3:
  Running 10000 queries...
  ✓ Time: 1.16s (0.12 ms/query)
  ✓ QPS: 8586.96

📊 Average Results:
  Time: 3.47s
  QPS: 6106.32

============================================================
MySQL Benchmark: categories - UPDATE (batch: 10000)
============================================================

Trial 1/3:
  Running 10000 queries...
  ✓ Time: 1.24s (0.12 ms/query)
  ✓ QPS: 8076.26

Trial 2/3:
  Running 10000 queries...
  ✓ Time: 1.19s (0.12 ms/query)
  ✓ QPS: 8384.83

Trial 3/3:
  Running 10000 queries...
  ✓ Time: 1.17s (0.12 ms/query)
  ✓ QPS: 8577.76

📊 Average Results:
  Time: 1.20s
  QPS: 8346.28

============================================================
MySQL Benchmark: products - UPDATE (batch: 10000)
============================================================

Trial 1/3:
  Running 10000 queries...
  ✓ Time: 8.20s (0.82 ms/query)
  ✓ QPS: 1218.91

Trial 2/3:
  Running 10000 queries...
  ✓ Time: 1.16s (0.12 ms/query)
  ✓ QPS: 8632.45

Trial 3/3:
  Running 10000 queries...
  ✓ Time: 1.17s (0.12 ms/query)
  ✓ QPS: 8533.26

📊 Average Results:
  Time: 3.51s
  QPS: 6128.21

============================================================
MySQL Benchmark: addresses - UPDATE (batch: 10000)
============================================================

Trial 1/3:
  Running 10000 queries...
  ✓ Time: 8.24s (0.82 ms/query)
  ✓ QPS: 1212.95

Trial 2/3:
  Running 10000 queries...
  ✓ Time: 1.18s (0.12 ms/query)
  ✓ QPS: 8498.03

Trial 3/3:
  Running 10000 queries...
  ✓ Time: 1.17s (0.12 ms/query)
  ✓ QPS: 8551.19

📊 Average Results:
  Time: 3.53s
  QPS: 6087.39

============================================================
MySQL Benchmark: orders - UPDATE (batch: 10000)
============================================================

Trial 1/3:
  Running 10000 queries...
  ✓ Time: 8.44s (0.84 ms/query)
  ✓ QPS: 1185.52

Trial 2/3:
  Running 10000 queries...
  ✓ Time: 1.16s (0.12 ms/query)
  ✓ QPS: 8584.44

Trial 3/3:
  Running 10000 queries...
  ✓ Time: 1.17s (0.12 ms/query)
  ✓ QPS: 8571.33

📊 Average Results:
  Time: 3.59s
  QPS: 6113.76

============================================================
MySQL Benchmark: users - DELETE (batch: 10000)
============================================================

Trial 1/3:
  Running 10000 queries...
  ✓ Time: 7.74s (0.77 ms/query)
  ✓ QPS: 1291.76

Trial 2/3:
  Running 10000 queries...
  ✓ Time: 1.15s (0.11 ms/query)
  ✓ QPS: 8708.26

Trial 3/3:
  Running 10000 queries...
  ✓ Time: 1.13s (0.11 ms/query)
  ✓ QPS: 8858.71

📊 Average Results:
  Time: 3.34s
  QPS: 6286.24

============================================================
MySQL Benchmark: categories - DELETE (batch: 10000)
============================================================

Trial 1/3:
  Running 10000 queries...
  ✓ Time: 1.26s (0.13 ms/query)
  ✓ QPS: 7937.01

Trial 2/3:
  Running 10000 queries...
  ✓ Time: 1.16s (0.12 ms/query)
  ✓ QPS: 8617.80

Trial 3/3:
  Running 10000 queries...
  ✓ Time: 1.13s (0.11 ms/query)
  ✓ QPS: 8861.18

📊 Average Results:
  Time: 1.18s
  QPS: 8472.00

============================================================
MySQL Benchmark: products - DELETE (batch: 10000)
============================================================

Trial 1/3:
  Running 10000 queries...
  ✓ Time: 8.09s (0.81 ms/query)
  ✓ QPS: 1235.59

Trial 2/3:
  Running 10000 queries...
  ✓ Time: 1.15s (0.11 ms/query)
  ✓ QPS: 8727.04

Trial 3/3:
  Running 10000 queries...
  ✓ Time: 1.18s (0.12 ms/query)
  ✓ QPS: 8448.76

📊 Average Results:
  Time: 3.47s
  QPS: 6137.13

============================================================
MySQL Benchmark: addresses - DELETE (batch: 10000)
============================================================

Trial 1/3:
  Running 10000 queries...
  ✓ Time: 7.65s (0.76 ms/query)
  ✓ QPS: 1307.48

Trial 2/3:
  Running 10000 queries...
  ✓ Time: 1.15s (0.11 ms/query)
  ✓ QPS: 8700.69

Trial 3/3:
  Running 10000 queries...
  ✓ Time: 1.20s (0.12 ms/query)
  ✓ QPS: 8360.86

📊 Average Results:
  Time: 3.33s
  QPS: 6123.01

============================================================
MySQL Benchmark: orders - DELETE (batch: 10000)
============================================================

Trial 1/3:
  Running 10000 queries...
  ✓ Time: 8.03s (0.80 ms/query)
  ✓ QPS: 1245.32

Trial 2/3:
  Running 10000 queries...
  ✓ Time: 1.15s (0.11 ms/query)
  ✓ QPS: 8708.39

Trial 3/3:
  Running 10000 queries...
  ✓ Time: 1.16s (0.12 ms/query)
  ✓ QPS: 8608.75

📊 Average Results:
  Time: 3.45s
  QPS: 6187.49
✓ Indexes dropped

▶ MySQL @ scale=10000000
  Phase A: SKIPPED (only runs at smallest scale=500000)
  Phase B: WITH indexes
✓ MySQL tables truncated
  ✓ Loaded 200 rows from queries/categories_sql_insert.sql
  ✓ Loaded 10000000 rows from queries/users_sql_insert.sql
  ✓ Loaded 10000000 rows from queries/addresses_sql_insert.sql
  ✓ Loaded 100000 rows from queries/products_sql_insert.sql
  ✓ Loaded 10000000 rows from queries/orders_sql_insert.sql
✓ Indexes created (and ANALYZE run)
  Collecting EXPLAIN plans (with_index=true)...

============================================================
MySQL Benchmark: users - SELECT (batch: 10000)
============================================================

Trial 1/3:
  Running 10000 queries...
  ✓ Time: 2.90s (0.29 ms/query)
  ✓ QPS: 3450.40

Trial 2/3:
  Running 10000 queries...
  ✓ Time: 2.91s (0.29 ms/query)
  ✓ QPS: 3436.40

Trial 3/3:
  Running 10000 queries...
  ✓ Time: 2.85s (0.28 ms/query)
  ✓ QPS: 3512.13

📊 Average Results:
  Time: 2.88s
  QPS: 3466.31

============================================================
MySQL Benchmark: categories - SELECT (batch: 10000)
============================================================

Trial 1/3:
  Running 10000 queries...
  ✓ Time: 1.34s (0.13 ms/query)
  ✓ QPS: 7466.14

Trial 2/3:
  Running 10000 queries...
  ✓ Time: 1.41s (0.14 ms/query)
  ✓ QPS: 7097.43

Trial 3/3:
  Running 10000 queries...
  ✓ Time: 1.38s (0.14 ms/query)
  ✓ QPS: 7233.64

📊 Average Results:
  Time: 1.38s
  QPS: 7265.74

============================================================
MySQL Benchmark: products - SELECT (batch: 10000)
============================================================

Trial 1/3:
  Running 10000 queries...
  ✓ Time: 2.87s (0.29 ms/query)
  ✓ QPS: 3479.92

Trial 2/3:
  Running 10000 queries...
  ✓ Time: 2.85s (0.28 ms/query)
  ✓ QPS: 3512.53

Trial 3/3:
  Running 10000 queries...
  ✓ Time: 2.99s (0.30 ms/query)
  ✓ QPS: 3347.02

📊 Average Results:
  Time: 2.90s
  QPS: 3446.49

============================================================
MySQL Benchmark: addresses - SELECT (batch: 10000)
============================================================

Trial 1/3:
  Running 10000 queries...
  ✓ Time: 7.68s (0.77 ms/query)
  ✓ QPS: 1302.42

Trial 2/3:
  Running 10000 queries...
  ✓ Time: 4.88s (0.49 ms/query)
  ✓ QPS: 2047.65

Trial 3/3:
  Running 10000 queries...
  ✓ Time: 4.33s (0.43 ms/query)
  ✓ QPS: 2309.33

📊 Average Results:
  Time: 5.63s
  QPS: 1886.47

============================================================
MySQL Benchmark: orders - SELECT (batch: 10000)
============================================================

Trial 1/3:
  Running 10000 queries...
  ✓ Time: 3.15s (0.32 ms/query)
  ✓ QPS: 3171.44

Trial 2/3:
  Running 10000 queries...
  ✓ Time: 3.14s (0.31 ms/query)
  ✓ QPS: 3184.07

Trial 3/3:
  Running 10000 queries...
  ✓ Time: 3.06s (0.31 ms/query)
  ✓ QPS: 3267.38

📊 Average Results:
  Time: 3.12s
  QPS: 3207.63

============================================================
MySQL Benchmark: users - INSERT (batch: 10000)
============================================================

Trial 1/3:
  Running 10000 queries...
  ✓ Time: 1.24s (0.12 ms/query)
  ✓ QPS: 8073.75

Trial 2/3:
  Running 10000 queries...
  ✓ Time: 1.22s (0.12 ms/query)
  ✓ QPS: 8226.05

Trial 3/3:
  Running 10000 queries...
  ✓ Time: 1.26s (0.13 ms/query)
  ✓ QPS: 7937.65

📊 Average Results:
  Time: 1.24s
  QPS: 8079.15

============================================================
MySQL Benchmark: categories - INSERT (batch: 10000)
============================================================

Trial 1/3:
  Running 10000 queries...
  ✓ Time: 1.17s (0.12 ms/query)
  ✓ QPS: 8541.88

Trial 2/3:
  Running 10000 queries...
  ✓ Time: 1.23s (0.12 ms/query)
  ✓ QPS: 8138.20

Trial 3/3:
  Running 10000 queries...
  ✓ Time: 1.20s (0.12 ms/query)
  ✓ QPS: 8305.12

📊 Average Results:
  Time: 1.20s
  QPS: 8328.40

============================================================
MySQL Benchmark: products - INSERT (batch: 10000)
============================================================

Trial 1/3:
  Running 10000 queries...
  ✓ Time: 1.22s (0.12 ms/query)
  ✓ QPS: 8219.18

Trial 2/3:
  Running 10000 queries...
  ✓ Time: 1.21s (0.12 ms/query)
  ✓ QPS: 8240.31

Trial 3/3:
  Running 10000 queries...
  ✓ Time: 1.22s (0.12 ms/query)
  ✓ QPS: 8176.16

📊 Average Results:
  Time: 1.22s
  QPS: 8211.88

============================================================
MySQL Benchmark: addresses - INSERT (batch: 10000)
============================================================

Trial 1/3:
  Running 10000 queries...
  ✓ Time: 1.23s (0.12 ms/query)
  ✓ QPS: 8125.88

Trial 2/3:
  Running 10000 queries...
  ✓ Time: 1.32s (0.13 ms/query)
  ✓ QPS: 7579.01

Trial 3/3:
  Running 10000 queries...
  ✓ Time: 1.24s (0.12 ms/query)
  ✓ QPS: 8080.57

📊 Average Results:
  Time: 1.26s
  QPS: 7928.49

============================================================
MySQL Benchmark: orders - INSERT (batch: 10000)
============================================================

Trial 1/3:
  Running 10000 queries...
  ✓ Time: 1.24s (0.12 ms/query)
  ✓ QPS: 8066.82

Trial 2/3:
  Running 10000 queries...
  ✓ Time: 1.19s (0.12 ms/query)
  ✓ QPS: 8429.47

Trial 3/3:
  Running 10000 queries...
  ✓ Time: 1.22s (0.12 ms/query)
  ✓ QPS: 8221.55

📊 Average Results:
  Time: 1.21s
  QPS: 8239.28

============================================================
MySQL Benchmark: users - UPDATE (batch: 10000)
============================================================

Trial 1/3:
  Running 10000 queries...
  ✓ Time: 7.90s (0.79 ms/query)
  ✓ QPS: 1265.96

Trial 2/3:
  Running 10000 queries...
  ✓ Time: 1.21s (0.12 ms/query)
  ✓ QPS: 8263.78

Trial 3/3:
  Running 10000 queries...
  ✓ Time: 1.21s (0.12 ms/query)
  ✓ QPS: 8277.34

📊 Average Results:
  Time: 3.44s
  QPS: 5935.69

============================================================
MySQL Benchmark: categories - UPDATE (batch: 10000)
============================================================

Trial 1/3:
  Running 10000 queries...
  ✓ Time: 1.30s (0.13 ms/query)
  ✓ QPS: 7713.27

Trial 2/3:
  Running 10000 queries...
  ✓ Time: 1.18s (0.12 ms/query)
  ✓ QPS: 8456.63

Trial 3/3:
  Running 10000 queries...
  ✓ Time: 1.20s (0.12 ms/query)
  ✓ QPS: 8334.94

📊 Average Results:
  Time: 1.23s
  QPS: 8168.28

============================================================
MySQL Benchmark: products - UPDATE (batch: 10000)
============================================================

Trial 1/3:
  Running 10000 queries...
  ✓ Time: 8.28s (0.83 ms/query)
  ✓ QPS: 1207.77

Trial 2/3:
  Running 10000 queries...
  ✓ Time: 1.17s (0.12 ms/query)
  ✓ QPS: 8531.34

Trial 3/3:
  Running 10000 queries...
  ✓ Time: 1.18s (0.12 ms/query)
  ✓ QPS: 8469.95

📊 Average Results:
  Time: 3.54s
  QPS: 6069.69

============================================================
MySQL Benchmark: addresses - UPDATE (batch: 10000)
============================================================

Trial 1/3:
  Running 10000 queries...
  ✓ Time: 8.86s (0.89 ms/query)
  ✓ QPS: 1128.94

Trial 2/3:
  Running 10000 queries...
  ✓ Time: 1.22s (0.12 ms/query)
  ✓ QPS: 8182.99

Trial 3/3:
  Running 10000 queries...
  ✓ Time: 1.22s (0.12 ms/query)
  ✓ QPS: 8226.29

📊 Average Results:
  Time: 3.76s
  QPS: 5846.07

============================================================
MySQL Benchmark: orders - UPDATE (batch: 10000)
============================================================

Trial 1/3:
  Running 10000 queries...
  ✓ Time: 8.27s (0.83 ms/query)
  ✓ QPS: 1209.07

Trial 2/3:
  Running 10000 queries...
  ✓ Time: 1.24s (0.12 ms/query)
  ✓ QPS: 8064.26

Trial 3/3:
  Running 10000 queries...
  ✓ Time: 1.19s (0.12 ms/query)
  ✓ QPS: 8392.76

📊 Average Results:
  Time: 3.57s
  QPS: 5888.70

============================================================
MySQL Benchmark: users - DELETE (batch: 10000)
============================================================

Trial 1/3:
  Running 10000 queries...
  ✓ Time: 8.37s (0.84 ms/query)
  ✓ QPS: 1194.50

Trial 2/3:
  Running 10000 queries...
  ✓ Time: 1.19s (0.12 ms/query)
  ✓ QPS: 8424.24

Trial 3/3:
  Running 10000 queries...
  ✓ Time: 1.14s (0.11 ms/query)
  ✓ QPS: 8740.16

📊 Average Results:
  Time: 3.57s
  QPS: 6119.64

============================================================
MySQL Benchmark: categories - DELETE (batch: 10000)
============================================================

Trial 1/3:
  Running 10000 queries...
  ✓ Time: 1.23s (0.12 ms/query)
  ✓ QPS: 8158.51

Trial 2/3:
  Running 10000 queries...
  ✓ Time: 1.15s (0.12 ms/query)
  ✓ QPS: 8688.58

Trial 3/3:
  Running 10000 queries...
  ✓ Time: 1.16s (0.12 ms/query)
  ✓ QPS: 8622.98

📊 Average Results:
  Time: 1.18s
  QPS: 8490.02

============================================================
MySQL Benchmark: products - DELETE (batch: 10000)
============================================================

Trial 1/3:
  Running 10000 queries...
  ✓ Time: 7.95s (0.79 ms/query)
  ✓ QPS: 1258.43

Trial 2/3:
  Running 10000 queries...
  ✓ Time: 1.16s (0.12 ms/query)
  ✓ QPS: 8625.89

Trial 3/3:
  Running 10000 queries...
  ✓ Time: 1.15s (0.12 ms/query)
  ✓ QPS: 8693.87

📊 Average Results:
  Time: 3.42s
  QPS: 6192.73

============================================================
MySQL Benchmark: addresses - DELETE (batch: 10000)
============================================================

Trial 1/3:
  Running 10000 queries...
  ✓ Time: 7.46s (0.75 ms/query)
  ✓ QPS: 1340.59

Trial 2/3:
  Running 10000 queries...
  ✓ Time: 1.15s (0.12 ms/query)
  ✓ QPS: 8671.70

Trial 3/3:
  Running 10000 queries...
  ✓ Time: 1.17s (0.12 ms/query)
  ✓ QPS: 8519.93

📊 Average Results:
  Time: 3.26s
  QPS: 6177.40

============================================================
MySQL Benchmark: orders - DELETE (batch: 10000)
============================================================

Trial 1/3:
  Running 10000 queries...
  ✓ Time: 8.05s (0.80 ms/query)
  ✓ QPS: 1242.28

Trial 2/3:
  Running 10000 queries...
  ✓ Time: 1.17s (0.12 ms/query)
  ✓ QPS: 8572.60

Trial 3/3:
  Running 10000 queries...
  ✓ Time: 1.16s (0.12 ms/query)
  ✓ QPS: 8600.51

📊 Average Results:
  Time: 3.46s
  QPS: 6138.47
✓ Indexes dropped

============================================================
Starting PostgreSQL Benchmarks
============================================================
✓ Connected to PostgreSQL

▶ PostgreSQL @ scale=500000
  Phase A: WITHOUT indexes
✓ PostgreSQL tables truncated
  ✓ Loaded 200 rows from queries/categories_sql_insert.sql
  ✓ Loaded 500000 rows from queries/users_sql_insert.sql
  ✓ Loaded 500000 rows from queries/addresses_sql_insert.sql
  ✓ Loaded 100000 rows from queries/products_sql_insert.sql
  ✓ Loaded 500000 rows from queries/orders_sql_insert.sql
  Collecting EXPLAIN plans (with_index=false)...

============================================================
PostgreSQL Benchmark: users - SELECT (batch: 1000)
============================================================

Trial 1/3:
  Running 1000 queries...
  ✓ Time: 0.39s (0.39 ms/query)
  ✓ QPS: 2533.10

Trial 2/3:
  Running 1000 queries...
  ✓ Time: 0.40s (0.40 ms/query)
  ✓ QPS: 2531.18

Trial 3/3:
  Running 1000 queries...
  ✓ Time: 0.43s (0.43 ms/query)
  ✓ QPS: 2328.49

📊 Average Results:
  Time: 0.41s
  QPS: 2464.26

============================================================
PostgreSQL Benchmark: categories - SELECT (batch: 1000)
============================================================

Trial 1/3:
  Running 1000 queries...
  ✓ Time: 0.15s (0.15 ms/query)
  ✓ QPS: 6767.22

Trial 2/3:
  Running 1000 queries...
  ✓ Time: 0.14s (0.14 ms/query)
  ✓ QPS: 7122.82

Trial 3/3:
  Running 1000 queries...
  ✓ Time: 0.14s (0.14 ms/query)
  ✓ QPS: 7106.00

📊 Average Results:
  Time: 0.14s
  QPS: 6998.68

============================================================
PostgreSQL Benchmark: products - SELECT (batch: 1000)
============================================================

Trial 1/3:
  Running 1000 queries...
  ✓ Time: 0.68s (0.68 ms/query)
  ✓ QPS: 1473.31

Trial 2/3:
  Running 1000 queries...
  ✓ Time: 0.70s (0.70 ms/query)
  ✓ QPS: 1424.46

Trial 3/3:
  Running 1000 queries...
  ✓ Time: 0.69s (0.69 ms/query)
  ✓ QPS: 1450.28

📊 Average Results:
  Time: 0.69s
  QPS: 1449.35

============================================================
PostgreSQL Benchmark: addresses - SELECT (batch: 1000)
============================================================

Trial 1/3:
  Running 1000 queries...
  ✓ Time: 9.87s (9.87 ms/query)
  ✓ QPS: 101.29

Trial 2/3:
  Running 1000 queries...
  ✓ Time: 9.89s (9.89 ms/query)
  ✓ QPS: 101.09

Trial 3/3:
  Running 1000 queries...
  ✓ Time: 9.89s (9.89 ms/query)
  ✓ QPS: 101.14

📊 Average Results:
  Time: 9.88s
  QPS: 101.17

============================================================
PostgreSQL Benchmark: orders - SELECT (batch: 1000)
============================================================

Trial 1/3:
  Running 1000 queries...
  ✓ Time: 0.78s (0.78 ms/query)
  ✓ QPS: 1286.58

Trial 2/3:
  Running 1000 queries...
  ✓ Time: 0.80s (0.80 ms/query)
  ✓ QPS: 1257.46

Trial 3/3:
  Running 1000 queries...
  ✓ Time: 0.77s (0.77 ms/query)
  ✓ QPS: 1304.19

📊 Average Results:
  Time: 0.78s
  QPS: 1282.74

============================================================
PostgreSQL Benchmark: users - INSERT (batch: 1000)
============================================================

Trial 1/3:
  Running 1000 queries...
  ✓ Time: 0.14s (0.14 ms/query)
  ✓ QPS: 7170.24

Trial 2/3:
  Running 1000 queries...
  ✓ Time: 0.13s (0.13 ms/query)
  ✓ QPS: 7564.70

Trial 3/3:
  Running 1000 queries...
  ✓ Time: 0.13s (0.13 ms/query)
  ✓ QPS: 7586.68

📊 Average Results:
  Time: 0.13s
  QPS: 7440.54

============================================================
PostgreSQL Benchmark: categories - INSERT (batch: 1000)
============================================================

Trial 1/3:
  Running 1000 queries...
  ✓ Time: 0.13s (0.13 ms/query)
  ✓ QPS: 7550.16

Trial 2/3:
  Running 1000 queries...
  ✓ Time: 0.13s (0.13 ms/query)
  ✓ QPS: 7604.43

Trial 3/3:
  Running 1000 queries...
  ✓ Time: 0.13s (0.13 ms/query)
  ✓ QPS: 7667.87

📊 Average Results:
  Time: 0.13s
  QPS: 7607.49

============================================================
PostgreSQL Benchmark: products - INSERT (batch: 1000)
============================================================

Trial 1/3:
  Running 1000 queries...
  ✓ Time: 0.12s (0.12 ms/query)
  ✓ QPS: 8256.62

Trial 2/3:
  Running 1000 queries...
  ✓ Time: 0.12s (0.12 ms/query)
  ✓ QPS: 8050.13

Trial 3/3:
  Running 1000 queries...
  ✓ Time: 0.14s (0.14 ms/query)
  ✓ QPS: 7360.65

📊 Average Results:
  Time: 0.13s
  QPS: 7889.13

============================================================
PostgreSQL Benchmark: addresses - INSERT (batch: 1000)
============================================================

Trial 1/3:
  Running 1000 queries...
  ✓ Time: 0.14s (0.14 ms/query)
  ✓ QPS: 7002.93

Trial 2/3:
  Running 1000 queries...
  ✓ Time: 0.14s (0.14 ms/query)
  ✓ QPS: 7250.72

Trial 3/3:
  Running 1000 queries...
  ✓ Time: 0.14s (0.14 ms/query)
  ✓ QPS: 7176.57

📊 Average Results:
  Time: 0.14s
  QPS: 7143.41

============================================================
PostgreSQL Benchmark: orders - INSERT (batch: 1000)
============================================================

Trial 1/3:
  Running 1000 queries...
  ✓ Time: 0.15s (0.15 ms/query)
  ✓ QPS: 6758.59

Trial 2/3:
  Running 1000 queries...
  ✓ Time: 0.14s (0.14 ms/query)
  ✓ QPS: 7067.13

Trial 3/3:
  Running 1000 queries...
  ✓ Time: 0.14s (0.14 ms/query)
  ✓ QPS: 7220.15

📊 Average Results:
  Time: 0.14s
  QPS: 7015.29

============================================================
PostgreSQL Benchmark: users - UPDATE (batch: 1000)
============================================================

Trial 1/3:
  Running 1000 queries...
  Warning: Query 2 failed: pq: duplicate key value violates unique constraint "users_email_key"
  Warning: Query 3 failed: pq: duplicate key value violates unique constraint "users_email_key"
  ✓ Time: 0.18s (0.18 ms/query)
  ✓ QPS: 5657.31

Trial 2/3:
  Running 1000 queries...
  Warning: Query 2 failed: pq: duplicate key value violates unique constraint "users_email_key"
  Warning: Query 3 failed: pq: duplicate key value violates unique constraint "users_email_key"
  ✓ Time: 0.17s (0.17 ms/query)
  ✓ QPS: 5737.49

Trial 3/3:
  Running 1000 queries...
  Warning: Query 2 failed: pq: duplicate key value violates unique constraint "users_email_key"
  Warning: Query 3 failed: pq: duplicate key value violates unique constraint "users_email_key"
  ✓ Time: 0.17s (0.17 ms/query)
  ✓ QPS: 5795.37

📊 Average Results:
  Time: 0.17s
  QPS: 5730.06

============================================================
PostgreSQL Benchmark: categories - UPDATE (batch: 1000)
============================================================

Trial 1/3:
  Running 1000 queries...
  ✓ Time: 0.18s (0.18 ms/query)
  ✓ QPS: 5531.83

Trial 2/3:
  Running 1000 queries...
  ✓ Time: 0.18s (0.18 ms/query)
  ✓ QPS: 5571.33

Trial 3/3:
  Running 1000 queries...
  ✓ Time: 0.18s (0.18 ms/query)
  ✓ QPS: 5518.75

📊 Average Results:
  Time: 0.18s
  QPS: 5540.64

============================================================
PostgreSQL Benchmark: products - UPDATE (batch: 1000)
============================================================

Trial 1/3:
  Running 1000 queries...
  ✓ Time: 0.17s (0.17 ms/query)
  ✓ QPS: 5730.42

Trial 2/3:
  Running 1000 queries...
  ✓ Time: 0.17s (0.17 ms/query)
  ✓ QPS: 5762.48

Trial 3/3:
  Running 1000 queries...
  ✓ Time: 0.17s (0.17 ms/query)
  ✓ QPS: 5818.33

📊 Average Results:
  Time: 0.17s
  QPS: 5770.41

============================================================
PostgreSQL Benchmark: addresses - UPDATE (batch: 1000)
============================================================

Trial 1/3:
  Running 1000 queries...
  ✓ Time: 0.18s (0.18 ms/query)
  ✓ QPS: 5415.66

Trial 2/3:
  Running 1000 queries...
  ✓ Time: 0.22s (0.22 ms/query)
  ✓ QPS: 4599.84

Trial 3/3:
  Running 1000 queries...
  ✓ Time: 0.23s (0.23 ms/query)
  ✓ QPS: 4425.87

📊 Average Results:
  Time: 0.21s
  QPS: 4813.79

============================================================
PostgreSQL Benchmark: orders - UPDATE (batch: 1000)
============================================================

Trial 1/3:
  Running 1000 queries...
  ✓ Time: 0.21s (0.21 ms/query)
  ✓ QPS: 4729.72

Trial 2/3:
  Running 1000 queries...
  ✓ Time: 0.20s (0.20 ms/query)
  ✓ QPS: 4938.49

Trial 3/3:
  Running 1000 queries...
  ✓ Time: 0.20s (0.20 ms/query)
  ✓ QPS: 5125.07

📊 Average Results:
  Time: 0.20s
  QPS: 4931.09

============================================================
PostgreSQL Benchmark: users - DELETE (batch: 1000)
============================================================

Trial 1/3:
  Running 1000 queries...
  ✓ Time: 0.22s (0.22 ms/query)
  ✓ QPS: 4490.62

Trial 2/3:
  Running 1000 queries...
  ✓ Time: 0.12s (0.12 ms/query)
  ✓ QPS: 8647.77

Trial 3/3:
  Running 1000 queries...
  ✓ Time: 0.12s (0.12 ms/query)
  ✓ QPS: 8678.93

📊 Average Results:
  Time: 0.15s
  QPS: 7272.44

============================================================
PostgreSQL Benchmark: categories - DELETE (batch: 1000)
============================================================

Trial 1/3:
  Running 1000 queries...
  ✓ Time: 0.12s (0.12 ms/query)
  ✓ QPS: 8261.88

Trial 2/3:
  Running 1000 queries...
  ✓ Time: 0.12s (0.12 ms/query)
  ✓ QPS: 8673.88

Trial 3/3:
  Running 1000 queries...
  ✓ Time: 0.11s (0.11 ms/query)
  ✓ QPS: 8706.91

📊 Average Results:
  Time: 0.12s
  QPS: 8547.56

============================================================
PostgreSQL Benchmark: products - DELETE (batch: 1000)
============================================================

Trial 1/3:
  Running 1000 queries...
  ✓ Time: 0.14s (0.14 ms/query)
  ✓ QPS: 6939.99

Trial 2/3:
  Running 1000 queries...
  ✓ Time: 0.11s (0.11 ms/query)
  ✓ QPS: 8730.79

Trial 3/3:
  Running 1000 queries...
  ✓ Time: 0.13s (0.12 ms/query)
  ✓ QPS: 7945.15

📊 Average Results:
  Time: 0.13s
  QPS: 7871.98

============================================================
PostgreSQL Benchmark: addresses - DELETE (batch: 1000)
============================================================

Trial 1/3:
  Running 1000 queries...
  ✓ Time: 0.17s (0.17 ms/query)
  ✓ QPS: 5728.32

Trial 2/3:
  Running 1000 queries...
  ✓ Time: 0.12s (0.12 ms/query)
  ✓ QPS: 8367.75

Trial 3/3:
  Running 1000 queries...
  ✓ Time: 0.13s (0.13 ms/query)
  ✓ QPS: 7657.86

📊 Average Results:
  Time: 0.14s
  QPS: 7251.31

============================================================
PostgreSQL Benchmark: orders - DELETE (batch: 1000)
============================================================

Trial 1/3:
  Running 1000 queries...
  ✓ Time: 0.17s (0.17 ms/query)
  ✓ QPS: 5753.31

Trial 2/3:
  Running 1000 queries...
  ✓ Time: 0.12s (0.12 ms/query)
  ✓ QPS: 8110.04

Trial 3/3:
  Running 1000 queries...
  ✓ Time: 0.13s (0.13 ms/query)
  ✓ QPS: 7919.00

📊 Average Results:
  Time: 0.14s
  QPS: 7260.78
  Phase B: WITH indexes
✓ PostgreSQL tables truncated
  ✓ Loaded 200 rows from queries/categories_sql_insert.sql
  ✓ Loaded 500000 rows from queries/users_sql_insert.sql
  ✓ Loaded 500000 rows from queries/addresses_sql_insert.sql
  ✓ Loaded 100000 rows from queries/products_sql_insert.sql
  ✓ Loaded 500000 rows from queries/orders_sql_insert.sql
✓ Indexes created (and ANALYZE run)

============================================================
PostgreSQL Benchmark: users - SELECT (batch: 10000)
============================================================

Trial 1/3:
  Running 10000 queries...
  ✓ Time: 4.34s (0.43 ms/query)
  ✓ QPS: 2301.85

Trial 2/3:
  Running 10000 queries...
  ✓ Time: 4.30s (0.43 ms/query)
  ✓ QPS: 2323.88

Trial 3/3:
  Running 10000 queries...
  ✓ Time: 4.31s (0.43 ms/query)
  ✓ QPS: 2322.41

📊 Average Results:
  Time: 4.32s
  QPS: 2316.05

============================================================
PostgreSQL Benchmark: categories - SELECT (batch: 10000)
============================================================

Trial 1/3:
  Running 10000 queries...
  ✓ Time: 1.35s (0.14 ms/query)
  ✓ QPS: 7401.70

Trial 2/3:
  Running 10000 queries...
  ✓ Time: 1.40s (0.14 ms/query)
  ✓ QPS: 7155.80

Trial 3/3:
  Running 10000 queries...
  ✓ Time: 1.42s (0.14 ms/query)
  ✓ QPS: 7029.30

📊 Average Results:
  Time: 1.39s
  QPS: 7195.60

============================================================
PostgreSQL Benchmark: products - SELECT (batch: 10000)
============================================================

Trial 1/3:
  Running 10000 queries...
  ✓ Time: 2.62s (0.26 ms/query)
  ✓ QPS: 3812.24

Trial 2/3:
  Running 10000 queries...
  ✓ Time: 2.83s (0.28 ms/query)
  ✓ QPS: 3530.01

Trial 3/3:
  Running 10000 queries...
  ✓ Time: 2.89s (0.29 ms/query)
  ✓ QPS: 3456.44

📊 Average Results:
  Time: 2.78s
  QPS: 3599.56

============================================================
PostgreSQL Benchmark: addresses - SELECT (batch: 10000)
============================================================

Trial 1/3:
  Running 10000 queries...
  ✓ Time: 1.50s (0.15 ms/query)
  ✓ QPS: 6675.19

Trial 2/3:
  Running 10000 queries...
  ✓ Time: 1.47s (0.15 ms/query)
  ✓ QPS: 6800.82

Trial 3/3:
  Running 10000 queries...
  ✓ Time: 1.49s (0.15 ms/query)
  ✓ QPS: 6707.27

📊 Average Results:
  Time: 1.49s
  QPS: 6727.76

============================================================
PostgreSQL Benchmark: orders - SELECT (batch: 10000)
============================================================

Trial 1/3:
  Running 10000 queries...
  ✓ Time: 4.71s (0.47 ms/query)
  ✓ QPS: 2122.31

Trial 2/3:
  Running 10000 queries...
  ✓ Time: 4.77s (0.48 ms/query)
  ✓ QPS: 2095.63

Trial 3/3:
  Running 10000 queries...
  ✓ Time: 4.72s (0.47 ms/query)
  ✓ QPS: 2118.29

📊 Average Results:
  Time: 4.73s
  QPS: 2112.08

============================================================
PostgreSQL Benchmark: users - INSERT (batch: 10000)
============================================================

Trial 1/3:
  Running 10000 queries...
  ✓ Time: 1.37s (0.14 ms/query)
  ✓ QPS: 7293.82

Trial 2/3:
  Running 10000 queries...
  ✓ Time: 1.31s (0.13 ms/query)
  ✓ QPS: 7640.35

Trial 3/3:
  Running 10000 queries...
  ✓ Time: 1.32s (0.13 ms/query)
  ✓ QPS: 7566.69

📊 Average Results:
  Time: 1.33s
  QPS: 7500.29

============================================================
PostgreSQL Benchmark: categories - INSERT (batch: 10000)
============================================================

Trial 1/3:
  Running 10000 queries...
  ✓ Time: 1.34s (0.13 ms/query)
  ✓ QPS: 7458.26

Trial 2/3:
  Running 10000 queries...
  ✓ Time: 1.34s (0.13 ms/query)
  ✓ QPS: 7452.63

Trial 3/3:
  Running 10000 queries...
  ✓ Time: 1.36s (0.14 ms/query)
  ✓ QPS: 7338.06

📊 Average Results:
  Time: 1.35s
  QPS: 7416.32

============================================================
PostgreSQL Benchmark: products - INSERT (batch: 10000)
============================================================

Trial 1/3:
  Running 10000 queries...
  ✓ Time: 1.34s (0.13 ms/query)
  ✓ QPS: 7437.60

Trial 2/3:
  Running 10000 queries...
  ✓ Time: 1.31s (0.13 ms/query)
  ✓ QPS: 7634.67

Trial 3/3:
  Running 10000 queries...
  ✓ Time: 1.37s (0.14 ms/query)
  ✓ QPS: 7283.61

📊 Average Results:
  Time: 1.34s
  QPS: 7451.96

============================================================
PostgreSQL Benchmark: addresses - INSERT (batch: 10000)
============================================================

Trial 1/3:
  Running 10000 queries...
  ✓ Time: 1.34s (0.13 ms/query)
  ✓ QPS: 7444.75

Trial 2/3:
  Running 10000 queries...
  ✓ Time: 1.37s (0.14 ms/query)
  ✓ QPS: 7312.89

Trial 3/3:
  Running 10000 queries...
  ✓ Time: 1.36s (0.14 ms/query)
  ✓ QPS: 7377.21

📊 Average Results:
  Time: 1.35s
  QPS: 7378.29

============================================================
PostgreSQL Benchmark: orders - INSERT (batch: 10000)
============================================================

Trial 1/3:
  Running 10000 queries...
  ✓ Time: 1.33s (0.13 ms/query)
  ✓ QPS: 7491.97

Trial 2/3:
  Running 10000 queries...
  ✓ Time: 1.36s (0.14 ms/query)
  ✓ QPS: 7374.11

Trial 3/3:
  Running 10000 queries...
  ✓ Time: 1.38s (0.14 ms/query)
  ✓ QPS: 7262.52

📊 Average Results:
  Time: 1.36s
  QPS: 7376.20

============================================================
PostgreSQL Benchmark: users - UPDATE (batch: 10000)
============================================================

Trial 1/3:
  Running 10000 queries...
  Warning: Query 2 failed: pq: duplicate key value violates unique constraint "users_email_key"
  Warning: Query 3 failed: pq: duplicate key value violates unique constraint "users_email_key"
  ✓ Time: 1.73s (0.17 ms/query)
  ✓ QPS: 5786.17

Trial 2/3:
  Running 10000 queries...
  Warning: Query 2 failed: pq: duplicate key value violates unique constraint "users_email_key"
  Warning: Query 3 failed: pq: duplicate key value violates unique constraint "users_email_key"
  ✓ Time: 1.75s (0.17 ms/query)
  ✓ QPS: 5730.02

Trial 3/3:
  Running 10000 queries...
  Warning: Query 2 failed: pq: duplicate key value violates unique constraint "users_email_key"
  Warning: Query 3 failed: pq: duplicate key value violates unique constraint "users_email_key"
  ✓ Time: 1.71s (0.17 ms/query)
  ✓ QPS: 5843.37

📊 Average Results:
  Time: 1.73s
  QPS: 5786.52

============================================================
PostgreSQL Benchmark: categories - UPDATE (batch: 10000)
============================================================

Trial 1/3:
  Running 10000 queries...
  ✓ Time: 2.07s (0.21 ms/query)
  ✓ QPS: 4833.45

Trial 2/3:
  Running 10000 queries...
  ✓ Time: 2.64s (0.26 ms/query)
  ✓ QPS: 3794.53

Trial 3/3:
  Running 10000 queries...
  ✓ Time: 2.63s (0.26 ms/query)
  ✓ QPS: 3801.62

📊 Average Results:
  Time: 2.44s
  QPS: 4143.20

============================================================
PostgreSQL Benchmark: products - UPDATE (batch: 10000)
============================================================

Trial 1/3:
  Running 10000 queries...
  ✓ Time: 2.58s (0.26 ms/query)
  ✓ QPS: 3874.02

Trial 2/3:
  Running 10000 queries...
  ✓ Time: 2.58s (0.26 ms/query)
  ✓ QPS: 3880.96

Trial 3/3:
  Running 10000 queries...
  ✓ Time: 2.39s (0.24 ms/query)
  ✓ QPS: 4189.08

📊 Average Results:
  Time: 2.51s
  QPS: 3981.36

============================================================
PostgreSQL Benchmark: addresses - UPDATE (batch: 10000)
============================================================

Trial 1/3:
  Running 10000 queries...
  ✓ Time: 2.46s (0.25 ms/query)
  ✓ QPS: 4068.61

Trial 2/3:
  Running 10000 queries...
  ✓ Time: 2.33s (0.23 ms/query)
  ✓ QPS: 4295.47

Trial 3/3:
  Running 10000 queries...
  ✓ Time: 2.29s (0.23 ms/query)
  ✓ QPS: 4363.03

📊 Average Results:
  Time: 2.36s
  QPS: 4242.37

============================================================
PostgreSQL Benchmark: orders - UPDATE (batch: 10000)
============================================================

Trial 1/3:
  Running 10000 queries...
  ✓ Time: 2.55s (0.26 ms/query)
  ✓ QPS: 3918.29

Trial 2/3:
  Running 10000 queries...
  ✓ Time: 2.49s (0.25 ms/query)
  ✓ QPS: 4020.22

Trial 3/3:
  Running 10000 queries...
  ✓ Time: 2.25s (0.22 ms/query)
  ✓ QPS: 4453.83

📊 Average Results:
  Time: 2.43s
  QPS: 4130.78

============================================================
PostgreSQL Benchmark: users - DELETE (batch: 10000)
============================================================

Trial 1/3:
  Running 10000 queries...
  ✓ Time: 1.66s (0.17 ms/query)
  ✓ QPS: 6011.19

Trial 2/3:
  Running 10000 queries...
  ✓ Time: 1.33s (0.13 ms/query)
  ✓ QPS: 7512.54

Trial 3/3:
  Running 10000 queries...
  ✓ Time: 1.29s (0.13 ms/query)
  ✓ QPS: 7740.39

📊 Average Results:
  Time: 1.43s
  QPS: 7088.04

============================================================
PostgreSQL Benchmark: categories - DELETE (batch: 10000)
============================================================

Trial 1/3:
  Running 10000 queries...
  ✓ Time: 1.31s (0.13 ms/query)
  ✓ QPS: 7610.57

Trial 2/3:
  Running 10000 queries...
  ✓ Time: 1.31s (0.13 ms/query)
  ✓ QPS: 7658.60

Trial 3/3:
  Running 10000 queries...
  ✓ Time: 1.31s (0.13 ms/query)
  ✓ QPS: 7628.60

📊 Average Results:
  Time: 1.31s
  QPS: 7632.59

============================================================
PostgreSQL Benchmark: products - DELETE (batch: 10000)
============================================================

Trial 1/3:
  Running 10000 queries...
  ✓ Time: 2.10s (0.21 ms/query)
  ✓ QPS: 4768.65

Trial 2/3:
  Running 10000 queries...
  ✓ Time: 1.28s (0.13 ms/query)
  ✓ QPS: 7788.79

Trial 3/3:
  Running 10000 queries...
  ✓ Time: 1.28s (0.13 ms/query)
  ✓ QPS: 7784.24

📊 Average Results:
  Time: 1.55s
  QPS: 6780.56

============================================================
PostgreSQL Benchmark: addresses - DELETE (batch: 10000)
============================================================

Trial 1/3:
  Running 10000 queries...
  ✓ Time: 1.66s (0.17 ms/query)
  ✓ QPS: 6009.08

Trial 2/3:
  Running 10000 queries...
  ✓ Time: 1.29s (0.13 ms/query)
  ✓ QPS: 7746.44

Trial 3/3:
  Running 10000 queries...
  ✓ Time: 1.29s (0.13 ms/query)
  ✓ QPS: 7741.47

📊 Average Results:
  Time: 1.42s
  QPS: 7165.66

============================================================
PostgreSQL Benchmark: orders - DELETE (batch: 10000)
============================================================

Trial 1/3:
  Running 10000 queries...
  ✓ Time: 1.61s (0.16 ms/query)
  ✓ QPS: 6214.73

Trial 2/3:
  Running 10000 queries...
  ✓ Time: 1.28s (0.13 ms/query)
  ✓ QPS: 7836.13

Trial 3/3:
  Running 10000 queries...
  ✓ Time: 1.28s (0.13 ms/query)
  ✓ QPS: 7806.51

📊 Average Results:
  Time: 1.39s
  QPS: 7285.79
✓ Indexes dropped

▶ PostgreSQL @ scale=1000000
  Phase A: SKIPPED (only runs at smallest scale=500000)
  Phase B: WITH indexes
✓ PostgreSQL tables truncated
  ✓ Loaded 200 rows from queries/categories_sql_insert.sql
  ✓ Loaded 1000000 rows from queries/users_sql_insert.sql
  ✓ Loaded 1000000 rows from queries/addresses_sql_insert.sql
  ✓ Loaded 100000 rows from queries/products_sql_insert.sql
  ✓ Loaded 1000000 rows from queries/orders_sql_insert.sql
✓ Indexes created (and ANALYZE run)

============================================================
PostgreSQL Benchmark: users - SELECT (batch: 10000)
============================================================

Trial 1/3:
  Running 10000 queries...
  ✓ Time: 4.31s (0.43 ms/query)
  ✓ QPS: 2320.02

Trial 2/3:
  Running 10000 queries...
  ✓ Time: 4.31s (0.43 ms/query)
  ✓ QPS: 2318.42

Trial 3/3:
  Running 10000 queries...
  ✓ Time: 4.29s (0.43 ms/query)
  ✓ QPS: 2328.36

📊 Average Results:
  Time: 4.31s
  QPS: 2322.27

============================================================
PostgreSQL Benchmark: categories - SELECT (batch: 10000)
============================================================

Trial 1/3:
  Running 10000 queries...
  ✓ Time: 1.43s (0.14 ms/query)
  ✓ QPS: 6975.44

Trial 2/3:
  Running 10000 queries...
  ✓ Time: 1.42s (0.14 ms/query)
  ✓ QPS: 7055.00

Trial 3/3:
  Running 10000 queries...
  ✓ Time: 1.43s (0.14 ms/query)
  ✓ QPS: 6972.57

📊 Average Results:
  Time: 1.43s
  QPS: 7001.00

============================================================
PostgreSQL Benchmark: products - SELECT (batch: 10000)
============================================================

Trial 1/3:
  Running 10000 queries...
  ✓ Time: 2.76s (0.28 ms/query)
  ✓ QPS: 3617.55

Trial 2/3:
  Running 10000 queries...
  ✓ Time: 2.83s (0.28 ms/query)
  ✓ QPS: 3528.86

Trial 3/3:
  Running 10000 queries...
  ✓ Time: 2.79s (0.28 ms/query)
  ✓ QPS: 3589.84

📊 Average Results:
  Time: 2.79s
  QPS: 3578.75

============================================================
PostgreSQL Benchmark: addresses - SELECT (batch: 10000)
============================================================

Trial 1/3:
  Running 10000 queries...
  ✓ Time: 1.46s (0.15 ms/query)
  ✓ QPS: 6845.05

Trial 2/3:
  Running 10000 queries...
  ✓ Time: 1.57s (0.16 ms/query)
  ✓ QPS: 6371.40

Trial 3/3:
  Running 10000 queries...
  ✓ Time: 1.50s (0.15 ms/query)
  ✓ QPS: 6657.03

📊 Average Results:
  Time: 1.51s
  QPS: 6624.49

============================================================
PostgreSQL Benchmark: orders - SELECT (batch: 10000)
============================================================

Trial 1/3:
  Running 10000 queries...
  ✓ Time: 7.15s (0.71 ms/query)
  ✓ QPS: 1398.81

Trial 2/3:
  Running 10000 queries...
  ✓ Time: 7.21s (0.72 ms/query)
  ✓ QPS: 1387.22

Trial 3/3:
  Running 10000 queries...
  ✓ Time: 7.18s (0.72 ms/query)
  ✓ QPS: 1391.99

📊 Average Results:
  Time: 7.18s
  QPS: 1392.67

============================================================
PostgreSQL Benchmark: users - INSERT (batch: 10000)
============================================================

Trial 1/3:
  Running 10000 queries...
  ✓ Time: 1.36s (0.14 ms/query)
  ✓ QPS: 7380.06

Trial 2/3:
  Running 10000 queries...
  ✓ Time: 1.37s (0.14 ms/query)
  ✓ QPS: 7321.99

Trial 3/3:
  Running 10000 queries...
  ✓ Time: 1.37s (0.14 ms/query)
  ✓ QPS: 7300.48

📊 Average Results:
  Time: 1.36s
  QPS: 7334.17

============================================================
PostgreSQL Benchmark: categories - INSERT (batch: 10000)
============================================================

Trial 1/3:
  Running 10000 queries...
  ✓ Time: 1.22s (0.12 ms/query)
  ✓ QPS: 8199.51

Trial 2/3:
  Running 10000 queries...
  ✓ Time: 1.30s (0.13 ms/query)
  ✓ QPS: 7680.44

Trial 3/3:
  Running 10000 queries...
  ✓ Time: 1.32s (0.13 ms/query)
  ✓ QPS: 7586.98

📊 Average Results:
  Time: 1.28s
  QPS: 7822.31

============================================================
PostgreSQL Benchmark: products - INSERT (batch: 10000)
============================================================

Trial 1/3:
  Running 10000 queries...
  ✓ Time: 1.36s (0.14 ms/query)
  ✓ QPS: 7343.73

Trial 2/3:
  Running 10000 queries...
  ✓ Time: 1.33s (0.13 ms/query)
  ✓ QPS: 7496.95

Trial 3/3:
  Running 10000 queries...
  ✓ Time: 1.34s (0.13 ms/query)
  ✓ QPS: 7466.20

📊 Average Results:
  Time: 1.34s
  QPS: 7435.63

============================================================
PostgreSQL Benchmark: addresses - INSERT (batch: 10000)
============================================================

Trial 1/3:
  Running 10000 queries...
  ✓ Time: 1.38s (0.14 ms/query)
  ✓ QPS: 7251.06

Trial 2/3:
  Running 10000 queries...
  ✓ Time: 1.35s (0.14 ms/query)
  ✓ QPS: 7386.67

Trial 3/3:
  Running 10000 queries...
  ✓ Time: 1.37s (0.14 ms/query)
  ✓ QPS: 7304.36

📊 Average Results:
  Time: 1.37s
  QPS: 7314.03

============================================================
PostgreSQL Benchmark: orders - INSERT (batch: 10000)
============================================================

Trial 1/3:
  Running 10000 queries...
  ✓ Time: 1.38s (0.14 ms/query)
  ✓ QPS: 7260.76

Trial 2/3:
  Running 10000 queries...
  ✓ Time: 1.36s (0.14 ms/query)
  ✓ QPS: 7354.59

Trial 3/3:
  Running 10000 queries...
  ✓ Time: 1.35s (0.13 ms/query)
  ✓ QPS: 7418.20

📊 Average Results:
  Time: 1.36s
  QPS: 7344.52

============================================================
PostgreSQL Benchmark: users - UPDATE (batch: 10000)
============================================================

Trial 1/3:
  Running 10000 queries...
  Warning: Query 2 failed: pq: duplicate key value violates unique constraint "users_email_key"
  Warning: Query 3 failed: pq: duplicate key value violates unique constraint "users_email_key"
  ✓ Time: 1.73s (0.17 ms/query)
  ✓ QPS: 5767.94

Trial 2/3:
  Running 10000 queries...
  Warning: Query 2 failed: pq: duplicate key value violates unique constraint "users_email_key"
  Warning: Query 3 failed: pq: duplicate key value violates unique constraint "users_email_key"
  ✓ Time: 1.71s (0.17 ms/query)
  ✓ QPS: 5833.76

Trial 3/3:
  Running 10000 queries...
  Warning: Query 2 failed: pq: duplicate key value violates unique constraint "users_email_key"
  Warning: Query 3 failed: pq: duplicate key value violates unique constraint "users_email_key"
  ✓ Time: 1.76s (0.18 ms/query)
  ✓ QPS: 5679.14

📊 Average Results:
  Time: 1.74s
  QPS: 5760.28

============================================================
PostgreSQL Benchmark: categories - UPDATE (batch: 10000)
============================================================

Trial 1/3:
  Running 10000 queries...
  ✓ Time: 2.07s (0.21 ms/query)
  ✓ QPS: 4831.08

Trial 2/3:
  Running 10000 queries...
  ✓ Time: 2.46s (0.25 ms/query)
  ✓ QPS: 4059.94

Trial 3/3:
  Running 10000 queries...
  ✓ Time: 2.58s (0.26 ms/query)
  ✓ QPS: 3878.73

📊 Average Results:
  Time: 2.37s
  QPS: 4256.58

============================================================
PostgreSQL Benchmark: products - UPDATE (batch: 10000)
============================================================

Trial 1/3:
  Running 10000 queries...
  ✓ Time: 2.48s (0.25 ms/query)
  ✓ QPS: 4029.03

Trial 2/3:
  Running 10000 queries...
  ✓ Time: 2.39s (0.24 ms/query)
  ✓ QPS: 4182.90

Trial 3/3:
  Running 10000 queries...
  ✓ Time: 2.47s (0.25 ms/query)
  ✓ QPS: 4045.61

📊 Average Results:
  Time: 2.45s
  QPS: 4085.85

============================================================
PostgreSQL Benchmark: addresses - UPDATE (batch: 10000)
============================================================

Trial 1/3:
  Running 10000 queries...
  ✓ Time: 2.08s (0.21 ms/query)
  ✓ QPS: 4805.57

Trial 2/3:
  Running 10000 queries...
  ✓ Time: 2.02s (0.20 ms/query)
  ✓ QPS: 4950.47

Trial 3/3:
  Running 10000 queries...
  ✓ Time: 2.39s (0.24 ms/query)
  ✓ QPS: 4190.02

📊 Average Results:
  Time: 2.16s
  QPS: 4648.69

============================================================
PostgreSQL Benchmark: orders - UPDATE (batch: 10000)
============================================================

Trial 1/3:
  Running 10000 queries...
  ✓ Time: 2.47s (0.25 ms/query)
  ✓ QPS: 4050.32

Trial 2/3:
  Running 10000 queries...
  ✓ Time: 2.31s (0.23 ms/query)
  ✓ QPS: 4329.90

Trial 3/3:
  Running 10000 queries...
  ✓ Time: 2.59s (0.26 ms/query)
  ✓ QPS: 3861.85

📊 Average Results:
  Time: 2.46s
  QPS: 4080.69

============================================================
PostgreSQL Benchmark: users - DELETE (batch: 10000)
============================================================

Trial 1/3:
  Running 10000 queries...
  ✓ Time: 2.51s (0.25 ms/query)
  ✓ QPS: 3986.29

Trial 2/3:
  Running 10000 queries...
  ✓ Time: 1.28s (0.13 ms/query)
  ✓ QPS: 7829.59

Trial 3/3:
  Running 10000 queries...
  ✓ Time: 1.31s (0.13 ms/query)
  ✓ QPS: 7642.63

📊 Average Results:
  Time: 1.70s
  QPS: 6486.17

============================================================
PostgreSQL Benchmark: categories - DELETE (batch: 10000)
============================================================

Trial 1/3:
  Running 10000 queries...
  ✓ Time: 1.33s (0.13 ms/query)
  ✓ QPS: 7545.08

Trial 2/3:
  Running 10000 queries...
  ✓ Time: 1.32s (0.13 ms/query)
  ✓ QPS: 7592.60

Trial 3/3:
  Running 10000 queries...
  ✓ Time: 1.31s (0.13 ms/query)
  ✓ QPS: 7615.12

📊 Average Results:
  Time: 1.32s
  QPS: 7584.27

============================================================
PostgreSQL Benchmark: products - DELETE (batch: 10000)
============================================================

Trial 1/3:
  Running 10000 queries...
  ✓ Time: 1.67s (0.17 ms/query)
  ✓ QPS: 5993.63

Trial 2/3:
  Running 10000 queries...
  ✓ Time: 1.17s (0.12 ms/query)
  ✓ QPS: 8580.48

Trial 3/3:
  Running 10000 queries...
  ✓ Time: 1.23s (0.12 ms/query)
  ✓ QPS: 8143.54

📊 Average Results:
  Time: 1.35s
  QPS: 7572.55

============================================================
PostgreSQL Benchmark: addresses - DELETE (batch: 10000)
============================================================

Trial 1/3:
  Running 10000 queries...
  ✓ Time: 1.72s (0.17 ms/query)
  ✓ QPS: 5814.38

Trial 2/3:
  Running 10000 queries...
  ✓ Time: 1.26s (0.13 ms/query)
  ✓ QPS: 7912.23

Trial 3/3:
  Running 10000 queries...
  ✓ Time: 1.26s (0.13 ms/query)
  ✓ QPS: 7932.88

📊 Average Results:
  Time: 1.41s
  QPS: 7219.83

============================================================
PostgreSQL Benchmark: orders - DELETE (batch: 10000)
============================================================

Trial 1/3:
  Running 10000 queries...
  ✓ Time: 1.70s (0.17 ms/query)
  ✓ QPS: 5871.53

Trial 2/3:
  Running 10000 queries...
  ✓ Time: 1.33s (0.13 ms/query)
  ✓ QPS: 7536.79

Trial 3/3:
  Running 10000 queries...
  ✓ Time: 1.32s (0.13 ms/query)
  ✓ QPS: 7583.93

📊 Average Results:
  Time: 1.45s
  QPS: 6997.42
✓ Indexes dropped

▶ PostgreSQL @ scale=10000000
  Phase A: SKIPPED (only runs at smallest scale=500000)
  Phase B: WITH indexes
✓ PostgreSQL tables truncated
  ✓ Loaded 200 rows from queries/categories_sql_insert.sql
  ✓ Loaded 10000000 rows from queries/users_sql_insert.sql
  ✓ Loaded 10000000 rows from queries/addresses_sql_insert.sql
  ✓ Loaded 100000 rows from queries/products_sql_insert.sql
  ✓ Loaded 10000000 rows from queries/orders_sql_insert.sql
✓ Indexes created (and ANALYZE run)
  Collecting EXPLAIN plans (with_index=true)...

============================================================
PostgreSQL Benchmark: users - SELECT (batch: 10000)
============================================================

Trial 1/3:
  Running 10000 queries...
  ✓ Time: 5.75s (0.57 ms/query)
  ✓ QPS: 1739.82

Trial 2/3:
  Running 10000 queries...
  ✓ Time: 5.00s (0.50 ms/query)
  ✓ QPS: 1998.54

Trial 3/3:
  Running 10000 queries...
  ✓ Time: 5.02s (0.50 ms/query)
  ✓ QPS: 1990.97

📊 Average Results:
  Time: 5.26s
  QPS: 1909.78

============================================================
PostgreSQL Benchmark: categories - SELECT (batch: 10000)
============================================================

Trial 1/3:
  Running 10000 queries...
  ✓ Time: 1.44s (0.14 ms/query)
  ✓ QPS: 6955.91

Trial 2/3:
  Running 10000 queries...
  ✓ Time: 1.47s (0.15 ms/query)
  ✓ QPS: 6814.02

Trial 3/3:
  Running 10000 queries...
  ✓ Time: 1.38s (0.14 ms/query)
  ✓ QPS: 7247.00

📊 Average Results:
  Time: 1.43s
  QPS: 7005.64

============================================================
PostgreSQL Benchmark: products - SELECT (batch: 10000)
============================================================

Trial 1/3:
  Running 10000 queries...
  ✓ Time: 2.73s (0.27 ms/query)
  ✓ QPS: 3658.89

Trial 2/3:
  Running 10000 queries...
  ✓ Time: 2.85s (0.29 ms/query)
  ✓ QPS: 3506.04

Trial 3/3:
  Running 10000 queries...
  ✓ Time: 2.77s (0.28 ms/query)
  ✓ QPS: 3615.34

📊 Average Results:
  Time: 2.78s
  QPS: 3593.42

============================================================
PostgreSQL Benchmark: addresses - SELECT (batch: 10000)
============================================================

Trial 1/3:
  Running 10000 queries...
  ✓ Time: 3.29s (0.33 ms/query)
  ✓ QPS: 3041.02

Trial 2/3:
  Running 10000 queries...
  ✓ Time: 3.22s (0.32 ms/query)
  ✓ QPS: 3108.79

Trial 3/3:
  Running 10000 queries...
  ✓ Time: 3.22s (0.32 ms/query)
  ✓ QPS: 3106.54

📊 Average Results:
  Time: 3.24s
  QPS: 3085.45

============================================================
PostgreSQL Benchmark: orders - SELECT (batch: 10000)
============================================================

Trial 1/3:
  Running 10000 queries...
  ✓ Time: 2.32s (0.23 ms/query)
  ✓ QPS: 4306.08

Trial 2/3:
  Running 10000 queries...
  ✓ Time: 2.48s (0.25 ms/query)
  ✓ QPS: 4029.79

Trial 3/3:
  Running 10000 queries...
  ✓ Time: 2.57s (0.26 ms/query)
  ✓ QPS: 3889.22

📊 Average Results:
  Time: 2.46s
  QPS: 4075.03

============================================================
PostgreSQL Benchmark: users - INSERT (batch: 10000)
============================================================

Trial 1/3:
  Running 10000 queries...
  ✓ Time: 1.37s (0.14 ms/query)
  ✓ QPS: 7301.43

Trial 2/3:
  Running 10000 queries...
  ✓ Time: 1.34s (0.13 ms/query)
  ✓ QPS: 7439.37

Trial 3/3:
  Running 10000 queries...
  ✓ Time: 1.39s (0.14 ms/query)
  ✓ QPS: 7173.89

📊 Average Results:
  Time: 1.37s
  QPS: 7304.90

============================================================
PostgreSQL Benchmark: categories - INSERT (batch: 10000)
============================================================

Trial 1/3:
  Running 10000 queries...
  ✓ Time: 1.31s (0.13 ms/query)
  ✓ QPS: 7643.96

Trial 2/3:
  Running 10000 queries...
  ✓ Time: 1.39s (0.14 ms/query)
  ✓ QPS: 7188.66

Trial 3/3:
  Running 10000 queries...
  ✓ Time: 1.33s (0.13 ms/query)
  ✓ QPS: 7516.76

📊 Average Results:
  Time: 1.34s
  QPS: 7449.79

============================================================
PostgreSQL Benchmark: products - INSERT (batch: 10000)
============================================================

Trial 1/3:
  Running 10000 queries...
  ✓ Time: 1.32s (0.13 ms/query)
  ✓ QPS: 7584.08

Trial 2/3:
  Running 10000 queries...
  ✓ Time: 1.38s (0.14 ms/query)
  ✓ QPS: 7233.94

Trial 3/3:
  Running 10000 queries...
  ✓ Time: 1.34s (0.13 ms/query)
  ✓ QPS: 7479.21

📊 Average Results:
  Time: 1.35s
  QPS: 7432.41

============================================================
PostgreSQL Benchmark: addresses - INSERT (batch: 10000)
============================================================

Trial 1/3:
  Running 10000 queries...
  ✓ Time: 1.36s (0.14 ms/query)
  ✓ QPS: 7378.54

Trial 2/3:
  Running 10000 queries...
  ✓ Time: 1.32s (0.13 ms/query)
  ✓ QPS: 7571.88

Trial 3/3:
  Running 10000 queries...
  ✓ Time: 1.42s (0.14 ms/query)
  ✓ QPS: 7050.91

📊 Average Results:
  Time: 1.36s
  QPS: 7333.78

============================================================
PostgreSQL Benchmark: orders - INSERT (batch: 10000)
============================================================

Trial 1/3:
  Running 10000 queries...
  ✓ Time: 1.29s (0.13 ms/query)
  ✓ QPS: 7734.81

Trial 2/3:
  Running 10000 queries...
  ✓ Time: 1.34s (0.13 ms/query)
  ✓ QPS: 7445.78

Trial 3/3:
  Running 10000 queries...
  ✓ Time: 1.38s (0.14 ms/query)
  ✓ QPS: 7255.81

📊 Average Results:
  Time: 1.34s
  QPS: 7478.80

============================================================
PostgreSQL Benchmark: users - UPDATE (batch: 10000)
============================================================

Trial 1/3:
  Running 10000 queries...
  Warning: Query 2 failed: pq: duplicate key value violates unique constraint "users_email_key"
  Warning: Query 3 failed: pq: duplicate key value violates unique constraint "users_email_key"
  ✓ Time: 1.77s (0.18 ms/query)
  ✓ QPS: 5651.39

Trial 2/3:
  Running 10000 queries...
  Warning: Query 2 failed: pq: duplicate key value violates unique constraint "users_email_key"
  Warning: Query 3 failed: pq: duplicate key value violates unique constraint "users_email_key"
  ✓ Time: 1.79s (0.18 ms/query)
  ✓ QPS: 5577.72

Trial 3/3:
  Running 10000 queries...
  Warning: Query 2 failed: pq: duplicate key value violates unique constraint "users_email_key"
  Warning: Query 3 failed: pq: duplicate key value violates unique constraint "users_email_key"
  ✓ Time: 1.78s (0.18 ms/query)
  ✓ QPS: 5632.51

📊 Average Results:
  Time: 1.78s
  QPS: 5620.54

============================================================
PostgreSQL Benchmark: categories - UPDATE (batch: 10000)
============================================================

Trial 1/3:
  Running 10000 queries...
  ✓ Time: 1.83s (0.18 ms/query)
  ✓ QPS: 5471.98

Trial 2/3:
  Running 10000 queries...
  ✓ Time: 2.53s (0.25 ms/query)
  ✓ QPS: 3953.43

Trial 3/3:
  Running 10000 queries...
  ✓ Time: 2.67s (0.27 ms/query)
  ✓ QPS: 3739.91

📊 Average Results:
  Time: 2.34s
  QPS: 4388.44

============================================================
PostgreSQL Benchmark: products - UPDATE (batch: 10000)
============================================================

Trial 1/3:
  Running 10000 queries...
  ✓ Time: 2.40s (0.24 ms/query)
  ✓ QPS: 4174.48

Trial 2/3:
  Running 10000 queries...
  ✓ Time: 2.16s (0.22 ms/query)
  ✓ QPS: 4625.93

Trial 3/3:
  Running 10000 queries...
  ✓ Time: 2.58s (0.26 ms/query)
  ✓ QPS: 3873.75

📊 Average Results:
  Time: 2.38s
  QPS: 4224.72

============================================================
PostgreSQL Benchmark: addresses - UPDATE (batch: 10000)
============================================================

Trial 1/3:
  Running 10000 queries...
  ✓ Time: 2.04s (0.20 ms/query)
  ✓ QPS: 4893.56

Trial 2/3:
  Running 10000 queries...
  ✓ Time: 2.53s (0.25 ms/query)
  ✓ QPS: 3951.56

Trial 3/3:
  Running 10000 queries...
  ✓ Time: 2.58s (0.26 ms/query)
  ✓ QPS: 3880.55

📊 Average Results:
  Time: 2.38s
  QPS: 4241.89

============================================================
PostgreSQL Benchmark: orders - UPDATE (batch: 10000)
============================================================

Trial 1/3:
  Running 10000 queries...
  ✓ Time: 2.23s (0.22 ms/query)
  ✓ QPS: 4486.17

Trial 2/3:
  Running 10000 queries...
  ✓ Time: 2.30s (0.23 ms/query)
  ✓ QPS: 4343.30

Trial 3/3:
  Running 10000 queries...
  ✓ Time: 2.30s (0.23 ms/query)
  ✓ QPS: 4345.12

📊 Average Results:
  Time: 2.28s
  QPS: 4391.53

============================================================
PostgreSQL Benchmark: users - DELETE (batch: 10000)
============================================================

Trial 1/3:
  Running 10000 queries...
  ✓ Time: 2.33s (0.23 ms/query)
  ✓ QPS: 4287.60

Trial 2/3:
  Running 10000 queries...
  ✓ Time: 1.29s (0.13 ms/query)
  ✓ QPS: 7756.82

Trial 3/3:
  Running 10000 queries...
  ✓ Time: 1.31s (0.13 ms/query)
  ✓ QPS: 7643.04

📊 Average Results:
  Time: 1.64s
  QPS: 6562.49

============================================================
PostgreSQL Benchmark: categories - DELETE (batch: 10000)
============================================================

Trial 1/3:
  Running 10000 queries...
  ✓ Time: 1.31s (0.13 ms/query)
  ✓ QPS: 7610.46

Trial 2/3:
  Running 10000 queries...
  ✓ Time: 1.23s (0.12 ms/query)
  ✓ QPS: 8150.62

Trial 3/3:
  Running 10000 queries...
  ✓ Time: 1.33s (0.13 ms/query)
  ✓ QPS: 7504.93

📊 Average Results:
  Time: 1.29s
  QPS: 7755.34

============================================================
PostgreSQL Benchmark: products - DELETE (batch: 10000)
============================================================

Trial 1/3:
  Running 10000 queries...
  ✓ Time: 1.59s (0.16 ms/query)
  ✓ QPS: 6298.17

Trial 2/3:
  Running 10000 queries...
  ✓ Time: 1.31s (0.13 ms/query)
  ✓ QPS: 7632.51

Trial 3/3:
  Running 10000 queries...
  ✓ Time: 1.32s (0.13 ms/query)
  ✓ QPS: 7580.00

📊 Average Results:
  Time: 1.41s
  QPS: 7170.23

============================================================
PostgreSQL Benchmark: addresses - DELETE (batch: 10000)
============================================================

Trial 1/3:
  Running 10000 queries...
  ✓ Time: 1.90s (0.19 ms/query)
  ✓ QPS: 5252.96

Trial 2/3:
  Running 10000 queries...
  ✓ Time: 1.31s (0.13 ms/query)
  ✓ QPS: 7626.28

Trial 3/3:
  Running 10000 queries...
  ✓ Time: 1.27s (0.13 ms/query)
  ✓ QPS: 7851.02

📊 Average Results:
  Time: 1.50s
  QPS: 6910.08

============================================================
PostgreSQL Benchmark: orders - DELETE (batch: 10000)
============================================================

Trial 1/3:
  Running 10000 queries...
  ✓ Time: 1.65s (0.16 ms/query)
  ✓ QPS: 6074.58

Trial 2/3:
  Running 10000 queries...
  ✓ Time: 1.30s (0.13 ms/query)
  ✓ QPS: 7670.32

Trial 3/3:
  Running 10000 queries...
  ✓ Time: 1.34s (0.13 ms/query)
  ✓ QPS: 7448.09

📊 Average Results:
  Time: 1.43s
  QPS: 7064.33
✓ Indexes dropped

============================================================
Starting MongoDB Benchmarks
============================================================
✓ Connected to MongoDB

▶ MongoDB @ scale=500000
✓ MongoDB collections dropped
  ✓ Populated users with 500000 docs
  ✓ Populated products with 100000 docs
  ✓ Populated categories with 200 docs
  ✓ Populated orders with 500000 docs
✓ MongoDB indexes created

============================================================
MongoDB Benchmark: users - FIND (batch: 10000)
============================================================

Trial 1/3:
  Running 10000 queries...
  ✓ Time: 2.75s (0.28 ms/query)
  ✓ QPS: 3635.38

Trial 2/3:
  Running 10000 queries...
  ✓ Time: 2.75s (0.28 ms/query)
  ✓ QPS: 3632.66

Trial 3/3:
  Running 10000 queries...
  ✓ Time: 2.74s (0.27 ms/query)
  ✓ QPS: 3653.38

📊 Average Results:
  Time: 2.75s
  QPS: 3640.47

============================================================
MongoDB Benchmark: categories - FIND (batch: 10000)
============================================================

Trial 1/3:
  Running 10000 queries...
  ✓ Time: 1.69s (0.17 ms/query)
  ✓ QPS: 5900.28

Trial 2/3:
  Running 10000 queries...
  ✓ Time: 1.62s (0.16 ms/query)
  ✓ QPS: 6182.75

Trial 3/3:
  Running 10000 queries...
  ✓ Time: 1.62s (0.16 ms/query)
  ✓ QPS: 6180.80

📊 Average Results:
  Time: 1.64s
  QPS: 6087.94

============================================================
MongoDB Benchmark: products - FIND (batch: 10000)
============================================================

Trial 1/3:
  Running 10000 queries...
  ✓ Time: 2.68s (0.27 ms/query)
  ✓ QPS: 3732.77

Trial 2/3:
  Running 10000 queries...
  ✓ Time: 2.78s (0.28 ms/query)
  ✓ QPS: 3597.33

Trial 3/3:
  Running 10000 queries...
  ✓ Time: 2.74s (0.27 ms/query)
  ✓ QPS: 3656.15

📊 Average Results:
  Time: 2.73s
  QPS: 3662.08

============================================================
MongoDB Benchmark: users - INSERTONE (batch: 10000)
============================================================

Trial 1/3:
  Running 10000 queries...
  ✓ Time: 1.55s (0.16 ms/query)
  ✓ QPS: 6434.76

Trial 2/3:
  Running 10000 queries...
  ✓ Time: 1.54s (0.15 ms/query)
  ✓ QPS: 6484.34

Trial 3/3:
  Running 10000 queries...
  ✓ Time: 1.56s (0.16 ms/query)
  ✓ QPS: 6422.50

📊 Average Results:
  Time: 1.55s
  QPS: 6447.20

============================================================
MongoDB Benchmark: categories - INSERTONE (batch: 10000)
============================================================

Trial 1/3:
  Running 10000 queries...
  ✓ Time: 1.56s (0.16 ms/query)
  ✓ QPS: 6400.04

Trial 2/3:
  Running 10000 queries...
  ✓ Time: 1.54s (0.15 ms/query)
  ✓ QPS: 6498.69

Trial 3/3:
  Running 10000 queries...
  ✓ Time: 1.54s (0.15 ms/query)
  ✓ QPS: 6496.43

📊 Average Results:
  Time: 1.55s
  QPS: 6465.06

============================================================
MongoDB Benchmark: products - INSERTONE (batch: 10000)
============================================================

Trial 1/3:
  Running 10000 queries...
  ✓ Time: 1.54s (0.15 ms/query)
  ✓ QPS: 6476.33

Trial 2/3:
  Running 10000 queries...
  ✓ Time: 1.55s (0.15 ms/query)
  ✓ QPS: 6469.11

Trial 3/3:
  Running 10000 queries...
  ✓ Time: 1.52s (0.15 ms/query)
  ✓ QPS: 6570.18

📊 Average Results:
  Time: 1.54s
  QPS: 6505.21

============================================================
MongoDB Benchmark: users - UPDATEONE (batch: 10000)
============================================================

Trial 1/3:
  Running 10000 queries...
  ✓ Time: 883.60s (88.36 ms/query)
  ✓ QPS: 11.32

Trial 2/3:
  Running 10000 queries...
  ✓ Time: 882.29s (88.23 ms/query)
  ✓ QPS: 11.33

Trial 3/3:
  Running 10000 queries...
  ✓ Time: 882.12s (88.21 ms/query)
  ✓ QPS: 11.34

📊 Average Results:
  Time: 882.67s
  QPS: 11.33

============================================================
MongoDB Benchmark: categories - UPDATEONE (batch: 10000)
============================================================

Trial 1/3:
  Running 10000 queries...
  ✓ Time: 2.05s (0.20 ms/query)
  ✓ QPS: 4885.87

Trial 2/3:
  Running 10000 queries...
  ✓ Time: 2.02s (0.20 ms/query)
  ✓ QPS: 4948.20

Trial 3/3:
  Running 10000 queries...
  ✓ Time: 2.04s (0.20 ms/query)
  ✓ QPS: 4901.23

📊 Average Results:
  Time: 2.04s
  QPS: 4911.77

============================================================
MongoDB Benchmark: products - UPDATEONE (batch: 10000)
============================================================

Trial 1/3:
  Running 10000 queries...
  ✓ Time: 177.61s (17.76 ms/query)
  ✓ QPS: 56.30

Trial 2/3:
  Running 10000 queries...
  ✓ Time: 177.28s (17.73 ms/query)
  ✓ QPS: 56.41

Trial 3/3:
  Running 10000 queries...
  ✓ Time: 176.65s (17.66 ms/query)
  ✓ QPS: 56.61

📊 Average Results:
  Time: 177.18s
  QPS: 56.44

============================================================
MongoDB Benchmark: users - DELETEONE (batch: 10000)
============================================================

Trial 1/3:
  Running 10000 queries...
  ✓ Time: 896.32s (89.63 ms/query)
  ✓ QPS: 11.16

Trial 2/3:
  Running 10000 queries...
  ✓ Time: 917.65s (91.77 ms/query)
  ✓ QPS: 10.90

Trial 3/3:
  Running 10000 queries...
  ✓ Time: 914.20s (91.42 ms/query)
  ✓ QPS: 10.94

📊 Average Results:
  Time: 909.39s
  QPS: 11.00

============================================================
MongoDB Benchmark: categories - DELETEONE (batch: 10000)
============================================================

Trial 1/3:
  Running 10000 queries...
  ✓ Time: 2.25s (0.23 ms/query)
  ✓ QPS: 4435.97

Trial 2/3:
  Running 10000 queries...
  ✓ Time: 2.25s (0.22 ms/query)
  ✓ QPS: 4446.42

Trial 3/3:
  Running 10000 queries...
  ✓ Time: 2.28s (0.23 ms/query)
  ✓ QPS: 4394.73

📊 Average Results:
  Time: 2.26s
  QPS: 4425.71

============================================================
MongoDB Benchmark: products - DELETEONE (batch: 10000)
============================================================

Trial 1/3:
  Running 10000 queries...
  ✓ Time: 188.28s (18.83 ms/query)
  ✓ QPS: 53.11

Trial 2/3:
  Running 10000 queries...
  ✓ Time: 187.51s (18.75 ms/query)
  ✓ QPS: 53.33

Trial 3/3:
  Running 10000 queries...
  ✓ Time: 187.22s (18.72 ms/query)
  ✓ QPS: 53.41

📊 Average Results:
  Time: 187.67s
  QPS: 53.29

▶ MongoDB @ scale=1000000
✓ MongoDB collections dropped
  ✓ Populated users with 1000000 docs
  ✓ Populated products with 100000 docs
  ✓ Populated categories with 200 docs
  ✓ Populated orders with 1000000 docs
✓ MongoDB indexes created

============================================================
MongoDB Benchmark: users - FIND (batch: 10000)
============================================================

Trial 1/3:
  Running 10000 queries...
  ✓ Time: 2.73s (0.27 ms/query)
  ✓ QPS: 3660.45

Trial 2/3:
  Running 10000 queries...
  ✓ Time: 2.78s (0.28 ms/query)
  ✓ QPS: 3595.35

Trial 3/3:
  Running 10000 queries...
  ✓ Time: 2.76s (0.28 ms/query)
  ✓ QPS: 3625.58

📊 Average Results:
  Time: 2.76s
  QPS: 3627.12

============================================================
MongoDB Benchmark: categories - FIND (batch: 10000)
============================================================

Trial 1/3:
  Running 10000 queries...
  ✓ Time: 1.67s (0.17 ms/query)
  ✓ QPS: 5994.82

Trial 2/3:
  Running 10000 queries...
  ✓ Time: 1.71s (0.17 ms/query)
  ✓ QPS: 5851.96

Trial 3/3:
  Running 10000 queries...
  ✓ Time: 1.67s (0.17 ms/query)
  ✓ QPS: 5980.60

📊 Average Results:
  Time: 1.68s
  QPS: 5942.46

============================================================
MongoDB Benchmark: products - FIND (batch: 10000)
============================================================

Trial 1/3:
  Running 10000 queries...
  ✓ Time: 2.72s (0.27 ms/query)
  ✓ QPS: 3681.36

Trial 2/3:
  Running 10000 queries...
  ✓ Time: 2.82s (0.28 ms/query)
  ✓ QPS: 3550.68

Trial 3/3:
  Running 10000 queries...
  ✓ Time: 2.77s (0.28 ms/query)
  ✓ QPS: 3613.84

📊 Average Results:
  Time: 2.77s
  QPS: 3615.30

============================================================
MongoDB Benchmark: users - INSERTONE (batch: 10000)
============================================================

Trial 1/3:
  Running 10000 queries...
  ✓ Time: 1.56s (0.16 ms/query)
  ✓ QPS: 6391.84

Trial 2/3:
  Running 10000 queries...
  ✓ Time: 1.57s (0.16 ms/query)
  ✓ QPS: 6372.70

Trial 3/3:
  Running 10000 queries...
  ✓ Time: 1.55s (0.15 ms/query)
  ✓ QPS: 6464.08

📊 Average Results:
  Time: 1.56s
  QPS: 6409.54

============================================================
MongoDB Benchmark: categories - INSERTONE (batch: 10000)
============================================================

Trial 1/3:
  Running 10000 queries...
  ✓ Time: 1.56s (0.16 ms/query)
  ✓ QPS: 6409.31

Trial 2/3:
  Running 10000 queries...
  ✓ Time: 1.58s (0.16 ms/query)
  ✓ QPS: 6316.85

Trial 3/3:
  Running 10000 queries...
  ✓ Time: 1.51s (0.15 ms/query)
  ✓ QPS: 6615.03

📊 Average Results:
  Time: 1.55s
  QPS: 6447.06

============================================================
MongoDB Benchmark: products - INSERTONE (batch: 10000)
============================================================

Trial 1/3:
  Running 10000 queries...
  ✓ Time: 1.56s (0.16 ms/query)
  ✓ QPS: 6414.96

Trial 2/3:
  Running 10000 queries...
  ✓ Time: 1.56s (0.16 ms/query)
  ✓ QPS: 6426.11

Trial 3/3:
  Running 10000 queries...
  ✓ Time: 1.57s (0.16 ms/query)
  ✓ QPS: 6368.17

📊 Average Results:
  Time: 1.56s
  QPS: 6403.08

============================================================
MongoDB Benchmark: users - UPDATEONE (batch: 10000)
============================================================

Trial 1/3:
  Running 10000 queries...
  ✓ Time: 1929.91s (192.99 ms/query)
  ✓ QPS: 5.18

Trial 2/3:
  Running 10000 queries...
  ✓ Time: 1932.34s (193.23 ms/query)
  ✓ QPS: 5.18

Trial 3/3:
  Running 10000 queries...
  ✓ Time: 1897.28s (189.73 ms/query)
  ✓ QPS: 5.27

📊 Average Results:
  Time: 1919.84s
  QPS: 5.21

============================================================
MongoDB Benchmark: categories - UPDATEONE (batch: 10000)
============================================================

Trial 1/3:
  Running 10000 queries...
  ✓ Time: 2.08s (0.21 ms/query)
  ✓ QPS: 4811.39

Trial 2/3:
  Running 10000 queries...
  ✓ Time: 1.98s (0.20 ms/query)
  ✓ QPS: 5045.48

Trial 3/3:
  Running 10000 queries...
  ✓ Time: 2.04s (0.20 ms/query)
  ✓ QPS: 4891.45

📊 Average Results:
  Time: 2.03s
  QPS: 4916.11

============================================================
MongoDB Benchmark: products - UPDATEONE (batch: 10000)
============================================================

Trial 1/3:
  Running 10000 queries...
  ✓ Time: 185.60s (18.56 ms/query)
  ✓ QPS: 53.88

Trial 2/3:
  Running 10000 queries...
  ✓ Time: 185.84s (18.58 ms/query)
  ✓ QPS: 53.81

Trial 3/3:
  Running 10000 queries...
  ✓ Time: 186.72s (18.67 ms/query)
  ✓ QPS: 53.56

📊 Average Results:
  Time: 186.06s
  QPS: 53.75

============================================================
MongoDB Benchmark: users - DELETEONE (batch: 10000)
============================================================

Trial 1/3:
  Running 10000 queries...
  ✓ Time: 1934.04s (193.40 ms/query)
  ✓ QPS: 5.17

Trial 2/3:
  Running 10000 queries...
  ✓ Time: 1956.36s (195.64 ms/query)
  ✓ QPS: 5.11

Trial 3/3:
  Running 10000 queries...
  ✓ Time: 1966.78s (196.68 ms/query)
  ✓ QPS: 5.08

📊 Average Results:
  Time: 1952.39s
  QPS: 5.12

============================================================
MongoDB Benchmark: categories - DELETEONE (batch: 10000)
============================================================

Trial 1/3:
  Running 10000 queries...
  ✓ Time: 2.29s (0.23 ms/query)
  ✓ QPS: 4364.54

Trial 2/3:
  Running 10000 queries...
  ✓ Time: 2.37s (0.24 ms/query)
  ✓ QPS: 4223.45

Trial 3/3:
  Running 10000 queries...
  ✓ Time: 2.52s (0.25 ms/query)
  ✓ QPS: 3968.38

📊 Average Results:
  Time: 2.39s
  QPS: 4185.46

============================================================
MongoDB Benchmark: products - DELETEONE (batch: 10000)
============================================================

Trial 1/3:
  Running 10000 queries...
  ✓ Time: 192.44s (19.24 ms/query)
  ✓ QPS: 51.96

Trial 2/3:
  Running 10000 queries...
  ✓ Time: 191.13s (19.11 ms/query)
  ✓ QPS: 52.32

Trial 3/3:
  Running 10000 queries...
  ✓ Time: 192.70s (19.27 ms/query)
  ✓ QPS: 51.89

📊 Average Results:
  Time: 192.09s
  QPS: 52.06

▶ MongoDB @ scale=10000000
✓ MongoDB collections dropped
  ✓ Populated users with 10000000 docs
  ✓ Populated products with 100000 docs
  ✓ Populated categories with 200 docs
  ✓ Populated orders with 10000000 docs
✓ MongoDB indexes created

============================================================
MongoDB Benchmark: users - FIND (batch: 10000)
============================================================

Trial 1/3:
  Running 10000 queries...
  ✓ Time: 2.81s (0.28 ms/query)
  ✓ QPS: 3561.15

Trial 2/3:
  Running 10000 queries...
  ✓ Time: 2.79s (0.28 ms/query)
  ✓ QPS: 3586.65

Trial 3/3:
  Running 10000 queries...
  ✓ Time: 2.78s (0.28 ms/query)
  ✓ QPS: 3602.87

📊 Average Results:
  Time: 2.79s
  QPS: 3583.56

============================================================
MongoDB Benchmark: categories - FIND (batch: 10000)
============================================================

Trial 1/3:
  Running 10000 queries...
  ✓ Time: 1.63s (0.16 ms/query)
  ✓ QPS: 6138.44

Trial 2/3:
  Running 10000 queries...
  ✓ Time: 1.58s (0.16 ms/query)
  ✓ QPS: 6314.18

Trial 3/3:
  Running 10000 queries...
  ✓ Time: 1.72s (0.17 ms/query)
  ✓ QPS: 5829.36

📊 Average Results:
  Time: 1.64s
  QPS: 6093.99

============================================================
MongoDB Benchmark: products - FIND (batch: 10000)
============================================================

Trial 1/3:
  Running 10000 queries...
  ✓ Time: 2.75s (0.27 ms/query)
  ✓ QPS: 3642.70

Trial 2/3:
  Running 10000 queries...
  ✓ Time: 2.86s (0.29 ms/query)
  ✓ QPS: 3496.25

Trial 3/3:
  Running 10000 queries...
  ✓ Time: 2.85s (0.28 ms/query)
  ✓ QPS: 3511.05

📊 Average Results:
  Time: 2.82s
  QPS: 3550.00

============================================================
MongoDB Benchmark: users - INSERTONE (batch: 10000)
============================================================

Trial 1/3:
  Running 10000 queries...
  ✓ Time: 1.58s (0.16 ms/query)
  ✓ QPS: 6347.75

Trial 2/3:
  Running 10000 queries...
  ✓ Time: 1.62s (0.16 ms/query)
  ✓ QPS: 6168.85

Trial 3/3:
  Running 10000 queries...
  ✓ Time: 1.62s (0.16 ms/query)
  ✓ QPS: 6160.94

📊 Average Results:
  Time: 1.61s
  QPS: 6225.85

============================================================
MongoDB Benchmark: categories - INSERTONE (batch: 10000)
============================================================

Trial 1/3:
  Running 10000 queries...
  ✓ Time: 1.59s (0.16 ms/query)
  ✓ QPS: 6274.16

Trial 2/3:
  Running 10000 queries...
  ✓ Time: 1.59s (0.16 ms/query)
  ✓ QPS: 6285.59

Trial 3/3:
  Running 10000 queries...
  ✓ Time: 1.59s (0.16 ms/query)
  ✓ QPS: 6275.02

📊 Average Results:
  Time: 1.59s
  QPS: 6278.26

============================================================
MongoDB Benchmark: products - INSERTONE (batch: 10000)
============================================================

Trial 1/3:
  Running 10000 queries...
  ✓ Time: 1.60s (0.16 ms/query)
  ✓ QPS: 6250.43

Trial 2/3:
  Running 10000 queries...
  ✓ Time: 1.57s (0.16 ms/query)
  ✓ QPS: 6377.01

Trial 3/3:
  Running 10000 queries...
  ✓ Time: 1.59s (0.16 ms/query)
  ✓ QPS: 6304.03

📊 Average Results:
  Time: 1.58s
  QPS: 6310.49

============================================================
MongoDB Benchmark: users - UPDATEONE (batch: 10000)
============================================================

Trial 1/3:
  Running 10000 queries...
