╔═══════════════════════════════════════════════════════════════╗
║          Full Benchmark Experiment — 20260524_015716             ║
╚═══════════════════════════════════════════════════════════════╝
  Trials:                  3
  Batch (Phase B/fast):    10000
  Batch (Phase A/no-idx):  1000
  Scales override:         (default 500k/1M/10M)
  Database target:         all
  Skip generation:         0
  Skip reset:              0
  Skip notebook:           0
  Log file:                logs/run_20260524_015716.log

Data scales: 500_000, 1_000_000, 10_000_000  (per src/cmd/run_benchmarks/main.go)
Phase A (no indexes) runs only at the smallest scale. Phase B (with
indexes) runs at every scale. With tuned MySQL/Postgres buffers, expected
runtime is ~3–5 hours.


[1m[1;33m▶ Step 1/6 — Reset Docker containers (volumes wiped)[0m

time="2026-05-24T01:57:16+02:00" level=warning msg="/Users/kacperko/University/zaawansowane-technologie-baz-danych/docker-compose.yml: the attribute `version` is obsolete, it will be ignored, please remove it to avoid potential confusion"
 Container bench-mysql  Stopping
 Container bench-mongo  Stopping
 Container bench-postgres  Stopping
 Container bench-redis  Stopping
 Container bench-mongo  Stopped
 Container bench-mongo  Removing
 Container bench-mongo  Removed
 Container bench-postgres  Stopped
 Container bench-postgres  Removing
 Container bench-postgres  Removed
 Container bench-redis  Stopped
 Container bench-redis  Removing
 Container bench-redis  Removed
 Container bench-mysql  Stopped
 Container bench-mysql  Removing
 Container bench-mysql  Removed
 Volume zaawansowane-technologie-baz-danych_postgres_data  Removing
 Volume zaawansowane-technologie-baz-danych_mongo_data  Removing
 Volume zaawansowane-technologie-baz-danych_mysql_data  Removing
 Volume zaawansowane-technologie-baz-danych_redis_data  Removing
 Network zaawansowane-technologie-baz-danych_default  Removing
 Volume zaawansowane-technologie-baz-danych_postgres_data  Removed
 Volume zaawansowane-technologie-baz-danych_mongo_data  Removed
 Volume zaawansowane-technologie-baz-danych_mysql_data  Removed
 Volume zaawansowane-technologie-baz-danych_redis_data  Removed
 Network zaawansowane-technologie-baz-danych_default  Removed
time="2026-05-24T01:57:18+02:00" level=warning msg="/Users/kacperko/University/zaawansowane-technologie-baz-danych/docker-compose.yml: the attribute `version` is obsolete, it will be ignored, please remove it to avoid potential confusion"
 Network zaawansowane-technologie-baz-danych_default  Creating
 Network zaawansowane-technologie-baz-danych_default  Created
 Volume zaawansowane-technologie-baz-danych_mongo_data  Creating
 Volume zaawansowane-technologie-baz-danych_mongo_data  Created
 Volume zaawansowane-technologie-baz-danych_redis_data  Creating
 Volume zaawansowane-technologie-baz-danych_redis_data  Created
 Volume zaawansowane-technologie-baz-danych_mysql_data  Creating
 Volume zaawansowane-technologie-baz-danych_mysql_data  Created
 Volume zaawansowane-technologie-baz-danych_postgres_data  Creating
 Volume zaawansowane-technologie-baz-danych_postgres_data  Created
 Container bench-mongo  Creating
 Container bench-redis  Creating
 Container bench-mysql  Creating
 Container bench-postgres  Creating
 Container bench-mongo  Created
 Container bench-redis  Created
 Container bench-mysql  Created
 Container bench-postgres  Created
 Container bench-mysql  Starting
 Container bench-postgres  Starting
 Container bench-mongo  Starting
 Container bench-redis  Starting
 Container bench-mongo  Started
 Container bench-redis  Started
 Container bench-postgres  Started
 Container bench-mysql  Started

[1m[1;33m▶ Step 2/6 — Waiting for databases to become ready[0m

  waiting (1/60): mysql=0 pg=0 mongo=1 redis=1
  waiting (2/60): mysql=0 pg=1 mongo=1 redis=1
[0;32m✓ All four databases reachable.[0m

[1m[1;33m▶ Step 3/6 — Regenerate query files (this is slow at 10M scale)[0m

Starting benchmark data generation...

--- category SQL inserts ---

--- category Mongo inserts ---

--- category Redis sets ---

--- category SQL selects ---

--- category SQL updates ---

--- category SQL deletes ---

--- category Mongo finds ---

--- category Mongo updates ---

--- category Mongo deletes ---

--- category Redis updates ---

--- category Redis deletes ---

--- category Redis gets ---

--- user SQL inserts ---
  100000 / 10000000 user SQL inserts
  200000 / 10000000 user SQL inserts
  300000 / 10000000 user SQL inserts
  400000 / 10000000 user SQL inserts
  500000 / 10000000 user SQL inserts
  600000 / 10000000 user SQL inserts
  700000 / 10000000 user SQL inserts
  800000 / 10000000 user SQL inserts
  900000 / 10000000 user SQL inserts
  1000000 / 10000000 user SQL inserts
  1100000 / 10000000 user SQL inserts
  1200000 / 10000000 user SQL inserts
  1300000 / 10000000 user SQL inserts
  1400000 / 10000000 user SQL inserts
  1500000 / 10000000 user SQL inserts
  1600000 / 10000000 user SQL inserts
  1700000 / 10000000 user SQL inserts
  1800000 / 10000000 user SQL inserts
  1900000 / 10000000 user SQL inserts
  2000000 / 10000000 user SQL inserts
  2100000 / 10000000 user SQL inserts
  2200000 / 10000000 user SQL inserts
  2300000 / 10000000 user SQL inserts
  2400000 / 10000000 user SQL inserts
  2500000 / 10000000 user SQL inserts
  2600000 / 10000000 user SQL inserts
  2700000 / 10000000 user SQL inserts
  2800000 / 10000000 user SQL inserts
  2900000 / 10000000 user SQL inserts
  3000000 / 10000000 user SQL inserts
  3100000 / 10000000 user SQL inserts
  3200000 / 10000000 user SQL inserts
  3300000 / 10000000 user SQL inserts
  3400000 / 10000000 user SQL inserts
  3500000 / 10000000 user SQL inserts
  3600000 / 10000000 user SQL inserts
  3700000 / 10000000 user SQL inserts
  3800000 / 10000000 user SQL inserts
  3900000 / 10000000 user SQL inserts
  4000000 / 10000000 user SQL inserts
  4100000 / 10000000 user SQL inserts
  4200000 / 10000000 user SQL inserts
  4300000 / 10000000 user SQL inserts
  4400000 / 10000000 user SQL inserts
  4500000 / 10000000 user SQL inserts
  4600000 / 10000000 user SQL inserts
  4700000 / 10000000 user SQL inserts
  4800000 / 10000000 user SQL inserts
  4900000 / 10000000 user SQL inserts
  5000000 / 10000000 user SQL inserts
  5100000 / 10000000 user SQL inserts
  5200000 / 10000000 user SQL inserts
  5300000 / 10000000 user SQL inserts
  5400000 / 10000000 user SQL inserts
  5500000 / 10000000 user SQL inserts
  5600000 / 10000000 user SQL inserts
  5700000 / 10000000 user SQL inserts
  5800000 / 10000000 user SQL inserts
  5900000 / 10000000 user SQL inserts
  6000000 / 10000000 user SQL inserts
  6100000 / 10000000 user SQL inserts
  6200000 / 10000000 user SQL inserts
  6300000 / 10000000 user SQL inserts
  6400000 / 10000000 user SQL inserts
  6500000 / 10000000 user SQL inserts
  6600000 / 10000000 user SQL inserts
  6700000 / 10000000 user SQL inserts
  6800000 / 10000000 user SQL inserts
  6900000 / 10000000 user SQL inserts
  7000000 / 10000000 user SQL inserts
  7100000 / 10000000 user SQL inserts
  7200000 / 10000000 user SQL inserts
  7300000 / 10000000 user SQL inserts
  7400000 / 10000000 user SQL inserts
  7500000 / 10000000 user SQL inserts
  7600000 / 10000000 user SQL inserts
  7700000 / 10000000 user SQL inserts
  7800000 / 10000000 user SQL inserts
  7900000 / 10000000 user SQL inserts
  8000000 / 10000000 user SQL inserts
  8100000 / 10000000 user SQL inserts
  8200000 / 10000000 user SQL inserts
  8300000 / 10000000 user SQL inserts
  8400000 / 10000000 user SQL inserts
  8500000 / 10000000 user SQL inserts
  8600000 / 10000000 user SQL inserts
  8700000 / 10000000 user SQL inserts
  8800000 / 10000000 user SQL inserts
  8900000 / 10000000 user SQL inserts
  9000000 / 10000000 user SQL inserts
  9100000 / 10000000 user SQL inserts
  9200000 / 10000000 user SQL inserts
  9300000 / 10000000 user SQL inserts
  9400000 / 10000000 user SQL inserts
  9500000 / 10000000 user SQL inserts
  9600000 / 10000000 user SQL inserts
  9700000 / 10000000 user SQL inserts
  9800000 / 10000000 user SQL inserts
  9900000 / 10000000 user SQL inserts
  10000000 / 10000000 user SQL inserts

--- user SQL selects ---
  100000 / 10000000 user SQL selects
  200000 / 10000000 user SQL selects
  300000 / 10000000 user SQL selects
  400000 / 10000000 user SQL selects
  500000 / 10000000 user SQL selects
  600000 / 10000000 user SQL selects
  700000 / 10000000 user SQL selects
  800000 / 10000000 user SQL selects
  900000 / 10000000 user SQL selects
  1000000 / 10000000 user SQL selects
  1100000 / 10000000 user SQL selects
  1200000 / 10000000 user SQL selects
  1300000 / 10000000 user SQL selects
  1400000 / 10000000 user SQL selects
  1500000 / 10000000 user SQL selects
  1600000 / 10000000 user SQL selects
  1700000 / 10000000 user SQL selects
  1800000 / 10000000 user SQL selects
  1900000 / 10000000 user SQL selects
  2000000 / 10000000 user SQL selects
  2100000 / 10000000 user SQL selects
  2200000 / 10000000 user SQL selects
  2300000 / 10000000 user SQL selects
  2400000 / 10000000 user SQL selects
  2500000 / 10000000 user SQL selects
  2600000 / 10000000 user SQL selects
  2700000 / 10000000 user SQL selects
  2800000 / 10000000 user SQL selects
  2900000 / 10000000 user SQL selects
  3000000 / 10000000 user SQL selects
  3100000 / 10000000 user SQL selects
  3200000 / 10000000 user SQL selects
  3300000 / 10000000 user SQL selects
  3400000 / 10000000 user SQL selects
  3500000 / 10000000 user SQL selects
  3600000 / 10000000 user SQL selects
  3700000 / 10000000 user SQL selects
  3800000 / 10000000 user SQL selects
  3900000 / 10000000 user SQL selects
  4000000 / 10000000 user SQL selects
  4100000 / 10000000 user SQL selects
  4200000 / 10000000 user SQL selects
  4300000 / 10000000 user SQL selects
  4400000 / 10000000 user SQL selects
  4500000 / 10000000 user SQL selects
  4600000 / 10000000 user SQL selects
  4700000 / 10000000 user SQL selects
  4800000 / 10000000 user SQL selects
  4900000 / 10000000 user SQL selects
  5000000 / 10000000 user SQL selects
  5100000 / 10000000 user SQL selects
  5200000 / 10000000 user SQL selects
  5300000 / 10000000 user SQL selects
  5400000 / 10000000 user SQL selects
  5500000 / 10000000 user SQL selects
  5600000 / 10000000 user SQL selects
  5700000 / 10000000 user SQL selects
  5800000 / 10000000 user SQL selects
  5900000 / 10000000 user SQL selects
  6000000 / 10000000 user SQL selects
  6100000 / 10000000 user SQL selects
  6200000 / 10000000 user SQL selects
  6300000 / 10000000 user SQL selects
  6400000 / 10000000 user SQL selects
  6500000 / 10000000 user SQL selects
  6600000 / 10000000 user SQL selects
  6700000 / 10000000 user SQL selects
  6800000 / 10000000 user SQL selects
  6900000 / 10000000 user SQL selects
  7000000 / 10000000 user SQL selects
  7100000 / 10000000 user SQL selects
  7200000 / 10000000 user SQL selects
  7300000 / 10000000 user SQL selects
  7400000 / 10000000 user SQL selects
  7500000 / 10000000 user SQL selects
  7600000 / 10000000 user SQL selects
  7700000 / 10000000 user SQL selects
  7800000 / 10000000 user SQL selects
  7900000 / 10000000 user SQL selects
  8000000 / 10000000 user SQL selects
  8100000 / 10000000 user SQL selects
  8200000 / 10000000 user SQL selects
  8300000 / 10000000 user SQL selects
  8400000 / 10000000 user SQL selects
  8500000 / 10000000 user SQL selects
  8600000 / 10000000 user SQL selects
  8700000 / 10000000 user SQL selects
  8800000 / 10000000 user SQL selects
  8900000 / 10000000 user SQL selects
  9000000 / 10000000 user SQL selects
  9100000 / 10000000 user SQL selects
  9200000 / 10000000 user SQL selects
  9300000 / 10000000 user SQL selects
  9400000 / 10000000 user SQL selects
  9500000 / 10000000 user SQL selects
  9600000 / 10000000 user SQL selects
  9700000 / 10000000 user SQL selects
  9800000 / 10000000 user SQL selects
  9900000 / 10000000 user SQL selects
  10000000 / 10000000 user SQL selects

--- user SQL updates ---
  100000 / 10000000 user SQL updates
  200000 / 10000000 user SQL updates
  300000 / 10000000 user SQL updates
  400000 / 10000000 user SQL updates
  500000 / 10000000 user SQL updates
  600000 / 10000000 user SQL updates
  700000 / 10000000 user SQL updates
  800000 / 10000000 user SQL updates
  900000 / 10000000 user SQL updates
  1000000 / 10000000 user SQL updates
  1100000 / 10000000 user SQL updates
  1200000 / 10000000 user SQL updates
  1300000 / 10000000 user SQL updates
  1400000 / 10000000 user SQL updates
  1500000 / 10000000 user SQL updates
  1600000 / 10000000 user SQL updates
  1700000 / 10000000 user SQL updates
  1800000 / 10000000 user SQL updates
  1900000 / 10000000 user SQL updates
  2000000 / 10000000 user SQL updates
  2100000 / 10000000 user SQL updates
  2200000 / 10000000 user SQL updates
  2300000 / 10000000 user SQL updates
  2400000 / 10000000 user SQL updates
  2500000 / 10000000 user SQL updates
  2600000 / 10000000 user SQL updates
  2700000 / 10000000 user SQL updates
  2800000 / 10000000 user SQL updates
  2900000 / 10000000 user SQL updates
  3000000 / 10000000 user SQL updates
  3100000 / 10000000 user SQL updates
  3200000 / 10000000 user SQL updates
  3300000 / 10000000 user SQL updates
  3400000 / 10000000 user SQL updates
  3500000 / 10000000 user SQL updates
  3600000 / 10000000 user SQL updates
  3700000 / 10000000 user SQL updates
  3800000 / 10000000 user SQL updates
  3900000 / 10000000 user SQL updates
  4000000 / 10000000 user SQL updates
  4100000 / 10000000 user SQL updates
  4200000 / 10000000 user SQL updates
  4300000 / 10000000 user SQL updates
  4400000 / 10000000 user SQL updates
  4500000 / 10000000 user SQL updates
  4600000 / 10000000 user SQL updates
  4700000 / 10000000 user SQL updates
  4800000 / 10000000 user SQL updates
  4900000 / 10000000 user SQL updates
  5000000 / 10000000 user SQL updates
  5100000 / 10000000 user SQL updates
  5200000 / 10000000 user SQL updates
  5300000 / 10000000 user SQL updates
  5400000 / 10000000 user SQL updates
  5500000 / 10000000 user SQL updates
  5600000 / 10000000 user SQL updates
  5700000 / 10000000 user SQL updates
  5800000 / 10000000 user SQL updates
  5900000 / 10000000 user SQL updates
  6000000 / 10000000 user SQL updates
  6100000 / 10000000 user SQL updates
  6200000 / 10000000 user SQL updates
  6300000 / 10000000 user SQL updates
  6400000 / 10000000 user SQL updates
  6500000 / 10000000 user SQL updates
  6600000 / 10000000 user SQL updates
  6700000 / 10000000 user SQL updates
  6800000 / 10000000 user SQL updates
  6900000 / 10000000 user SQL updates
  7000000 / 10000000 user SQL updates
  7100000 / 10000000 user SQL updates
  7200000 / 10000000 user SQL updates
  7300000 / 10000000 user SQL updates
  7400000 / 10000000 user SQL updates
  7500000 / 10000000 user SQL updates
  7600000 / 10000000 user SQL updates
  7700000 / 10000000 user SQL updates
  7800000 / 10000000 user SQL updates
  7900000 / 10000000 user SQL updates
  8000000 / 10000000 user SQL updates
  8100000 / 10000000 user SQL updates
  8200000 / 10000000 user SQL updates
  8300000 / 10000000 user SQL updates
  8400000 / 10000000 user SQL updates
  8500000 / 10000000 user SQL updates
  8600000 / 10000000 user SQL updates
  8700000 / 10000000 user SQL updates
  8800000 / 10000000 user SQL updates
  8900000 / 10000000 user SQL updates
  9000000 / 10000000 user SQL updates
  9100000 / 10000000 user SQL updates
  9200000 / 10000000 user SQL updates
  9300000 / 10000000 user SQL updates
  9400000 / 10000000 user SQL updates
  9500000 / 10000000 user SQL updates
  9600000 / 10000000 user SQL updates
  9700000 / 10000000 user SQL updates
  9800000 / 10000000 user SQL updates
  9900000 / 10000000 user SQL updates
  10000000 / 10000000 user SQL updates

--- user SQL deletes ---
  100000 / 10000000 user SQL deletes
  200000 / 10000000 user SQL deletes
  300000 / 10000000 user SQL deletes
  400000 / 10000000 user SQL deletes
  500000 / 10000000 user SQL deletes
  600000 / 10000000 user SQL deletes
  700000 / 10000000 user SQL deletes
  800000 / 10000000 user SQL deletes
  900000 / 10000000 user SQL deletes
  1000000 / 10000000 user SQL deletes
  1100000 / 10000000 user SQL deletes
  1200000 / 10000000 user SQL deletes
  1300000 / 10000000 user SQL deletes
  1400000 / 10000000 user SQL deletes
  1500000 / 10000000 user SQL deletes
  1600000 / 10000000 user SQL deletes
  1700000 / 10000000 user SQL deletes
  1800000 / 10000000 user SQL deletes
  1900000 / 10000000 user SQL deletes
  2000000 / 10000000 user SQL deletes
  2100000 / 10000000 user SQL deletes
  2200000 / 10000000 user SQL deletes
  2300000 / 10000000 user SQL deletes
  2400000 / 10000000 user SQL deletes
  2500000 / 10000000 user SQL deletes
  2600000 / 10000000 user SQL deletes
  2700000 / 10000000 user SQL deletes
  2800000 / 10000000 user SQL deletes
  2900000 / 10000000 user SQL deletes
  3000000 / 10000000 user SQL deletes
  3100000 / 10000000 user SQL deletes
  3200000 / 10000000 user SQL deletes
  3300000 / 10000000 user SQL deletes
  3400000 / 10000000 user SQL deletes
  3500000 / 10000000 user SQL deletes
  3600000 / 10000000 user SQL deletes
  3700000 / 10000000 user SQL deletes
  3800000 / 10000000 user SQL deletes
  3900000 / 10000000 user SQL deletes
  4000000 / 10000000 user SQL deletes
  4100000 / 10000000 user SQL deletes
  4200000 / 10000000 user SQL deletes
  4300000 / 10000000 user SQL deletes
  4400000 / 10000000 user SQL deletes
  4500000 / 10000000 user SQL deletes
  4600000 / 10000000 user SQL deletes
  4700000 / 10000000 user SQL deletes
  4800000 / 10000000 user SQL deletes
  4900000 / 10000000 user SQL deletes
  5000000 / 10000000 user SQL deletes
  5100000 / 10000000 user SQL deletes
  5200000 / 10000000 user SQL deletes
  5300000 / 10000000 user SQL deletes
  5400000 / 10000000 user SQL deletes
  5500000 / 10000000 user SQL deletes
  5600000 / 10000000 user SQL deletes
  5700000 / 10000000 user SQL deletes
  5800000 / 10000000 user SQL deletes
  5900000 / 10000000 user SQL deletes
  6000000 / 10000000 user SQL deletes
  6100000 / 10000000 user SQL deletes
  6200000 / 10000000 user SQL deletes
  6300000 / 10000000 user SQL deletes
  6400000 / 10000000 user SQL deletes
  6500000 / 10000000 user SQL deletes
  6600000 / 10000000 user SQL deletes
  6700000 / 10000000 user SQL deletes
  6800000 / 10000000 user SQL deletes
  6900000 / 10000000 user SQL deletes
  7000000 / 10000000 user SQL deletes
  7100000 / 10000000 user SQL deletes
  7200000 / 10000000 user SQL deletes
  7300000 / 10000000 user SQL deletes
  7400000 / 10000000 user SQL deletes
  7500000 / 10000000 user SQL deletes
  7600000 / 10000000 user SQL deletes
  7700000 / 10000000 user SQL deletes
  7800000 / 10000000 user SQL deletes
  7900000 / 10000000 user SQL deletes
  8000000 / 10000000 user SQL deletes
  8100000 / 10000000 user SQL deletes
  8200000 / 10000000 user SQL deletes
  8300000 / 10000000 user SQL deletes
  8400000 / 10000000 user SQL deletes
  8500000 / 10000000 user SQL deletes
  8600000 / 10000000 user SQL deletes
  8700000 / 10000000 user SQL deletes
  8800000 / 10000000 user SQL deletes
  8900000 / 10000000 user SQL deletes
  9000000 / 10000000 user SQL deletes
  9100000 / 10000000 user SQL deletes
  9200000 / 10000000 user SQL deletes
  9300000 / 10000000 user SQL deletes
  9400000 / 10000000 user SQL deletes
  9500000 / 10000000 user SQL deletes
  9600000 / 10000000 user SQL deletes
  9700000 / 10000000 user SQL deletes
  9800000 / 10000000 user SQL deletes
  9900000 / 10000000 user SQL deletes
  10000000 / 10000000 user SQL deletes

--- user Mongo inserts ---
  100000 / 10000000 user Mongo inserts
  200000 / 10000000 user Mongo inserts
  300000 / 10000000 user Mongo inserts
  400000 / 10000000 user Mongo inserts
  500000 / 10000000 user Mongo inserts
  600000 / 10000000 user Mongo inserts
  700000 / 10000000 user Mongo inserts
  800000 / 10000000 user Mongo inserts
  900000 / 10000000 user Mongo inserts
  1000000 / 10000000 user Mongo inserts
  1100000 / 10000000 user Mongo inserts
  1200000 / 10000000 user Mongo inserts
  1300000 / 10000000 user Mongo inserts
  1400000 / 10000000 user Mongo inserts
  1500000 / 10000000 user Mongo inserts
  1600000 / 10000000 user Mongo inserts
  1700000 / 10000000 user Mongo inserts
  1800000 / 10000000 user Mongo inserts
  1900000 / 10000000 user Mongo inserts
  2000000 / 10000000 user Mongo inserts
  2100000 / 10000000 user Mongo inserts
  2200000 / 10000000 user Mongo inserts
  2300000 / 10000000 user Mongo inserts
  2400000 / 10000000 user Mongo inserts
  2500000 / 10000000 user Mongo inserts
  2600000 / 10000000 user Mongo inserts
  2700000 / 10000000 user Mongo inserts
  2800000 / 10000000 user Mongo inserts
  2900000 / 10000000 user Mongo inserts
  3000000 / 10000000 user Mongo inserts
  3100000 / 10000000 user Mongo inserts
  3200000 / 10000000 user Mongo inserts
  3300000 / 10000000 user Mongo inserts
  3400000 / 10000000 user Mongo inserts
  3500000 / 10000000 user Mongo inserts
  3600000 / 10000000 user Mongo inserts
  3700000 / 10000000 user Mongo inserts
  3800000 / 10000000 user Mongo inserts
  3900000 / 10000000 user Mongo inserts
  4000000 / 10000000 user Mongo inserts
  4100000 / 10000000 user Mongo inserts
  4200000 / 10000000 user Mongo inserts
  4300000 / 10000000 user Mongo inserts
  4400000 / 10000000 user Mongo inserts
  4500000 / 10000000 user Mongo inserts
  4600000 / 10000000 user Mongo inserts
  4700000 / 10000000 user Mongo inserts
  4800000 / 10000000 user Mongo inserts
  4900000 / 10000000 user Mongo inserts
  5000000 / 10000000 user Mongo inserts
  5100000 / 10000000 user Mongo inserts
  5200000 / 10000000 user Mongo inserts
  5300000 / 10000000 user Mongo inserts
  5400000 / 10000000 user Mongo inserts
  5500000 / 10000000 user Mongo inserts
  5600000 / 10000000 user Mongo inserts
  5700000 / 10000000 user Mongo inserts
  5800000 / 10000000 user Mongo inserts
  5900000 / 10000000 user Mongo inserts
  6000000 / 10000000 user Mongo inserts
  6100000 / 10000000 user Mongo inserts
  6200000 / 10000000 user Mongo inserts
  6300000 / 10000000 user Mongo inserts
  6400000 / 10000000 user Mongo inserts
  6500000 / 10000000 user Mongo inserts
  6600000 / 10000000 user Mongo inserts
  6700000 / 10000000 user Mongo inserts
  6800000 / 10000000 user Mongo inserts
  6900000 / 10000000 user Mongo inserts
  7000000 / 10000000 user Mongo inserts
  7100000 / 10000000 user Mongo inserts
  7200000 / 10000000 user Mongo inserts
  7300000 / 10000000 user Mongo inserts
  7400000 / 10000000 user Mongo inserts
  7500000 / 10000000 user Mongo inserts
  7600000 / 10000000 user Mongo inserts
  7700000 / 10000000 user Mongo inserts
  7800000 / 10000000 user Mongo inserts
  7900000 / 10000000 user Mongo inserts
  8000000 / 10000000 user Mongo inserts
  8100000 / 10000000 user Mongo inserts
  8200000 / 10000000 user Mongo inserts
  8300000 / 10000000 user Mongo inserts
  8400000 / 10000000 user Mongo inserts
  8500000 / 10000000 user Mongo inserts
  8600000 / 10000000 user Mongo inserts
  8700000 / 10000000 user Mongo inserts
  8800000 / 10000000 user Mongo inserts
  8900000 / 10000000 user Mongo inserts
  9000000 / 10000000 user Mongo inserts
  9100000 / 10000000 user Mongo inserts
  9200000 / 10000000 user Mongo inserts
  9300000 / 10000000 user Mongo inserts
  9400000 / 10000000 user Mongo inserts
  9500000 / 10000000 user Mongo inserts
  9600000 / 10000000 user Mongo inserts
  9700000 / 10000000 user Mongo inserts
  9800000 / 10000000 user Mongo inserts
  9900000 / 10000000 user Mongo inserts
  10000000 / 10000000 user Mongo inserts

--- user Mongo finds ---
  100000 / 10000000 user Mongo finds
  200000 / 10000000 user Mongo finds
  300000 / 10000000 user Mongo finds
  400000 / 10000000 user Mongo finds
  500000 / 10000000 user Mongo finds
  600000 / 10000000 user Mongo finds
  700000 / 10000000 user Mongo finds
  800000 / 10000000 user Mongo finds
  900000 / 10000000 user Mongo finds
  1000000 / 10000000 user Mongo finds
  1100000 / 10000000 user Mongo finds
  1200000 / 10000000 user Mongo finds
  1300000 / 10000000 user Mongo finds
  1400000 / 10000000 user Mongo finds
  1500000 / 10000000 user Mongo finds
  1600000 / 10000000 user Mongo finds
  1700000 / 10000000 user Mongo finds
  1800000 / 10000000 user Mongo finds
  1900000 / 10000000 user Mongo finds
  2000000 / 10000000 user Mongo finds
  2100000 / 10000000 user Mongo finds
  2200000 / 10000000 user Mongo finds
  2300000 / 10000000 user Mongo finds
  2400000 / 10000000 user Mongo finds
  2500000 / 10000000 user Mongo finds
  2600000 / 10000000 user Mongo finds
  2700000 / 10000000 user Mongo finds
  2800000 / 10000000 user Mongo finds
  2900000 / 10000000 user Mongo finds
  3000000 / 10000000 user Mongo finds
  3100000 / 10000000 user Mongo finds
  3200000 / 10000000 user Mongo finds
  3300000 / 10000000 user Mongo finds
  3400000 / 10000000 user Mongo finds
  3500000 / 10000000 user Mongo finds
  3600000 / 10000000 user Mongo finds
  3700000 / 10000000 user Mongo finds
  3800000 / 10000000 user Mongo finds
  3900000 / 10000000 user Mongo finds
  4000000 / 10000000 user Mongo finds
  4100000 / 10000000 user Mongo finds
  4200000 / 10000000 user Mongo finds
  4300000 / 10000000 user Mongo finds
  4400000 / 10000000 user Mongo finds
  4500000 / 10000000 user Mongo finds
  4600000 / 10000000 user Mongo finds
  4700000 / 10000000 user Mongo finds
  4800000 / 10000000 user Mongo finds
  4900000 / 10000000 user Mongo finds
  5000000 / 10000000 user Mongo finds
  5100000 / 10000000 user Mongo finds
  5200000 / 10000000 user Mongo finds
  5300000 / 10000000 user Mongo finds
  5400000 / 10000000 user Mongo finds
  5500000 / 10000000 user Mongo finds
  5600000 / 10000000 user Mongo finds
  5700000 / 10000000 user Mongo finds
  5800000 / 10000000 user Mongo finds
  5900000 / 10000000 user Mongo finds
  6000000 / 10000000 user Mongo finds
  6100000 / 10000000 user Mongo finds
  6200000 / 10000000 user Mongo finds
  6300000 / 10000000 user Mongo finds
  6400000 / 10000000 user Mongo finds
  6500000 / 10000000 user Mongo finds
  6600000 / 10000000 user Mongo finds
  6700000 / 10000000 user Mongo finds
  6800000 / 10000000 user Mongo finds
  6900000 / 10000000 user Mongo finds
  7000000 / 10000000 user Mongo finds
  7100000 / 10000000 user Mongo finds
  7200000 / 10000000 user Mongo finds
  7300000 / 10000000 user Mongo finds
  7400000 / 10000000 user Mongo finds
  7500000 / 10000000 user Mongo finds
  7600000 / 10000000 user Mongo finds
  7700000 / 10000000 user Mongo finds
  7800000 / 10000000 user Mongo finds
  7900000 / 10000000 user Mongo finds
  8000000 / 10000000 user Mongo finds
  8100000 / 10000000 user Mongo finds
  8200000 / 10000000 user Mongo finds
  8300000 / 10000000 user Mongo finds
  8400000 / 10000000 user Mongo finds
  8500000 / 10000000 user Mongo finds
  8600000 / 10000000 user Mongo finds
  8700000 / 10000000 user Mongo finds
  8800000 / 10000000 user Mongo finds
  8900000 / 10000000 user Mongo finds
  9000000 / 10000000 user Mongo finds
  9100000 / 10000000 user Mongo finds
  9200000 / 10000000 user Mongo finds
  9300000 / 10000000 user Mongo finds
  9400000 / 10000000 user Mongo finds
  9500000 / 10000000 user Mongo finds
  9600000 / 10000000 user Mongo finds
  9700000 / 10000000 user Mongo finds
  9800000 / 10000000 user Mongo finds
  9900000 / 10000000 user Mongo finds
  10000000 / 10000000 user Mongo finds

--- user Mongo updates ---
  100000 / 10000000 user Mongo updates
  200000 / 10000000 user Mongo updates
  300000 / 10000000 user Mongo updates
  400000 / 10000000 user Mongo updates
  500000 / 10000000 user Mongo updates
  600000 / 10000000 user Mongo updates
  700000 / 10000000 user Mongo updates
  800000 / 10000000 user Mongo updates
  900000 / 10000000 user Mongo updates
  1000000 / 10000000 user Mongo updates
  1100000 / 10000000 user Mongo updates
  1200000 / 10000000 user Mongo updates
  1300000 / 10000000 user Mongo updates
  1400000 / 10000000 user Mongo updates
  1500000 / 10000000 user Mongo updates
  1600000 / 10000000 user Mongo updates
  1700000 / 10000000 user Mongo updates
  1800000 / 10000000 user Mongo updates
  1900000 / 10000000 user Mongo updates
  2000000 / 10000000 user Mongo updates
  2100000 / 10000000 user Mongo updates
  2200000 / 10000000 user Mongo updates
  2300000 / 10000000 user Mongo updates
  2400000 / 10000000 user Mongo updates
  2500000 / 10000000 user Mongo updates
  2600000 / 10000000 user Mongo updates
  2700000 / 10000000 user Mongo updates
  2800000 / 10000000 user Mongo updates
  2900000 / 10000000 user Mongo updates
  3000000 / 10000000 user Mongo updates
  3100000 / 10000000 user Mongo updates
  3200000 / 10000000 user Mongo updates
  3300000 / 10000000 user Mongo updates
  3400000 / 10000000 user Mongo updates
  3500000 / 10000000 user Mongo updates
  3600000 / 10000000 user Mongo updates
  3700000 / 10000000 user Mongo updates
  3800000 / 10000000 user Mongo updates
  3900000 / 10000000 user Mongo updates
  4000000 / 10000000 user Mongo updates
  4100000 / 10000000 user Mongo updates
  4200000 / 10000000 user Mongo updates
  4300000 / 10000000 user Mongo updates
  4400000 / 10000000 user Mongo updates
  4500000 / 10000000 user Mongo updates
  4600000 / 10000000 user Mongo updates
  4700000 / 10000000 user Mongo updates
  4800000 / 10000000 user Mongo updates
  4900000 / 10000000 user Mongo updates
  5000000 / 10000000 user Mongo updates
  5100000 / 10000000 user Mongo updates
  5200000 / 10000000 user Mongo updates
  5300000 / 10000000 user Mongo updates
  5400000 / 10000000 user Mongo updates
  5500000 / 10000000 user Mongo updates
  5600000 / 10000000 user Mongo updates
  5700000 / 10000000 user Mongo updates
  5800000 / 10000000 user Mongo updates
  5900000 / 10000000 user Mongo updates
  6000000 / 10000000 user Mongo updates
  6100000 / 10000000 user Mongo updates
  6200000 / 10000000 user Mongo updates
  6300000 / 10000000 user Mongo updates
  6400000 / 10000000 user Mongo updates
  6500000 / 10000000 user Mongo updates
  6600000 / 10000000 user Mongo updates
  6700000 / 10000000 user Mongo updates
  6800000 / 10000000 user Mongo updates
  6900000 / 10000000 user Mongo updates
  7000000 / 10000000 user Mongo updates
  7100000 / 10000000 user Mongo updates
  7200000 / 10000000 user Mongo updates
  7300000 / 10000000 user Mongo updates
  7400000 / 10000000 user Mongo updates
  7500000 / 10000000 user Mongo updates
  7600000 / 10000000 user Mongo updates
  7700000 / 10000000 user Mongo updates
  7800000 / 10000000 user Mongo updates
  7900000 / 10000000 user Mongo updates
  8000000 / 10000000 user Mongo updates
  8100000 / 10000000 user Mongo updates
  8200000 / 10000000 user Mongo updates
  8300000 / 10000000 user Mongo updates
  8400000 / 10000000 user Mongo updates
  8500000 / 10000000 user Mongo updates
  8600000 / 10000000 user Mongo updates
  8700000 / 10000000 user Mongo updates
  8800000 / 10000000 user Mongo updates
  8900000 / 10000000 user Mongo updates
  9000000 / 10000000 user Mongo updates
  9100000 / 10000000 user Mongo updates
  9200000 / 10000000 user Mongo updates
  9300000 / 10000000 user Mongo updates
  9400000 / 10000000 user Mongo updates
  9500000 / 10000000 user Mongo updates
  9600000 / 10000000 user Mongo updates
  9700000 / 10000000 user Mongo updates
  9800000 / 10000000 user Mongo updates
  9900000 / 10000000 user Mongo updates
  10000000 / 10000000 user Mongo updates

--- user Mongo deletes ---
  100000 / 10000000 user Mongo deletes
  200000 / 10000000 user Mongo deletes
  300000 / 10000000 user Mongo deletes
  400000 / 10000000 user Mongo deletes
  500000 / 10000000 user Mongo deletes
  600000 / 10000000 user Mongo deletes
  700000 / 10000000 user Mongo deletes
  800000 / 10000000 user Mongo deletes
  900000 / 10000000 user Mongo deletes
  1000000 / 10000000 user Mongo deletes
  1100000 / 10000000 user Mongo deletes
  1200000 / 10000000 user Mongo deletes
  1300000 / 10000000 user Mongo deletes
  1400000 / 10000000 user Mongo deletes
  1500000 / 10000000 user Mongo deletes
  1600000 / 10000000 user Mongo deletes
  1700000 / 10000000 user Mongo deletes
  1800000 / 10000000 user Mongo deletes
  1900000 / 10000000 user Mongo deletes
  2000000 / 10000000 user Mongo deletes
  2100000 / 10000000 user Mongo deletes
  2200000 / 10000000 user Mongo deletes
  2300000 / 10000000 user Mongo deletes
  2400000 / 10000000 user Mongo deletes
  2500000 / 10000000 user Mongo deletes
  2600000 / 10000000 user Mongo deletes
  2700000 / 10000000 user Mongo deletes
  2800000 / 10000000 user Mongo deletes
  2900000 / 10000000 user Mongo deletes
  3000000 / 10000000 user Mongo deletes
  3100000 / 10000000 user Mongo deletes
  3200000 / 10000000 user Mongo deletes
  3300000 / 10000000 user Mongo deletes
  3400000 / 10000000 user Mongo deletes
  3500000 / 10000000 user Mongo deletes
  3600000 / 10000000 user Mongo deletes
  3700000 / 10000000 user Mongo deletes
  3800000 / 10000000 user Mongo deletes
  3900000 / 10000000 user Mongo deletes
  4000000 / 10000000 user Mongo deletes
  4100000 / 10000000 user Mongo deletes
  4200000 / 10000000 user Mongo deletes
  4300000 / 10000000 user Mongo deletes
  4400000 / 10000000 user Mongo deletes
  4500000 / 10000000 user Mongo deletes
  4600000 / 10000000 user Mongo deletes
  4700000 / 10000000 user Mongo deletes
  4800000 / 10000000 user Mongo deletes
  4900000 / 10000000 user Mongo deletes
  5000000 / 10000000 user Mongo deletes
  5100000 / 10000000 user Mongo deletes
  5200000 / 10000000 user Mongo deletes
  5300000 / 10000000 user Mongo deletes
  5400000 / 10000000 user Mongo deletes
  5500000 / 10000000 user Mongo deletes
  5600000 / 10000000 user Mongo deletes
  5700000 / 10000000 user Mongo deletes
  5800000 / 10000000 user Mongo deletes
  5900000 / 10000000 user Mongo deletes
  6000000 / 10000000 user Mongo deletes
  6100000 / 10000000 user Mongo deletes
  6200000 / 10000000 user Mongo deletes
  6300000 / 10000000 user Mongo deletes
  6400000 / 10000000 user Mongo deletes
  6500000 / 10000000 user Mongo deletes
  6600000 / 10000000 user Mongo deletes
  6700000 / 10000000 user Mongo deletes
  6800000 / 10000000 user Mongo deletes
  6900000 / 10000000 user Mongo deletes
  7000000 / 10000000 user Mongo deletes
  7100000 / 10000000 user Mongo deletes
  7200000 / 10000000 user Mongo deletes
  7300000 / 10000000 user Mongo deletes
  7400000 / 10000000 user Mongo deletes
  7500000 / 10000000 user Mongo deletes
  7600000 / 10000000 user Mongo deletes
  7700000 / 10000000 user Mongo deletes
  7800000 / 10000000 user Mongo deletes
  7900000 / 10000000 user Mongo deletes
  8000000 / 10000000 user Mongo deletes
  8100000 / 10000000 user Mongo deletes
  8200000 / 10000000 user Mongo deletes
  8300000 / 10000000 user Mongo deletes
  8400000 / 10000000 user Mongo deletes
  8500000 / 10000000 user Mongo deletes
  8600000 / 10000000 user Mongo deletes
  8700000 / 10000000 user Mongo deletes
  8800000 / 10000000 user Mongo deletes
  8900000 / 10000000 user Mongo deletes
  9000000 / 10000000 user Mongo deletes
  9100000 / 10000000 user Mongo deletes
  9200000 / 10000000 user Mongo deletes
  9300000 / 10000000 user Mongo deletes
  9400000 / 10000000 user Mongo deletes
  9500000 / 10000000 user Mongo deletes
  9600000 / 10000000 user Mongo deletes
  9700000 / 10000000 user Mongo deletes
  9800000 / 10000000 user Mongo deletes
  9900000 / 10000000 user Mongo deletes
  10000000 / 10000000 user Mongo deletes

--- user Redis sets ---
  100000 / 10000000 user Redis sets
  200000 / 10000000 user Redis sets
  300000 / 10000000 user Redis sets
  400000 / 10000000 user Redis sets
  500000 / 10000000 user Redis sets
  600000 / 10000000 user Redis sets
  700000 / 10000000 user Redis sets
  800000 / 10000000 user Redis sets
  900000 / 10000000 user Redis sets
  1000000 / 10000000 user Redis sets
  1100000 / 10000000 user Redis sets
  1200000 / 10000000 user Redis sets
  1300000 / 10000000 user Redis sets
  1400000 / 10000000 user Redis sets
  1500000 / 10000000 user Redis sets
  1600000 / 10000000 user Redis sets
  1700000 / 10000000 user Redis sets
  1800000 / 10000000 user Redis sets
  1900000 / 10000000 user Redis sets
  2000000 / 10000000 user Redis sets
  2100000 / 10000000 user Redis sets
  2200000 / 10000000 user Redis sets
  2300000 / 10000000 user Redis sets
  2400000 / 10000000 user Redis sets
  2500000 / 10000000 user Redis sets
  2600000 / 10000000 user Redis sets
  2700000 / 10000000 user Redis sets
  2800000 / 10000000 user Redis sets
  2900000 / 10000000 user Redis sets
  3000000 / 10000000 user Redis sets
  3100000 / 10000000 user Redis sets
  3200000 / 10000000 user Redis sets
  3300000 / 10000000 user Redis sets
  3400000 / 10000000 user Redis sets
  3500000 / 10000000 user Redis sets
  3600000 / 10000000 user Redis sets
  3700000 / 10000000 user Redis sets
  3800000 / 10000000 user Redis sets
  3900000 / 10000000 user Redis sets
  4000000 / 10000000 user Redis sets
  4100000 / 10000000 user Redis sets
  4200000 / 10000000 user Redis sets
  4300000 / 10000000 user Redis sets
  4400000 / 10000000 user Redis sets
  4500000 / 10000000 user Redis sets
  4600000 / 10000000 user Redis sets
  4700000 / 10000000 user Redis sets
  4800000 / 10000000 user Redis sets
  4900000 / 10000000 user Redis sets
  5000000 / 10000000 user Redis sets
  5100000 / 10000000 user Redis sets
  5200000 / 10000000 user Redis sets
  5300000 / 10000000 user Redis sets
  5400000 / 10000000 user Redis sets
  5500000 / 10000000 user Redis sets
  5600000 / 10000000 user Redis sets
  5700000 / 10000000 user Redis sets
  5800000 / 10000000 user Redis sets
  5900000 / 10000000 user Redis sets
  6000000 / 10000000 user Redis sets
  6100000 / 10000000 user Redis sets
  6200000 / 10000000 user Redis sets
  6300000 / 10000000 user Redis sets
  6400000 / 10000000 user Redis sets
  6500000 / 10000000 user Redis sets
  6600000 / 10000000 user Redis sets
  6700000 / 10000000 user Redis sets
  6800000 / 10000000 user Redis sets
  6900000 / 10000000 user Redis sets
  7000000 / 10000000 user Redis sets
  7100000 / 10000000 user Redis sets
  7200000 / 10000000 user Redis sets
  7300000 / 10000000 user Redis sets
  7400000 / 10000000 user Redis sets
  7500000 / 10000000 user Redis sets
  7600000 / 10000000 user Redis sets
  7700000 / 10000000 user Redis sets
  7800000 / 10000000 user Redis sets
  7900000 / 10000000 user Redis sets
  8000000 / 10000000 user Redis sets
  8100000 / 10000000 user Redis sets
  8200000 / 10000000 user Redis sets
  8300000 / 10000000 user Redis sets
  8400000 / 10000000 user Redis sets
  8500000 / 10000000 user Redis sets
  8600000 / 10000000 user Redis sets
  8700000 / 10000000 user Redis sets
  8800000 / 10000000 user Redis sets
  8900000 / 10000000 user Redis sets
  9000000 / 10000000 user Redis sets
  9100000 / 10000000 user Redis sets
  9200000 / 10000000 user Redis sets
  9300000 / 10000000 user Redis sets
  9400000 / 10000000 user Redis sets
  9500000 / 10000000 user Redis sets
  9600000 / 10000000 user Redis sets
  9700000 / 10000000 user Redis sets
  9800000 / 10000000 user Redis sets
  9900000 / 10000000 user Redis sets
  10000000 / 10000000 user Redis sets

--- user Redis gets ---
  100000 / 10000000 user Redis gets
  200000 / 10000000 user Redis gets
  300000 / 10000000 user Redis gets
  400000 / 10000000 user Redis gets
  500000 / 10000000 user Redis gets
  600000 / 10000000 user Redis gets
  700000 / 10000000 user Redis gets
  800000 / 10000000 user Redis gets
  900000 / 10000000 user Redis gets
  1000000 / 10000000 user Redis gets
  1100000 / 10000000 user Redis gets
  1200000 / 10000000 user Redis gets
  1300000 / 10000000 user Redis gets
  1400000 / 10000000 user Redis gets
  1500000 / 10000000 user Redis gets
  1600000 / 10000000 user Redis gets
  1700000 / 10000000 user Redis gets
  1800000 / 10000000 user Redis gets
  1900000 / 10000000 user Redis gets
  2000000 / 10000000 user Redis gets
  2100000 / 10000000 user Redis gets
  2200000 / 10000000 user Redis gets
  2300000 / 10000000 user Redis gets
  2400000 / 10000000 user Redis gets
  2500000 / 10000000 user Redis gets
  2600000 / 10000000 user Redis gets
  2700000 / 10000000 user Redis gets
  2800000 / 10000000 user Redis gets
  2900000 / 10000000 user Redis gets
  3000000 / 10000000 user Redis gets
  3100000 / 10000000 user Redis gets
  3200000 / 10000000 user Redis gets
  3300000 / 10000000 user Redis gets
  3400000 / 10000000 user Redis gets
  3500000 / 10000000 user Redis gets
  3600000 / 10000000 user Redis gets
  3700000 / 10000000 user Redis gets
  3800000 / 10000000 user Redis gets
  3900000 / 10000000 user Redis gets
  4000000 / 10000000 user Redis gets
  4100000 / 10000000 user Redis gets
  4200000 / 10000000 user Redis gets
  4300000 / 10000000 user Redis gets
  4400000 / 10000000 user Redis gets
  4500000 / 10000000 user Redis gets
  4600000 / 10000000 user Redis gets
  4700000 / 10000000 user Redis gets
  4800000 / 10000000 user Redis gets
  4900000 / 10000000 user Redis gets
  5000000 / 10000000 user Redis gets
  5100000 / 10000000 user Redis gets
  5200000 / 10000000 user Redis gets
  5300000 / 10000000 user Redis gets
  5400000 / 10000000 user Redis gets
  5500000 / 10000000 user Redis gets
  5600000 / 10000000 user Redis gets
  5700000 / 10000000 user Redis gets
  5800000 / 10000000 user Redis gets
  5900000 / 10000000 user Redis gets
  6000000 / 10000000 user Redis gets
  6100000 / 10000000 user Redis gets
  6200000 / 10000000 user Redis gets
  6300000 / 10000000 user Redis gets
  6400000 / 10000000 user Redis gets
  6500000 / 10000000 user Redis gets
  6600000 / 10000000 user Redis gets
  6700000 / 10000000 user Redis gets
  6800000 / 10000000 user Redis gets
  6900000 / 10000000 user Redis gets
  7000000 / 10000000 user Redis gets
  7100000 / 10000000 user Redis gets
  7200000 / 10000000 user Redis gets
  7300000 / 10000000 user Redis gets
  7400000 / 10000000 user Redis gets
  7500000 / 10000000 user Redis gets
  7600000 / 10000000 user Redis gets
  7700000 / 10000000 user Redis gets
  7800000 / 10000000 user Redis gets
  7900000 / 10000000 user Redis gets
  8000000 / 10000000 user Redis gets
  8100000 / 10000000 user Redis gets
  8200000 / 10000000 user Redis gets
  8300000 / 10000000 user Redis gets
  8400000 / 10000000 user Redis gets
  8500000 / 10000000 user Redis gets
  8600000 / 10000000 user Redis gets
  8700000 / 10000000 user Redis gets
  8800000 / 10000000 user Redis gets
  8900000 / 10000000 user Redis gets
  9000000 / 10000000 user Redis gets
  9100000 / 10000000 user Redis gets
  9200000 / 10000000 user Redis gets
  9300000 / 10000000 user Redis gets
  9400000 / 10000000 user Redis gets
  9500000 / 10000000 user Redis gets
  9600000 / 10000000 user Redis gets
  9700000 / 10000000 user Redis gets
  9800000 / 10000000 user Redis gets
  9900000 / 10000000 user Redis gets
  10000000 / 10000000 user Redis gets

--- user Redis updates ---
  100000 / 10000000 user Redis updates
  200000 / 10000000 user Redis updates
  300000 / 10000000 user Redis updates
  400000 / 10000000 user Redis updates
  500000 / 10000000 user Redis updates
  600000 / 10000000 user Redis updates
  700000 / 10000000 user Redis updates
  800000 / 10000000 user Redis updates
  900000 / 10000000 user Redis updates
  1000000 / 10000000 user Redis updates
  1100000 / 10000000 user Redis updates
  1200000 / 10000000 user Redis updates
  1300000 / 10000000 user Redis updates
  1400000 / 10000000 user Redis updates
  1500000 / 10000000 user Redis updates
  1600000 / 10000000 user Redis updates
  1700000 / 10000000 user Redis updates
  1800000 / 10000000 user Redis updates
  1900000 / 10000000 user Redis updates
  2000000 / 10000000 user Redis updates
  2100000 / 10000000 user Redis updates
  2200000 / 10000000 user Redis updates
  2300000 / 10000000 user Redis updates
  2400000 / 10000000 user Redis updates
  2500000 / 10000000 user Redis updates
  2600000 / 10000000 user Redis updates
  2700000 / 10000000 user Redis updates
  2800000 / 10000000 user Redis updates
  2900000 / 10000000 user Redis updates
  3000000 / 10000000 user Redis updates
  3100000 / 10000000 user Redis updates
  3200000 / 10000000 user Redis updates
  3300000 / 10000000 user Redis updates
  3400000 / 10000000 user Redis updates
  3500000 / 10000000 user Redis updates
  3600000 / 10000000 user Redis updates
  3700000 / 10000000 user Redis updates
  3800000 / 10000000 user Redis updates
  3900000 / 10000000 user Redis updates
  4000000 / 10000000 user Redis updates
  4100000 / 10000000 user Redis updates
  4200000 / 10000000 user Redis updates
  4300000 / 10000000 user Redis updates
  4400000 / 10000000 user Redis updates
  4500000 / 10000000 user Redis updates
  4600000 / 10000000 user Redis updates
  4700000 / 10000000 user Redis updates
  4800000 / 10000000 user Redis updates
  4900000 / 10000000 user Redis updates
  5000000 / 10000000 user Redis updates
  5100000 / 10000000 user Redis updates
  5200000 / 10000000 user Redis updates
  5300000 / 10000000 user Redis updates
  5400000 / 10000000 user Redis updates
  5500000 / 10000000 user Redis updates
  5600000 / 10000000 user Redis updates
  5700000 / 10000000 user Redis updates
  5800000 / 10000000 user Redis updates
  5900000 / 10000000 user Redis updates
  6000000 / 10000000 user Redis updates
  6100000 / 10000000 user Redis updates
  6200000 / 10000000 user Redis updates
  6300000 / 10000000 user Redis updates
  6400000 / 10000000 user Redis updates
  6500000 / 10000000 user Redis updates
  6600000 / 10000000 user Redis updates
  6700000 / 10000000 user Redis updates
  6800000 / 10000000 user Redis updates
  6900000 / 10000000 user Redis updates
  7000000 / 10000000 user Redis updates
  7100000 / 10000000 user Redis updates
  7200000 / 10000000 user Redis updates
  7300000 / 10000000 user Redis updates
  7400000 / 10000000 user Redis updates
  7500000 / 10000000 user Redis updates
  7600000 / 10000000 user Redis updates
  7700000 / 10000000 user Redis updates
  7800000 / 10000000 user Redis updates
  7900000 / 10000000 user Redis updates
  8000000 / 10000000 user Redis updates
  8100000 / 10000000 user Redis updates
  8200000 / 10000000 user Redis updates
  8300000 / 10000000 user Redis updates
  8400000 / 10000000 user Redis updates
  8500000 / 10000000 user Redis updates
  8600000 / 10000000 user Redis updates
  8700000 / 10000000 user Redis updates
  8800000 / 10000000 user Redis updates
  8900000 / 10000000 user Redis updates
  9000000 / 10000000 user Redis updates
  9100000 / 10000000 user Redis updates
  9200000 / 10000000 user Redis updates
  9300000 / 10000000 user Redis updates
  9400000 / 10000000 user Redis updates
  9500000 / 10000000 user Redis updates
  9600000 / 10000000 user Redis updates
  9700000 / 10000000 user Redis updates
  9800000 / 10000000 user Redis updates
  9900000 / 10000000 user Redis updates
  10000000 / 10000000 user Redis updates

--- user Redis deletes ---
  100000 / 10000000 user Redis deletes
  200000 / 10000000 user Redis deletes
  300000 / 10000000 user Redis deletes
  400000 / 10000000 user Redis deletes
  500000 / 10000000 user Redis deletes
  600000 / 10000000 user Redis deletes
  700000 / 10000000 user Redis deletes
  800000 / 10000000 user Redis deletes
  900000 / 10000000 user Redis deletes
  1000000 / 10000000 user Redis deletes
  1100000 / 10000000 user Redis deletes
  1200000 / 10000000 user Redis deletes
  1300000 / 10000000 user Redis deletes
  1400000 / 10000000 user Redis deletes
  1500000 / 10000000 user Redis deletes
  1600000 / 10000000 user Redis deletes
  1700000 / 10000000 user Redis deletes
  1800000 / 10000000 user Redis deletes
  1900000 / 10000000 user Redis deletes
  2000000 / 10000000 user Redis deletes
  2100000 / 10000000 user Redis deletes
  2200000 / 10000000 user Redis deletes
  2300000 / 10000000 user Redis deletes
  2400000 / 10000000 user Redis deletes
  2500000 / 10000000 user Redis deletes
  2600000 / 10000000 user Redis deletes
  2700000 / 10000000 user Redis deletes
  2800000 / 10000000 user Redis deletes
  2900000 / 10000000 user Redis deletes
  3000000 / 10000000 user Redis deletes
  3100000 / 10000000 user Redis deletes
  3200000 / 10000000 user Redis deletes
  3300000 / 10000000 user Redis deletes
  3400000 / 10000000 user Redis deletes
  3500000 / 10000000 user Redis deletes
  3600000 / 10000000 user Redis deletes
  3700000 / 10000000 user Redis deletes
  3800000 / 10000000 user Redis deletes
  3900000 / 10000000 user Redis deletes
  4000000 / 10000000 user Redis deletes
  4100000 / 10000000 user Redis deletes
  4200000 / 10000000 user Redis deletes
  4300000 / 10000000 user Redis deletes
  4400000 / 10000000 user Redis deletes
  4500000 / 10000000 user Redis deletes
  4600000 / 10000000 user Redis deletes
  4700000 / 10000000 user Redis deletes
  4800000 / 10000000 user Redis deletes
  4900000 / 10000000 user Redis deletes
  5000000 / 10000000 user Redis deletes
  5100000 / 10000000 user Redis deletes
  5200000 / 10000000 user Redis deletes
  5300000 / 10000000 user Redis deletes
  5400000 / 10000000 user Redis deletes
  5500000 / 10000000 user Redis deletes
  5600000 / 10000000 user Redis deletes
  5700000 / 10000000 user Redis deletes
  5800000 / 10000000 user Redis deletes
  5900000 / 10000000 user Redis deletes
  6000000 / 10000000 user Redis deletes
  6100000 / 10000000 user Redis deletes
  6200000 / 10000000 user Redis deletes
  6300000 / 10000000 user Redis deletes
  6400000 / 10000000 user Redis deletes
  6500000 / 10000000 user Redis deletes
  6600000 / 10000000 user Redis deletes
  6700000 / 10000000 user Redis deletes
  6800000 / 10000000 user Redis deletes
  6900000 / 10000000 user Redis deletes
  7000000 / 10000000 user Redis deletes
  7100000 / 10000000 user Redis deletes
  7200000 / 10000000 user Redis deletes
  7300000 / 10000000 user Redis deletes
  7400000 / 10000000 user Redis deletes
  7500000 / 10000000 user Redis deletes
  7600000 / 10000000 user Redis deletes
  7700000 / 10000000 user Redis deletes
  7800000 / 10000000 user Redis deletes
  7900000 / 10000000 user Redis deletes
  8000000 / 10000000 user Redis deletes
  8100000 / 10000000 user Redis deletes
  8200000 / 10000000 user Redis deletes
  8300000 / 10000000 user Redis deletes
  8400000 / 10000000 user Redis deletes
  8500000 / 10000000 user Redis deletes
  8600000 / 10000000 user Redis deletes
  8700000 / 10000000 user Redis deletes
  8800000 / 10000000 user Redis deletes
  8900000 / 10000000 user Redis deletes
  9000000 / 10000000 user Redis deletes
  9100000 / 10000000 user Redis deletes
  9200000 / 10000000 user Redis deletes
  9300000 / 10000000 user Redis deletes
  9400000 / 10000000 user Redis deletes
  9500000 / 10000000 user Redis deletes
  9600000 / 10000000 user Redis deletes
  9700000 / 10000000 user Redis deletes
  9800000 / 10000000 user Redis deletes
  9900000 / 10000000 user Redis deletes
  10000000 / 10000000 user Redis deletes

--- address SQL inserts ---
  100000 / 10000000 address SQL inserts
  200000 / 10000000 address SQL inserts
  300000 / 10000000 address SQL inserts
  400000 / 10000000 address SQL inserts
  500000 / 10000000 address SQL inserts
  600000 / 10000000 address SQL inserts
  700000 / 10000000 address SQL inserts
  800000 / 10000000 address SQL inserts
  900000 / 10000000 address SQL inserts
  1000000 / 10000000 address SQL inserts
  1100000 / 10000000 address SQL inserts
  1200000 / 10000000 address SQL inserts
  1300000 / 10000000 address SQL inserts
  1400000 / 10000000 address SQL inserts
  1500000 / 10000000 address SQL inserts
  1600000 / 10000000 address SQL inserts
  1700000 / 10000000 address SQL inserts
  1800000 / 10000000 address SQL inserts
  1900000 / 10000000 address SQL inserts
  2000000 / 10000000 address SQL inserts
  2100000 / 10000000 address SQL inserts
  2200000 / 10000000 address SQL inserts
  2300000 / 10000000 address SQL inserts
  2400000 / 10000000 address SQL inserts
  2500000 / 10000000 address SQL inserts
  2600000 / 10000000 address SQL inserts
  2700000 / 10000000 address SQL inserts
  2800000 / 10000000 address SQL inserts
  2900000 / 10000000 address SQL inserts
  3000000 / 10000000 address SQL inserts
  3100000 / 10000000 address SQL inserts
  3200000 / 10000000 address SQL inserts
  3300000 / 10000000 address SQL inserts
  3400000 / 10000000 address SQL inserts
  3500000 / 10000000 address SQL inserts
  3600000 / 10000000 address SQL inserts
  3700000 / 10000000 address SQL inserts
  3800000 / 10000000 address SQL inserts
  3900000 / 10000000 address SQL inserts
  4000000 / 10000000 address SQL inserts
  4100000 / 10000000 address SQL inserts
  4200000 / 10000000 address SQL inserts
  4300000 / 10000000 address SQL inserts
  4400000 / 10000000 address SQL inserts
  4500000 / 10000000 address SQL inserts
  4600000 / 10000000 address SQL inserts
  4700000 / 10000000 address SQL inserts
  4800000 / 10000000 address SQL inserts
  4900000 / 10000000 address SQL inserts
  5000000 / 10000000 address SQL inserts
  5100000 / 10000000 address SQL inserts
  5200000 / 10000000 address SQL inserts
  5300000 / 10000000 address SQL inserts
  5400000 / 10000000 address SQL inserts
  5500000 / 10000000 address SQL inserts
  5600000 / 10000000 address SQL inserts
  5700000 / 10000000 address SQL inserts
  5800000 / 10000000 address SQL inserts
  5900000 / 10000000 address SQL inserts
  6000000 / 10000000 address SQL inserts
  6100000 / 10000000 address SQL inserts
  6200000 / 10000000 address SQL inserts
  6300000 / 10000000 address SQL inserts
  6400000 / 10000000 address SQL inserts
  6500000 / 10000000 address SQL inserts
  6600000 / 10000000 address SQL inserts
  6700000 / 10000000 address SQL inserts
  6800000 / 10000000 address SQL inserts
  6900000 / 10000000 address SQL inserts
  7000000 / 10000000 address SQL inserts
  7100000 / 10000000 address SQL inserts
  7200000 / 10000000 address SQL inserts
  7300000 / 10000000 address SQL inserts
  7400000 / 10000000 address SQL inserts
  7500000 / 10000000 address SQL inserts
  7600000 / 10000000 address SQL inserts
  7700000 / 10000000 address SQL inserts
  7800000 / 10000000 address SQL inserts
  7900000 / 10000000 address SQL inserts
  8000000 / 10000000 address SQL inserts
  8100000 / 10000000 address SQL inserts
  8200000 / 10000000 address SQL inserts
  8300000 / 10000000 address SQL inserts
  8400000 / 10000000 address SQL inserts
  8500000 / 10000000 address SQL inserts
  8600000 / 10000000 address SQL inserts
  8700000 / 10000000 address SQL inserts
  8800000 / 10000000 address SQL inserts
  8900000 / 10000000 address SQL inserts
  9000000 / 10000000 address SQL inserts
  9100000 / 10000000 address SQL inserts
  9200000 / 10000000 address SQL inserts
  9300000 / 10000000 address SQL inserts
  9400000 / 10000000 address SQL inserts
  9500000 / 10000000 address SQL inserts
  9600000 / 10000000 address SQL inserts
  9700000 / 10000000 address SQL inserts
  9800000 / 10000000 address SQL inserts
  9900000 / 10000000 address SQL inserts
  10000000 / 10000000 address SQL inserts

--- address SQL selects ---
  100000 / 10000000 address SQL selects
  200000 / 10000000 address SQL selects
  300000 / 10000000 address SQL selects
  400000 / 10000000 address SQL selects
  500000 / 10000000 address SQL selects
  600000 / 10000000 address SQL selects
  700000 / 10000000 address SQL selects
  800000 / 10000000 address SQL selects
  900000 / 10000000 address SQL selects
  1000000 / 10000000 address SQL selects
  1100000 / 10000000 address SQL selects
  1200000 / 10000000 address SQL selects
  1300000 / 10000000 address SQL selects
  1400000 / 10000000 address SQL selects
  1500000 / 10000000 address SQL selects
  1600000 / 10000000 address SQL selects
  1700000 / 10000000 address SQL selects
  1800000 / 10000000 address SQL selects
  1900000 / 10000000 address SQL selects
  2000000 / 10000000 address SQL selects
  2100000 / 10000000 address SQL selects
  2200000 / 10000000 address SQL selects
  2300000 / 10000000 address SQL selects
  2400000 / 10000000 address SQL selects
  2500000 / 10000000 address SQL selects
  2600000 / 10000000 address SQL selects
  2700000 / 10000000 address SQL selects
  2800000 / 10000000 address SQL selects
  2900000 / 10000000 address SQL selects
  3000000 / 10000000 address SQL selects
  3100000 / 10000000 address SQL selects
  3200000 / 10000000 address SQL selects
  3300000 / 10000000 address SQL selects
  3400000 / 10000000 address SQL selects
  3500000 / 10000000 address SQL selects
  3600000 / 10000000 address SQL selects
  3700000 / 10000000 address SQL selects
  3800000 / 10000000 address SQL selects
  3900000 / 10000000 address SQL selects
  4000000 / 10000000 address SQL selects
  4100000 / 10000000 address SQL selects
  4200000 / 10000000 address SQL selects
  4300000 / 10000000 address SQL selects
  4400000 / 10000000 address SQL selects
  4500000 / 10000000 address SQL selects
  4600000 / 10000000 address SQL selects
  4700000 / 10000000 address SQL selects
  4800000 / 10000000 address SQL selects
  4900000 / 10000000 address SQL selects
  5000000 / 10000000 address SQL selects
  5100000 / 10000000 address SQL selects
  5200000 / 10000000 address SQL selects
  5300000 / 10000000 address SQL selects
  5400000 / 10000000 address SQL selects
  5500000 / 10000000 address SQL selects
  5600000 / 10000000 address SQL selects
  5700000 / 10000000 address SQL selects
  5800000 / 10000000 address SQL selects
  5900000 / 10000000 address SQL selects
  6000000 / 10000000 address SQL selects
  6100000 / 10000000 address SQL selects
  6200000 / 10000000 address SQL selects
  6300000 / 10000000 address SQL selects
  6400000 / 10000000 address SQL selects
  6500000 / 10000000 address SQL selects
  6600000 / 10000000 address SQL selects
  6700000 / 10000000 address SQL selects
  6800000 / 10000000 address SQL selects
  6900000 / 10000000 address SQL selects
  7000000 / 10000000 address SQL selects
  7100000 / 10000000 address SQL selects
  7200000 / 10000000 address SQL selects
  7300000 / 10000000 address SQL selects
  7400000 / 10000000 address SQL selects
  7500000 / 10000000 address SQL selects
  7600000 / 10000000 address SQL selects
  7700000 / 10000000 address SQL selects
  7800000 / 10000000 address SQL selects
  7900000 / 10000000 address SQL selects
  8000000 / 10000000 address SQL selects
  8100000 / 10000000 address SQL selects
  8200000 / 10000000 address SQL selects
  8300000 / 10000000 address SQL selects
  8400000 / 10000000 address SQL selects
  8500000 / 10000000 address SQL selects
  8600000 / 10000000 address SQL selects
  8700000 / 10000000 address SQL selects
  8800000 / 10000000 address SQL selects
  8900000 / 10000000 address SQL selects
  9000000 / 10000000 address SQL selects
  9100000 / 10000000 address SQL selects
  9200000 / 10000000 address SQL selects
  9300000 / 10000000 address SQL selects
  9400000 / 10000000 address SQL selects
  9500000 / 10000000 address SQL selects
  9600000 / 10000000 address SQL selects
  9700000 / 10000000 address SQL selects
  9800000 / 10000000 address SQL selects
  9900000 / 10000000 address SQL selects
  10000000 / 10000000 address SQL selects

--- address SQL updates ---
  100000 / 10000000 address SQL updates
  200000 / 10000000 address SQL updates
  300000 / 10000000 address SQL updates
  400000 / 10000000 address SQL updates
  500000 / 10000000 address SQL updates
  600000 / 10000000 address SQL updates
  700000 / 10000000 address SQL updates
  800000 / 10000000 address SQL updates
  900000 / 10000000 address SQL updates
  1000000 / 10000000 address SQL updates
  1100000 / 10000000 address SQL updates
  1200000 / 10000000 address SQL updates
  1300000 / 10000000 address SQL updates
  1400000 / 10000000 address SQL updates
  1500000 / 10000000 address SQL updates
  1600000 / 10000000 address SQL updates
  1700000 / 10000000 address SQL updates
  1800000 / 10000000 address SQL updates
  1900000 / 10000000 address SQL updates
  2000000 / 10000000 address SQL updates
  2100000 / 10000000 address SQL updates
  2200000 / 10000000 address SQL updates
  2300000 / 10000000 address SQL updates
  2400000 / 10000000 address SQL updates
  2500000 / 10000000 address SQL updates
  2600000 / 10000000 address SQL updates
  2700000 / 10000000 address SQL updates
  2800000 / 10000000 address SQL updates
  2900000 / 10000000 address SQL updates
  3000000 / 10000000 address SQL updates
  3100000 / 10000000 address SQL updates
  3200000 / 10000000 address SQL updates
  3300000 / 10000000 address SQL updates
  3400000 / 10000000 address SQL updates
  3500000 / 10000000 address SQL updates
  3600000 / 10000000 address SQL updates
  3700000 / 10000000 address SQL updates
  3800000 / 10000000 address SQL updates
  3900000 / 10000000 address SQL updates
  4000000 / 10000000 address SQL updates
  4100000 / 10000000 address SQL updates
  4200000 / 10000000 address SQL updates
  4300000 / 10000000 address SQL updates
  4400000 / 10000000 address SQL updates
  4500000 / 10000000 address SQL updates
  4600000 / 10000000 address SQL updates
  4700000 / 10000000 address SQL updates
  4800000 / 10000000 address SQL updates
  4900000 / 10000000 address SQL updates
  5000000 / 10000000 address SQL updates
  5100000 / 10000000 address SQL updates
  5200000 / 10000000 address SQL updates
  5300000 / 10000000 address SQL updates
  5400000 / 10000000 address SQL updates
  5500000 / 10000000 address SQL updates
  5600000 / 10000000 address SQL updates
  5700000 / 10000000 address SQL updates
  5800000 / 10000000 address SQL updates
  5900000 / 10000000 address SQL updates
  6000000 / 10000000 address SQL updates
  6100000 / 10000000 address SQL updates
  6200000 / 10000000 address SQL updates
  6300000 / 10000000 address SQL updates
  6400000 / 10000000 address SQL updates
  6500000 / 10000000 address SQL updates
  6600000 / 10000000 address SQL updates
  6700000 / 10000000 address SQL updates
  6800000 / 10000000 address SQL updates
  6900000 / 10000000 address SQL updates
  7000000 / 10000000 address SQL updates
  7100000 / 10000000 address SQL updates
  7200000 / 10000000 address SQL updates
  7300000 / 10000000 address SQL updates
  7400000 / 10000000 address SQL updates
  7500000 / 10000000 address SQL updates
  7600000 / 10000000 address SQL updates
  7700000 / 10000000 address SQL updates
  7800000 / 10000000 address SQL updates
  7900000 / 10000000 address SQL updates
  8000000 / 10000000 address SQL updates
  8100000 / 10000000 address SQL updates
  8200000 / 10000000 address SQL updates
  8300000 / 10000000 address SQL updates
  8400000 / 10000000 address SQL updates
  8500000 / 10000000 address SQL updates
  8600000 / 10000000 address SQL updates
  8700000 / 10000000 address SQL updates
  8800000 / 10000000 address SQL updates
  8900000 / 10000000 address SQL updates
  9000000 / 10000000 address SQL updates
  9100000 / 10000000 address SQL updates
  9200000 / 10000000 address SQL updates
  9300000 / 10000000 address SQL updates
  9400000 / 10000000 address SQL updates
  9500000 / 10000000 address SQL updates
  9600000 / 10000000 address SQL updates
  9700000 / 10000000 address SQL updates
  9800000 / 10000000 address SQL updates
  9900000 / 10000000 address SQL updates
  10000000 / 10000000 address SQL updates

--- address SQL deletes ---
  100000 / 10000000 address SQL deletes
  200000 / 10000000 address SQL deletes
  300000 / 10000000 address SQL deletes
  400000 / 10000000 address SQL deletes
  500000 / 10000000 address SQL deletes
  600000 / 10000000 address SQL deletes
  700000 / 10000000 address SQL deletes
  800000 / 10000000 address SQL deletes
  900000 / 10000000 address SQL deletes
  1000000 / 10000000 address SQL deletes
  1100000 / 10000000 address SQL deletes
  1200000 / 10000000 address SQL deletes
  1300000 / 10000000 address SQL deletes
  1400000 / 10000000 address SQL deletes
  1500000 / 10000000 address SQL deletes
  1600000 / 10000000 address SQL deletes
  1700000 / 10000000 address SQL deletes
  1800000 / 10000000 address SQL deletes
  1900000 / 10000000 address SQL deletes
  2000000 / 10000000 address SQL deletes
  2100000 / 10000000 address SQL deletes
  2200000 / 10000000 address SQL deletes
  2300000 / 10000000 address SQL deletes
  2400000 / 10000000 address SQL deletes
  2500000 / 10000000 address SQL deletes
  2600000 / 10000000 address SQL deletes
  2700000 / 10000000 address SQL deletes
  2800000 / 10000000 address SQL deletes
  2900000 / 10000000 address SQL deletes
  3000000 / 10000000 address SQL deletes
  3100000 / 10000000 address SQL deletes
  3200000 / 10000000 address SQL deletes
  3300000 / 10000000 address SQL deletes
  3400000 / 10000000 address SQL deletes
  3500000 / 10000000 address SQL deletes
  3600000 / 10000000 address SQL deletes
  3700000 / 10000000 address SQL deletes
  3800000 / 10000000 address SQL deletes
  3900000 / 10000000 address SQL deletes
  4000000 / 10000000 address SQL deletes
  4100000 / 10000000 address SQL deletes
  4200000 / 10000000 address SQL deletes
  4300000 / 10000000 address SQL deletes
  4400000 / 10000000 address SQL deletes
  4500000 / 10000000 address SQL deletes
  4600000 / 10000000 address SQL deletes
  4700000 / 10000000 address SQL deletes
  4800000 / 10000000 address SQL deletes
  4900000 / 10000000 address SQL deletes
  5000000 / 10000000 address SQL deletes
  5100000 / 10000000 address SQL deletes
  5200000 / 10000000 address SQL deletes
  5300000 / 10000000 address SQL deletes
  5400000 / 10000000 address SQL deletes
  5500000 / 10000000 address SQL deletes
  5600000 / 10000000 address SQL deletes
  5700000 / 10000000 address SQL deletes
  5800000 / 10000000 address SQL deletes
  5900000 / 10000000 address SQL deletes
  6000000 / 10000000 address SQL deletes
  6100000 / 10000000 address SQL deletes
  6200000 / 10000000 address SQL deletes
  6300000 / 10000000 address SQL deletes
  6400000 / 10000000 address SQL deletes
  6500000 / 10000000 address SQL deletes
  6600000 / 10000000 address SQL deletes
  6700000 / 10000000 address SQL deletes
  6800000 / 10000000 address SQL deletes
  6900000 / 10000000 address SQL deletes
  7000000 / 10000000 address SQL deletes
  7100000 / 10000000 address SQL deletes
  7200000 / 10000000 address SQL deletes
  7300000 / 10000000 address SQL deletes
  7400000 / 10000000 address SQL deletes
  7500000 / 10000000 address SQL deletes
  7600000 / 10000000 address SQL deletes
  7700000 / 10000000 address SQL deletes
  7800000 / 10000000 address SQL deletes
  7900000 / 10000000 address SQL deletes
  8000000 / 10000000 address SQL deletes
  8100000 / 10000000 address SQL deletes
  8200000 / 10000000 address SQL deletes
  8300000 / 10000000 address SQL deletes
  8400000 / 10000000 address SQL deletes
  8500000 / 10000000 address SQL deletes
  8600000 / 10000000 address SQL deletes
  8700000 / 10000000 address SQL deletes
  8800000 / 10000000 address SQL deletes
  8900000 / 10000000 address SQL deletes
  9000000 / 10000000 address SQL deletes
  9100000 / 10000000 address SQL deletes
  9200000 / 10000000 address SQL deletes
  9300000 / 10000000 address SQL deletes
  9400000 / 10000000 address SQL deletes
  9500000 / 10000000 address SQL deletes
  9600000 / 10000000 address SQL deletes
  9700000 / 10000000 address SQL deletes
  9800000 / 10000000 address SQL deletes
  9900000 / 10000000 address SQL deletes
  10000000 / 10000000 address SQL deletes

--- address Mongo inserts ---
  100000 / 10000000 address Mongo inserts
  200000 / 10000000 address Mongo inserts
  300000 / 10000000 address Mongo inserts
  400000 / 10000000 address Mongo inserts
  500000 / 10000000 address Mongo inserts
  600000 / 10000000 address Mongo inserts
  700000 / 10000000 address Mongo inserts
  800000 / 10000000 address Mongo inserts
  900000 / 10000000 address Mongo inserts
  1000000 / 10000000 address Mongo inserts
  1100000 / 10000000 address Mongo inserts
  1200000 / 10000000 address Mongo inserts
  1300000 / 10000000 address Mongo inserts
  1400000 / 10000000 address Mongo inserts
  1500000 / 10000000 address Mongo inserts
  1600000 / 10000000 address Mongo inserts
  1700000 / 10000000 address Mongo inserts
  1800000 / 10000000 address Mongo inserts
  1900000 / 10000000 address Mongo inserts
  2000000 / 10000000 address Mongo inserts
  2100000 / 10000000 address Mongo inserts
  2200000 / 10000000 address Mongo inserts
  2300000 / 10000000 address Mongo inserts
  2400000 / 10000000 address Mongo inserts
  2500000 / 10000000 address Mongo inserts
  2600000 / 10000000 address Mongo inserts
  2700000 / 10000000 address Mongo inserts
  2800000 / 10000000 address Mongo inserts
  2900000 / 10000000 address Mongo inserts
  3000000 / 10000000 address Mongo inserts
  3100000 / 10000000 address Mongo inserts
  3200000 / 10000000 address Mongo inserts
  3300000 / 10000000 address Mongo inserts
  3400000 / 10000000 address Mongo inserts
  3500000 / 10000000 address Mongo inserts
  3600000 / 10000000 address Mongo inserts
  3700000 / 10000000 address Mongo inserts
  3800000 / 10000000 address Mongo inserts
  3900000 / 10000000 address Mongo inserts
  4000000 / 10000000 address Mongo inserts
  4100000 / 10000000 address Mongo inserts
  4200000 / 10000000 address Mongo inserts
  4300000 / 10000000 address Mongo inserts
  4400000 / 10000000 address Mongo inserts
  4500000 / 10000000 address Mongo inserts
  4600000 / 10000000 address Mongo inserts
  4700000 / 10000000 address Mongo inserts
  4800000 / 10000000 address Mongo inserts
  4900000 / 10000000 address Mongo inserts
  5000000 / 10000000 address Mongo inserts
  5100000 / 10000000 address Mongo inserts
  5200000 / 10000000 address Mongo inserts
  5300000 / 10000000 address Mongo inserts
  5400000 / 10000000 address Mongo inserts
  5500000 / 10000000 address Mongo inserts
  5600000 / 10000000 address Mongo inserts
  5700000 / 10000000 address Mongo inserts
  5800000 / 10000000 address Mongo inserts
  5900000 / 10000000 address Mongo inserts
  6000000 / 10000000 address Mongo inserts
  6100000 / 10000000 address Mongo inserts
  6200000 / 10000000 address Mongo inserts
  6300000 / 10000000 address Mongo inserts
  6400000 / 10000000 address Mongo inserts
  6500000 / 10000000 address Mongo inserts
  6600000 / 10000000 address Mongo inserts
  6700000 / 10000000 address Mongo inserts
  6800000 / 10000000 address Mongo inserts
  6900000 / 10000000 address Mongo inserts
  7000000 / 10000000 address Mongo inserts
  7100000 / 10000000 address Mongo inserts
  7200000 / 10000000 address Mongo inserts
  7300000 / 10000000 address Mongo inserts
  7400000 / 10000000 address Mongo inserts
  7500000 / 10000000 address Mongo inserts
  7600000 / 10000000 address Mongo inserts
  7700000 / 10000000 address Mongo inserts
  7800000 / 10000000 address Mongo inserts
  7900000 / 10000000 address Mongo inserts
  8000000 / 10000000 address Mongo inserts
  8100000 / 10000000 address Mongo inserts
  8200000 / 10000000 address Mongo inserts
  8300000 / 10000000 address Mongo inserts
  8400000 / 10000000 address Mongo inserts
  8500000 / 10000000 address Mongo inserts
  8600000 / 10000000 address Mongo inserts
  8700000 / 10000000 address Mongo inserts
  8800000 / 10000000 address Mongo inserts
  8900000 / 10000000 address Mongo inserts
  9000000 / 10000000 address Mongo inserts
  9100000 / 10000000 address Mongo inserts
  9200000 / 10000000 address Mongo inserts
  9300000 / 10000000 address Mongo inserts
  9400000 / 10000000 address Mongo inserts
  9500000 / 10000000 address Mongo inserts
  9600000 / 10000000 address Mongo inserts
  9700000 / 10000000 address Mongo inserts
  9800000 / 10000000 address Mongo inserts
  9900000 / 10000000 address Mongo inserts
  10000000 / 10000000 address Mongo inserts

--- address Redis sets ---
  100000 / 10000000 address Redis sets
  200000 / 10000000 address Redis sets
  300000 / 10000000 address Redis sets
  400000 / 10000000 address Redis sets
  500000 / 10000000 address Redis sets
  600000 / 10000000 address Redis sets
  700000 / 10000000 address Redis sets
  800000 / 10000000 address Redis sets
  900000 / 10000000 address Redis sets
  1000000 / 10000000 address Redis sets
  1100000 / 10000000 address Redis sets
  1200000 / 10000000 address Redis sets
  1300000 / 10000000 address Redis sets
  1400000 / 10000000 address Redis sets
  1500000 / 10000000 address Redis sets
  1600000 / 10000000 address Redis sets
  1700000 / 10000000 address Redis sets
  1800000 / 10000000 address Redis sets
  1900000 / 10000000 address Redis sets
  2000000 / 10000000 address Redis sets
  2100000 / 10000000 address Redis sets
  2200000 / 10000000 address Redis sets
  2300000 / 10000000 address Redis sets
  2400000 / 10000000 address Redis sets
  2500000 / 10000000 address Redis sets
  2600000 / 10000000 address Redis sets
  2700000 / 10000000 address Redis sets
  2800000 / 10000000 address Redis sets
  2900000 / 10000000 address Redis sets
  3000000 / 10000000 address Redis sets
  3100000 / 10000000 address Redis sets
  3200000 / 10000000 address Redis sets
  3300000 / 10000000 address Redis sets
  3400000 / 10000000 address Redis sets
  3500000 / 10000000 address Redis sets
  3600000 / 10000000 address Redis sets
  3700000 / 10000000 address Redis sets
  3800000 / 10000000 address Redis sets
  3900000 / 10000000 address Redis sets
  4000000 / 10000000 address Redis sets
  4100000 / 10000000 address Redis sets
  4200000 / 10000000 address Redis sets
  4300000 / 10000000 address Redis sets
  4400000 / 10000000 address Redis sets
  4500000 / 10000000 address Redis sets
  4600000 / 10000000 address Redis sets
  4700000 / 10000000 address Redis sets
  4800000 / 10000000 address Redis sets
  4900000 / 10000000 address Redis sets
  5000000 / 10000000 address Redis sets
  5100000 / 10000000 address Redis sets
  5200000 / 10000000 address Redis sets
  5300000 / 10000000 address Redis sets
  5400000 / 10000000 address Redis sets
  5500000 / 10000000 address Redis sets
  5600000 / 10000000 address Redis sets
  5700000 / 10000000 address Redis sets
  5800000 / 10000000 address Redis sets
  5900000 / 10000000 address Redis sets
  6000000 / 10000000 address Redis sets
  6100000 / 10000000 address Redis sets
  6200000 / 10000000 address Redis sets
  6300000 / 10000000 address Redis sets
  6400000 / 10000000 address Redis sets
  6500000 / 10000000 address Redis sets
  6600000 / 10000000 address Redis sets
  6700000 / 10000000 address Redis sets
  6800000 / 10000000 address Redis sets
  6900000 / 10000000 address Redis sets
  7000000 / 10000000 address Redis sets
  7100000 / 10000000 address Redis sets
  7200000 / 10000000 address Redis sets
  7300000 / 10000000 address Redis sets
  7400000 / 10000000 address Redis sets
  7500000 / 10000000 address Redis sets
  7600000 / 10000000 address Redis sets
  7700000 / 10000000 address Redis sets
  7800000 / 10000000 address Redis sets
  7900000 / 10000000 address Redis sets
  8000000 / 10000000 address Redis sets
  8100000 / 10000000 address Redis sets
  8200000 / 10000000 address Redis sets
  8300000 / 10000000 address Redis sets
  8400000 / 10000000 address Redis sets
  8500000 / 10000000 address Redis sets
  8600000 / 10000000 address Redis sets
  8700000 / 10000000 address Redis sets
  8800000 / 10000000 address Redis sets
  8900000 / 10000000 address Redis sets
  9000000 / 10000000 address Redis sets
  9100000 / 10000000 address Redis sets
  9200000 / 10000000 address Redis sets
  9300000 / 10000000 address Redis sets
  9400000 / 10000000 address Redis sets
  9500000 / 10000000 address Redis sets
  9600000 / 10000000 address Redis sets
  9700000 / 10000000 address Redis sets
  9800000 / 10000000 address Redis sets
  9900000 / 10000000 address Redis sets
  10000000 / 10000000 address Redis sets

--- product SQL inserts ---
  100000 / 100000 product SQL inserts

--- product SQL selects ---
  100000 / 100000 product SQL selects

--- product SQL updates ---
  100000 / 100000 product SQL updates

--- product SQL deletes ---
  100000 / 100000 product SQL deletes

--- product Mongo inserts ---
  100000 / 100000 product Mongo inserts

--- product Mongo finds ---
  100000 / 100000 product Mongo finds

--- product Mongo updates ---
  100000 / 100000 product Mongo updates

--- product Mongo deletes ---
  100000 / 100000 product Mongo deletes

--- product Redis sets ---
  100000 / 100000 product Redis sets

--- product Redis gets ---
  100000 / 100000 product Redis gets

--- product Redis updates ---
  100000 / 100000 product Redis updates

--- product Redis deletes ---
  100000 / 100000 product Redis deletes

--- product image SQL inserts ---
  100000 / 100000 product image SQL inserts

--- product image Mongo inserts ---
  100000 / 100000 product image Mongo inserts

--- order SQL inserts ---
  100000 / 10000000 order SQL inserts
  200000 / 10000000 order SQL inserts
  300000 / 10000000 order SQL inserts
  400000 / 10000000 order SQL inserts
  500000 / 10000000 order SQL inserts
  600000 / 10000000 order SQL inserts
  700000 / 10000000 order SQL inserts
  800000 / 10000000 order SQL inserts
  900000 / 10000000 order SQL inserts
  1000000 / 10000000 order SQL inserts
  1100000 / 10000000 order SQL inserts
  1200000 / 10000000 order SQL inserts
  1300000 / 10000000 order SQL inserts
  1400000 / 10000000 order SQL inserts
  1500000 / 10000000 order SQL inserts
  1600000 / 10000000 order SQL inserts
  1700000 / 10000000 order SQL inserts
  1800000 / 10000000 order SQL inserts
  1900000 / 10000000 order SQL inserts
  2000000 / 10000000 order SQL inserts
  2100000 / 10000000 order SQL inserts
  2200000 / 10000000 order SQL inserts
  2300000 / 10000000 order SQL inserts
  2400000 / 10000000 order SQL inserts
  2500000 / 10000000 order SQL inserts
  2600000 / 10000000 order SQL inserts
  2700000 / 10000000 order SQL inserts
  2800000 / 10000000 order SQL inserts
  2900000 / 10000000 order SQL inserts
  3000000 / 10000000 order SQL inserts
  3100000 / 10000000 order SQL inserts
  3200000 / 10000000 order SQL inserts
  3300000 / 10000000 order SQL inserts
  3400000 / 10000000 order SQL inserts
  3500000 / 10000000 order SQL inserts
  3600000 / 10000000 order SQL inserts
  3700000 / 10000000 order SQL inserts
  3800000 / 10000000 order SQL inserts
  3900000 / 10000000 order SQL inserts
  4000000 / 10000000 order SQL inserts
  4100000 / 10000000 order SQL inserts
  4200000 / 10000000 order SQL inserts
  4300000 / 10000000 order SQL inserts
  4400000 / 10000000 order SQL inserts
  4500000 / 10000000 order SQL inserts
  4600000 / 10000000 order SQL inserts
  4700000 / 10000000 order SQL inserts
  4800000 / 10000000 order SQL inserts
  4900000 / 10000000 order SQL inserts
  5000000 / 10000000 order SQL inserts
  5100000 / 10000000 order SQL inserts
  5200000 / 10000000 order SQL inserts
  5300000 / 10000000 order SQL inserts
  5400000 / 10000000 order SQL inserts
  5500000 / 10000000 order SQL inserts
  5600000 / 10000000 order SQL inserts
  5700000 / 10000000 order SQL inserts
  5800000 / 10000000 order SQL inserts
  5900000 / 10000000 order SQL inserts
  6000000 / 10000000 order SQL inserts
  6100000 / 10000000 order SQL inserts
  6200000 / 10000000 order SQL inserts
  6300000 / 10000000 order SQL inserts
  6400000 / 10000000 order SQL inserts
  6500000 / 10000000 order SQL inserts
  6600000 / 10000000 order SQL inserts
  6700000 / 10000000 order SQL inserts
  6800000 / 10000000 order SQL inserts
  6900000 / 10000000 order SQL inserts
  7000000 / 10000000 order SQL inserts
  7100000 / 10000000 order SQL inserts
  7200000 / 10000000 order SQL inserts
  7300000 / 10000000 order SQL inserts
  7400000 / 10000000 order SQL inserts
  7500000 / 10000000 order SQL inserts
  7600000 / 10000000 order SQL inserts
  7700000 / 10000000 order SQL inserts
  7800000 / 10000000 order SQL inserts
  7900000 / 10000000 order SQL inserts
  8000000 / 10000000 order SQL inserts
  8100000 / 10000000 order SQL inserts
  8200000 / 10000000 order SQL inserts
  8300000 / 10000000 order SQL inserts
  8400000 / 10000000 order SQL inserts
  8500000 / 10000000 order SQL inserts
  8600000 / 10000000 order SQL inserts
  8700000 / 10000000 order SQL inserts
  8800000 / 10000000 order SQL inserts
  8900000 / 10000000 order SQL inserts
  9000000 / 10000000 order SQL inserts
  9100000 / 10000000 order SQL inserts
  9200000 / 10000000 order SQL inserts
  9300000 / 10000000 order SQL inserts
  9400000 / 10000000 order SQL inserts
  9500000 / 10000000 order SQL inserts
  9600000 / 10000000 order SQL inserts
  9700000 / 10000000 order SQL inserts
  9800000 / 10000000 order SQL inserts
  9900000 / 10000000 order SQL inserts
  10000000 / 10000000 order SQL inserts

--- order SQL selects ---
  100000 / 10000000 order SQL selects
  200000 / 10000000 order SQL selects
  300000 / 10000000 order SQL selects
  400000 / 10000000 order SQL selects
  500000 / 10000000 order SQL selects
  600000 / 10000000 order SQL selects
  700000 / 10000000 order SQL selects
  800000 / 10000000 order SQL selects
  900000 / 10000000 order SQL selects
  1000000 / 10000000 order SQL selects
  1100000 / 10000000 order SQL selects
  1200000 / 10000000 order SQL selects
  1300000 / 10000000 order SQL selects
  1400000 / 10000000 order SQL selects
  1500000 / 10000000 order SQL selects
  1600000 / 10000000 order SQL selects
  1700000 / 10000000 order SQL selects
  1800000 / 10000000 order SQL selects
  1900000 / 10000000 order SQL selects
  2000000 / 10000000 order SQL selects
  2100000 / 10000000 order SQL selects
  2200000 / 10000000 order SQL selects
  2300000 / 10000000 order SQL selects
  2400000 / 10000000 order SQL selects
  2500000 / 10000000 order SQL selects
  2600000 / 10000000 order SQL selects
  2700000 / 10000000 order SQL selects
  2800000 / 10000000 order SQL selects
  2900000 / 10000000 order SQL selects
  3000000 / 10000000 order SQL selects
  3100000 / 10000000 order SQL selects
  3200000 / 10000000 order SQL selects
  3300000 / 10000000 order SQL selects
  3400000 / 10000000 order SQL selects
  3500000 / 10000000 order SQL selects
  3600000 / 10000000 order SQL selects
  3700000 / 10000000 order SQL selects
  3800000 / 10000000 order SQL selects
  3900000 / 10000000 order SQL selects
  4000000 / 10000000 order SQL selects
  4100000 / 10000000 order SQL selects
  4200000 / 10000000 order SQL selects
  4300000 / 10000000 order SQL selects
  4400000 / 10000000 order SQL selects
  4500000 / 10000000 order SQL selects
  4600000 / 10000000 order SQL selects
  4700000 / 10000000 order SQL selects
  4800000 / 10000000 order SQL selects
  4900000 / 10000000 order SQL selects
  5000000 / 10000000 order SQL selects
  5100000 / 10000000 order SQL selects
  5200000 / 10000000 order SQL selects
  5300000 / 10000000 order SQL selects
  5400000 / 10000000 order SQL selects
  5500000 / 10000000 order SQL selects
  5600000 / 10000000 order SQL selects
  5700000 / 10000000 order SQL selects
  5800000 / 10000000 order SQL selects
  5900000 / 10000000 order SQL selects
  6000000 / 10000000 order SQL selects
  6100000 / 10000000 order SQL selects
  6200000 / 10000000 order SQL selects
  6300000 / 10000000 order SQL selects
  6400000 / 10000000 order SQL selects
  6500000 / 10000000 order SQL selects
  6600000 / 10000000 order SQL selects
  6700000 / 10000000 order SQL selects
  6800000 / 10000000 order SQL selects
  6900000 / 10000000 order SQL selects
  7000000 / 10000000 order SQL selects
  7100000 / 10000000 order SQL selects
  7200000 / 10000000 order SQL selects
  7300000 / 10000000 order SQL selects
  7400000 / 10000000 order SQL selects
  7500000 / 10000000 order SQL selects
  7600000 / 10000000 order SQL selects
  7700000 / 10000000 order SQL selects
  7800000 / 10000000 order SQL selects
  7900000 / 10000000 order SQL selects
  8000000 / 10000000 order SQL selects
  8100000 / 10000000 order SQL selects
  8200000 / 10000000 order SQL selects
  8300000 / 10000000 order SQL selects
  8400000 / 10000000 order SQL selects
  8500000 / 10000000 order SQL selects
  8600000 / 10000000 order SQL selects
  8700000 / 10000000 order SQL selects
  8800000 / 10000000 order SQL selects
  8900000 / 10000000 order SQL selects
  9000000 / 10000000 order SQL selects
  9100000 / 10000000 order SQL selects
  9200000 / 10000000 order SQL selects
  9300000 / 10000000 order SQL selects
  9400000 / 10000000 order SQL selects
  9500000 / 10000000 order SQL selects
  9600000 / 10000000 order SQL selects
  9700000 / 10000000 order SQL selects
  9800000 / 10000000 order SQL selects
  9900000 / 10000000 order SQL selects
  10000000 / 10000000 order SQL selects

--- order SQL updates ---
  100000 / 10000000 order SQL updates
  200000 / 10000000 order SQL updates
  300000 / 10000000 order SQL updates
  400000 / 10000000 order SQL updates
  500000 / 10000000 order SQL updates
  600000 / 10000000 order SQL updates
  700000 / 10000000 order SQL updates
  800000 / 10000000 order SQL updates
  900000 / 10000000 order SQL updates
  1000000 / 10000000 order SQL updates
  1100000 / 10000000 order SQL updates
  1200000 / 10000000 order SQL updates
  1300000 / 10000000 order SQL updates
  1400000 / 10000000 order SQL updates
  1500000 / 10000000 order SQL updates
  1600000 / 10000000 order SQL updates
  1700000 / 10000000 order SQL updates
  1800000 / 10000000 order SQL updates
  1900000 / 10000000 order SQL updates
  2000000 / 10000000 order SQL updates
  2100000 / 10000000 order SQL updates
  2200000 / 10000000 order SQL updates
  2300000 / 10000000 order SQL updates
  2400000 / 10000000 order SQL updates
  2500000 / 10000000 order SQL updates
  2600000 / 10000000 order SQL updates
  2700000 / 10000000 order SQL updates
  2800000 / 10000000 order SQL updates
  2900000 / 10000000 order SQL updates
  3000000 / 10000000 order SQL updates
  3100000 / 10000000 order SQL updates
  3200000 / 10000000 order SQL updates
  3300000 / 10000000 order SQL updates
  3400000 / 10000000 order SQL updates
  3500000 / 10000000 order SQL updates
  3600000 / 10000000 order SQL updates
  3700000 / 10000000 order SQL updates
  3800000 / 10000000 order SQL updates
  3900000 / 10000000 order SQL updates
  4000000 / 10000000 order SQL updates
  4100000 / 10000000 order SQL updates
  4200000 / 10000000 order SQL updates
  4300000 / 10000000 order SQL updates
  4400000 / 10000000 order SQL updates
  4500000 / 10000000 order SQL updates
  4600000 / 10000000 order SQL updates
  4700000 / 10000000 order SQL updates
  4800000 / 10000000 order SQL updates
  4900000 / 10000000 order SQL updates
  5000000 / 10000000 order SQL updates
  5100000 / 10000000 order SQL updates
  5200000 / 10000000 order SQL updates
  5300000 / 10000000 order SQL updates
  5400000 / 10000000 order SQL updates
  5500000 / 10000000 order SQL updates
  5600000 / 10000000 order SQL updates
  5700000 / 10000000 order SQL updates
  5800000 / 10000000 order SQL updates
  5900000 / 10000000 order SQL updates
  6000000 / 10000000 order SQL updates
  6100000 / 10000000 order SQL updates
  6200000 / 10000000 order SQL updates
  6300000 / 10000000 order SQL updates
  6400000 / 10000000 order SQL updates
  6500000 / 10000000 order SQL updates
  6600000 / 10000000 order SQL updates
  6700000 / 10000000 order SQL updates
  6800000 / 10000000 order SQL updates
  6900000 / 10000000 order SQL updates
  7000000 / 10000000 order SQL updates
  7100000 / 10000000 order SQL updates
  7200000 / 10000000 order SQL updates
  7300000 / 10000000 order SQL updates
  7400000 / 10000000 order SQL updates
  7500000 / 10000000 order SQL updates
  7600000 / 10000000 order SQL updates
  7700000 / 10000000 order SQL updates
  7800000 / 10000000 order SQL updates
  7900000 / 10000000 order SQL updates
  8000000 / 10000000 order SQL updates
  8100000 / 10000000 order SQL updates
  8200000 / 10000000 order SQL updates
  8300000 / 10000000 order SQL updates
  8400000 / 10000000 order SQL updates
  8500000 / 10000000 order SQL updates
  8600000 / 10000000 order SQL updates
  8700000 / 10000000 order SQL updates
  8800000 / 10000000 order SQL updates
  8900000 / 10000000 order SQL updates
  9000000 / 10000000 order SQL updates
  9100000 / 10000000 order SQL updates
  9200000 / 10000000 order SQL updates
  9300000 / 10000000 order SQL updates
  9400000 / 10000000 order SQL updates
  9500000 / 10000000 order SQL updates
  9600000 / 10000000 order SQL updates
  9700000 / 10000000 order SQL updates
  9800000 / 10000000 order SQL updates
  9900000 / 10000000 order SQL updates
  10000000 / 10000000 order SQL updates

--- order SQL deletes ---
  100000 / 10000000 order SQL deletes
  200000 / 10000000 order SQL deletes
  300000 / 10000000 order SQL deletes
  400000 / 10000000 order SQL deletes
  500000 / 10000000 order SQL deletes
  600000 / 10000000 order SQL deletes
  700000 / 10000000 order SQL deletes
  800000 / 10000000 order SQL deletes
  900000 / 10000000 order SQL deletes
  1000000 / 10000000 order SQL deletes
  1100000 / 10000000 order SQL deletes
  1200000 / 10000000 order SQL deletes
  1300000 / 10000000 order SQL deletes
  1400000 / 10000000 order SQL deletes
  1500000 / 10000000 order SQL deletes
  1600000 / 10000000 order SQL deletes
  1700000 / 10000000 order SQL deletes
  1800000 / 10000000 order SQL deletes
  1900000 / 10000000 order SQL deletes
  2000000 / 10000000 order SQL deletes
  2100000 / 10000000 order SQL deletes
  2200000 / 10000000 order SQL deletes
  2300000 / 10000000 order SQL deletes
  2400000 / 10000000 order SQL deletes
  2500000 / 10000000 order SQL deletes
  2600000 / 10000000 order SQL deletes
  2700000 / 10000000 order SQL deletes
  2800000 / 10000000 order SQL deletes
  2900000 / 10000000 order SQL deletes
  3000000 / 10000000 order SQL deletes
  3100000 / 10000000 order SQL deletes
  3200000 / 10000000 order SQL deletes
  3300000 / 10000000 order SQL deletes
  3400000 / 10000000 order SQL deletes
  3500000 / 10000000 order SQL deletes
  3600000 / 10000000 order SQL deletes
  3700000 / 10000000 order SQL deletes
  3800000 / 10000000 order SQL deletes
  3900000 / 10000000 order SQL deletes
  4000000 / 10000000 order SQL deletes
  4100000 / 10000000 order SQL deletes
  4200000 / 10000000 order SQL deletes
  4300000 / 10000000 order SQL deletes
  4400000 / 10000000 order SQL deletes
  4500000 / 10000000 order SQL deletes
  4600000 / 10000000 order SQL deletes
  4700000 / 10000000 order SQL deletes
  4800000 / 10000000 order SQL deletes
  4900000 / 10000000 order SQL deletes
  5000000 / 10000000 order SQL deletes
  5100000 / 10000000 order SQL deletes
  5200000 / 10000000 order SQL deletes
  5300000 / 10000000 order SQL deletes
  5400000 / 10000000 order SQL deletes
  5500000 / 10000000 order SQL deletes
  5600000 / 10000000 order SQL deletes
  5700000 / 10000000 order SQL deletes
  5800000 / 10000000 order SQL deletes
  5900000 / 10000000 order SQL deletes
  6000000 / 10000000 order SQL deletes
  6100000 / 10000000 order SQL deletes
  6200000 / 10000000 order SQL deletes
  6300000 / 10000000 order SQL deletes
  6400000 / 10000000 order SQL deletes
  6500000 / 10000000 order SQL deletes
  6600000 / 10000000 order SQL deletes
  6700000 / 10000000 order SQL deletes
  6800000 / 10000000 order SQL deletes
  6900000 / 10000000 order SQL deletes
  7000000 / 10000000 order SQL deletes
  7100000 / 10000000 order SQL deletes
  7200000 / 10000000 order SQL deletes
  7300000 / 10000000 order SQL deletes
  7400000 / 10000000 order SQL deletes
  7500000 / 10000000 order SQL deletes
  7600000 / 10000000 order SQL deletes
  7700000 / 10000000 order SQL deletes
  7800000 / 10000000 order SQL deletes
  7900000 / 10000000 order SQL deletes
  8000000 / 10000000 order SQL deletes
  8100000 / 10000000 order SQL deletes
  8200000 / 10000000 order SQL deletes
  8300000 / 10000000 order SQL deletes
  8400000 / 10000000 order SQL deletes
  8500000 / 10000000 order SQL deletes
  8600000 / 10000000 order SQL deletes
  8700000 / 10000000 order SQL deletes
  8800000 / 10000000 order SQL deletes
  8900000 / 10000000 order SQL deletes
  9000000 / 10000000 order SQL deletes
  9100000 / 10000000 order SQL deletes
  9200000 / 10000000 order SQL deletes
  9300000 / 10000000 order SQL deletes
  9400000 / 10000000 order SQL deletes
  9500000 / 10000000 order SQL deletes
  9600000 / 10000000 order SQL deletes
  9700000 / 10000000 order SQL deletes
  9800000 / 10000000 order SQL deletes
  9900000 / 10000000 order SQL deletes
  10000000 / 10000000 order SQL deletes

--- order Mongo inserts ---
  100000 / 10000000 order Mongo inserts
  200000 / 10000000 order Mongo inserts
  300000 / 10000000 order Mongo inserts
  400000 / 10000000 order Mongo inserts
  500000 / 10000000 order Mongo inserts
  600000 / 10000000 order Mongo inserts
  700000 / 10000000 order Mongo inserts
  800000 / 10000000 order Mongo inserts
  900000 / 10000000 order Mongo inserts
  1000000 / 10000000 order Mongo inserts
  1100000 / 10000000 order Mongo inserts
  1200000 / 10000000 order Mongo inserts
  1300000 / 10000000 order Mongo inserts
  1400000 / 10000000 order Mongo inserts
  1500000 / 10000000 order Mongo inserts
  1600000 / 10000000 order Mongo inserts
  1700000 / 10000000 order Mongo inserts
  1800000 / 10000000 order Mongo inserts
  1900000 / 10000000 order Mongo inserts
  2000000 / 10000000 order Mongo inserts
  2100000 / 10000000 order Mongo inserts
  2200000 / 10000000 order Mongo inserts
  2300000 / 10000000 order Mongo inserts
  2400000 / 10000000 order Mongo inserts
  2500000 / 10000000 order Mongo inserts
  2600000 / 10000000 order Mongo inserts
  2700000 / 10000000 order Mongo inserts
  2800000 / 10000000 order Mongo inserts
  2900000 / 10000000 order Mongo inserts
  3000000 / 10000000 order Mongo inserts
  3100000 / 10000000 order Mongo inserts
  3200000 / 10000000 order Mongo inserts
  3300000 / 10000000 order Mongo inserts
  3400000 / 10000000 order Mongo inserts
  3500000 / 10000000 order Mongo inserts
  3600000 / 10000000 order Mongo inserts
  3700000 / 10000000 order Mongo inserts
  3800000 / 10000000 order Mongo inserts
  3900000 / 10000000 order Mongo inserts
  4000000 / 10000000 order Mongo inserts
  4100000 / 10000000 order Mongo inserts
  4200000 / 10000000 order Mongo inserts
  4300000 / 10000000 order Mongo inserts
  4400000 / 10000000 order Mongo inserts
  4500000 / 10000000 order Mongo inserts
  4600000 / 10000000 order Mongo inserts
  4700000 / 10000000 order Mongo inserts
  4800000 / 10000000 order Mongo inserts
  4900000 / 10000000 order Mongo inserts
  5000000 / 10000000 order Mongo inserts
  5100000 / 10000000 order Mongo inserts
  5200000 / 10000000 order Mongo inserts
  5300000 / 10000000 order Mongo inserts
  5400000 / 10000000 order Mongo inserts
  5500000 / 10000000 order Mongo inserts
  5600000 / 10000000 order Mongo inserts
  5700000 / 10000000 order Mongo inserts
  5800000 / 10000000 order Mongo inserts
  5900000 / 10000000 order Mongo inserts
  6000000 / 10000000 order Mongo inserts
  6100000 / 10000000 order Mongo inserts
  6200000 / 10000000 order Mongo inserts
  6300000 / 10000000 order Mongo inserts
  6400000 / 10000000 order Mongo inserts
  6500000 / 10000000 order Mongo inserts
  6600000 / 10000000 order Mongo inserts
  6700000 / 10000000 order Mongo inserts
  6800000 / 10000000 order Mongo inserts
  6900000 / 10000000 order Mongo inserts
  7000000 / 10000000 order Mongo inserts
  7100000 / 10000000 order Mongo inserts
  7200000 / 10000000 order Mongo inserts
  7300000 / 10000000 order Mongo inserts
  7400000 / 10000000 order Mongo inserts
  7500000 / 10000000 order Mongo inserts
  7600000 / 10000000 order Mongo inserts
  7700000 / 10000000 order Mongo inserts
  7800000 / 10000000 order Mongo inserts
  7900000 / 10000000 order Mongo inserts
  8000000 / 10000000 order Mongo inserts
  8100000 / 10000000 order Mongo inserts
  8200000 / 10000000 order Mongo inserts
  8300000 / 10000000 order Mongo inserts
  8400000 / 10000000 order Mongo inserts
  8500000 / 10000000 order Mongo inserts
  8600000 / 10000000 order Mongo inserts
  8700000 / 10000000 order Mongo inserts
  8800000 / 10000000 order Mongo inserts
  8900000 / 10000000 order Mongo inserts
  9000000 / 10000000 order Mongo inserts
  9100000 / 10000000 order Mongo inserts
  9200000 / 10000000 order Mongo inserts
  9300000 / 10000000 order Mongo inserts
  9400000 / 10000000 order Mongo inserts
  9500000 / 10000000 order Mongo inserts
  9600000 / 10000000 order Mongo inserts
  9700000 / 10000000 order Mongo inserts
  9800000 / 10000000 order Mongo inserts
  9900000 / 10000000 order Mongo inserts
  10000000 / 10000000 order Mongo inserts

--- order Mongo finds ---
  100000 / 10000000 order Mongo finds
  200000 / 10000000 order Mongo finds
  300000 / 10000000 order Mongo finds
  400000 / 10000000 order Mongo finds
  500000 / 10000000 order Mongo finds
  600000 / 10000000 order Mongo finds
  700000 / 10000000 order Mongo finds
  800000 / 10000000 order Mongo finds
  900000 / 10000000 order Mongo finds
  1000000 / 10000000 order Mongo finds
  1100000 / 10000000 order Mongo finds
  1200000 / 10000000 order Mongo finds
  1300000 / 10000000 order Mongo finds
  1400000 / 10000000 order Mongo finds
  1500000 / 10000000 order Mongo finds
  1600000 / 10000000 order Mongo finds
  1700000 / 10000000 order Mongo finds
  1800000 / 10000000 order Mongo finds
  1900000 / 10000000 order Mongo finds
  2000000 / 10000000 order Mongo finds
  2100000 / 10000000 order Mongo finds
  2200000 / 10000000 order Mongo finds
  2300000 / 10000000 order Mongo finds
  2400000 / 10000000 order Mongo finds
  2500000 / 10000000 order Mongo finds
  2600000 / 10000000 order Mongo finds
  2700000 / 10000000 order Mongo finds
  2800000 / 10000000 order Mongo finds
  2900000 / 10000000 order Mongo finds
  3000000 / 10000000 order Mongo finds
  3100000 / 10000000 order Mongo finds
  3200000 / 10000000 order Mongo finds
  3300000 / 10000000 order Mongo finds
  3400000 / 10000000 order Mongo finds
  3500000 / 10000000 order Mongo finds
  3600000 / 10000000 order Mongo finds
  3700000 / 10000000 order Mongo finds
  3800000 / 10000000 order Mongo finds
  3900000 / 10000000 order Mongo finds
  4000000 / 10000000 order Mongo finds
  4100000 / 10000000 order Mongo finds
  4200000 / 10000000 order Mongo finds
  4300000 / 10000000 order Mongo finds
  4400000 / 10000000 order Mongo finds
  4500000 / 10000000 order Mongo finds
  4600000 / 10000000 order Mongo finds
  4700000 / 10000000 order Mongo finds
  4800000 / 10000000 order Mongo finds
  4900000 / 10000000 order Mongo finds
  5000000 / 10000000 order Mongo finds
  5100000 / 10000000 order Mongo finds
  5200000 / 10000000 order Mongo finds
  5300000 / 10000000 order Mongo finds
  5400000 / 10000000 order Mongo finds
  5500000 / 10000000 order Mongo finds
  5600000 / 10000000 order Mongo finds
  5700000 / 10000000 order Mongo finds
  5800000 / 10000000 order Mongo finds
  5900000 / 10000000 order Mongo finds
  6000000 / 10000000 order Mongo finds
  6100000 / 10000000 order Mongo finds
  6200000 / 10000000 order Mongo finds
  6300000 / 10000000 order Mongo finds
  6400000 / 10000000 order Mongo finds
  6500000 / 10000000 order Mongo finds
  6600000 / 10000000 order Mongo finds
  6700000 / 10000000 order Mongo finds
  6800000 / 10000000 order Mongo finds
  6900000 / 10000000 order Mongo finds
  7000000 / 10000000 order Mongo finds
  7100000 / 10000000 order Mongo finds
  7200000 / 10000000 order Mongo finds
  7300000 / 10000000 order Mongo finds
  7400000 / 10000000 order Mongo finds
  7500000 / 10000000 order Mongo finds
  7600000 / 10000000 order Mongo finds
  7700000 / 10000000 order Mongo finds
  7800000 / 10000000 order Mongo finds
  7900000 / 10000000 order Mongo finds
  8000000 / 10000000 order Mongo finds
  8100000 / 10000000 order Mongo finds
  8200000 / 10000000 order Mongo finds
  8300000 / 10000000 order Mongo finds
  8400000 / 10000000 order Mongo finds
  8500000 / 10000000 order Mongo finds
  8600000 / 10000000 order Mongo finds
  8700000 / 10000000 order Mongo finds
  8800000 / 10000000 order Mongo finds
  8900000 / 10000000 order Mongo finds
  9000000 / 10000000 order Mongo finds
  9100000 / 10000000 order Mongo finds
  9200000 / 10000000 order Mongo finds
  9300000 / 10000000 order Mongo finds
  9400000 / 10000000 order Mongo finds
  9500000 / 10000000 order Mongo finds
  9600000 / 10000000 order Mongo finds
  9700000 / 10000000 order Mongo finds
  9800000 / 10000000 order Mongo finds
  9900000 / 10000000 order Mongo finds
  10000000 / 10000000 order Mongo finds

--- order Redis sets ---
  100000 / 10000000 order Redis sets
  200000 / 10000000 order Redis sets
  300000 / 10000000 order Redis sets
  400000 / 10000000 order Redis sets
  500000 / 10000000 order Redis sets
  600000 / 10000000 order Redis sets
  700000 / 10000000 order Redis sets
  800000 / 10000000 order Redis sets
  900000 / 10000000 order Redis sets
  1000000 / 10000000 order Redis sets
  1100000 / 10000000 order Redis sets
  1200000 / 10000000 order Redis sets
  1300000 / 10000000 order Redis sets
  1400000 / 10000000 order Redis sets
  1500000 / 10000000 order Redis sets
  1600000 / 10000000 order Redis sets
  1700000 / 10000000 order Redis sets
  1800000 / 10000000 order Redis sets
  1900000 / 10000000 order Redis sets
  2000000 / 10000000 order Redis sets
  2100000 / 10000000 order Redis sets
  2200000 / 10000000 order Redis sets
  2300000 / 10000000 order Redis sets
  2400000 / 10000000 order Redis sets
  2500000 / 10000000 order Redis sets
  2600000 / 10000000 order Redis sets
  2700000 / 10000000 order Redis sets
  2800000 / 10000000 order Redis sets
  2900000 / 10000000 order Redis sets
  3000000 / 10000000 order Redis sets
  3100000 / 10000000 order Redis sets
  3200000 / 10000000 order Redis sets
  3300000 / 10000000 order Redis sets
  3400000 / 10000000 order Redis sets
  3500000 / 10000000 order Redis sets
  3600000 / 10000000 order Redis sets
  3700000 / 10000000 order Redis sets
  3800000 / 10000000 order Redis sets
  3900000 / 10000000 order Redis sets
  4000000 / 10000000 order Redis sets
  4100000 / 10000000 order Redis sets
  4200000 / 10000000 order Redis sets
  4300000 / 10000000 order Redis sets
  4400000 / 10000000 order Redis sets
  4500000 / 10000000 order Redis sets
  4600000 / 10000000 order Redis sets
  4700000 / 10000000 order Redis sets
  4800000 / 10000000 order Redis sets
  4900000 / 10000000 order Redis sets
  5000000 / 10000000 order Redis sets
  5100000 / 10000000 order Redis sets
  5200000 / 10000000 order Redis sets
  5300000 / 10000000 order Redis sets
  5400000 / 10000000 order Redis sets
  5500000 / 10000000 order Redis sets
  5600000 / 10000000 order Redis sets
  5700000 / 10000000 order Redis sets
  5800000 / 10000000 order Redis sets
  5900000 / 10000000 order Redis sets
  6000000 / 10000000 order Redis sets
  6100000 / 10000000 order Redis sets
  6200000 / 10000000 order Redis sets
  6300000 / 10000000 order Redis sets
  6400000 / 10000000 order Redis sets
  6500000 / 10000000 order Redis sets
  6600000 / 10000000 order Redis sets
  6700000 / 10000000 order Redis sets
  6800000 / 10000000 order Redis sets
  6900000 / 10000000 order Redis sets
  7000000 / 10000000 order Redis sets
  7100000 / 10000000 order Redis sets
  7200000 / 10000000 order Redis sets
  7300000 / 10000000 order Redis sets
  7400000 / 10000000 order Redis sets
  7500000 / 10000000 order Redis sets
  7600000 / 10000000 order Redis sets
  7700000 / 10000000 order Redis sets
  7800000 / 10000000 order Redis sets
  7900000 / 10000000 order Redis sets
  8000000 / 10000000 order Redis sets
  8100000 / 10000000 order Redis sets
  8200000 / 10000000 order Redis sets
  8300000 / 10000000 order Redis sets
  8400000 / 10000000 order Redis sets
  8500000 / 10000000 order Redis sets
  8600000 / 10000000 order Redis sets
  8700000 / 10000000 order Redis sets
  8800000 / 10000000 order Redis sets
  8900000 / 10000000 order Redis sets
  9000000 / 10000000 order Redis sets
  9100000 / 10000000 order Redis sets
  9200000 / 10000000 order Redis sets
  9300000 / 10000000 order Redis sets
  9400000 / 10000000 order Redis sets
  9500000 / 10000000 order Redis sets
  9600000 / 10000000 order Redis sets
  9700000 / 10000000 order Redis sets
  9800000 / 10000000 order Redis sets
  9900000 / 10000000 order Redis sets
  10000000 / 10000000 order Redis sets

--- order Redis gets ---
  100000 / 10000000 order Redis gets
  200000 / 10000000 order Redis gets
  300000 / 10000000 order Redis gets
  400000 / 10000000 order Redis gets
  500000 / 10000000 order Redis gets
  600000 / 10000000 order Redis gets
  700000 / 10000000 order Redis gets
  800000 / 10000000 order Redis gets
  900000 / 10000000 order Redis gets
  1000000 / 10000000 order Redis gets
  1100000 / 10000000 order Redis gets
  1200000 / 10000000 order Redis gets
  1300000 / 10000000 order Redis gets
  1400000 / 10000000 order Redis gets
  1500000 / 10000000 order Redis gets
  1600000 / 10000000 order Redis gets
  1700000 / 10000000 order Redis gets
  1800000 / 10000000 order Redis gets
  1900000 / 10000000 order Redis gets
  2000000 / 10000000 order Redis gets
  2100000 / 10000000 order Redis gets
  2200000 / 10000000 order Redis gets
  2300000 / 10000000 order Redis gets
  2400000 / 10000000 order Redis gets
  2500000 / 10000000 order Redis gets
  2600000 / 10000000 order Redis gets
  2700000 / 10000000 order Redis gets
  2800000 / 10000000 order Redis gets
  2900000 / 10000000 order Redis gets
  3000000 / 10000000 order Redis gets
  3100000 / 10000000 order Redis gets
  3200000 / 10000000 order Redis gets
  3300000 / 10000000 order Redis gets
  3400000 / 10000000 order Redis gets
  3500000 / 10000000 order Redis gets
  3600000 / 10000000 order Redis gets
  3700000 / 10000000 order Redis gets
  3800000 / 10000000 order Redis gets
  3900000 / 10000000 order Redis gets
  4000000 / 10000000 order Redis gets
  4100000 / 10000000 order Redis gets
  4200000 / 10000000 order Redis gets
  4300000 / 10000000 order Redis gets
  4400000 / 10000000 order Redis gets
  4500000 / 10000000 order Redis gets
  4600000 / 10000000 order Redis gets
  4700000 / 10000000 order Redis gets
  4800000 / 10000000 order Redis gets
  4900000 / 10000000 order Redis gets
  5000000 / 10000000 order Redis gets
  5100000 / 10000000 order Redis gets
  5200000 / 10000000 order Redis gets
  5300000 / 10000000 order Redis gets
  5400000 / 10000000 order Redis gets
  5500000 / 10000000 order Redis gets
  5600000 / 10000000 order Redis gets
  5700000 / 10000000 order Redis gets
  5800000 / 10000000 order Redis gets
  5900000 / 10000000 order Redis gets
  6000000 / 10000000 order Redis gets
  6100000 / 10000000 order Redis gets
  6200000 / 10000000 order Redis gets
  6300000 / 10000000 order Redis gets
  6400000 / 10000000 order Redis gets
  6500000 / 10000000 order Redis gets
  6600000 / 10000000 order Redis gets
  6700000 / 10000000 order Redis gets
  6800000 / 10000000 order Redis gets
  6900000 / 10000000 order Redis gets
  7000000 / 10000000 order Redis gets
  7100000 / 10000000 order Redis gets
  7200000 / 10000000 order Redis gets
  7300000 / 10000000 order Redis gets
  7400000 / 10000000 order Redis gets
  7500000 / 10000000 order Redis gets
  7600000 / 10000000 order Redis gets
  7700000 / 10000000 order Redis gets
  7800000 / 10000000 order Redis gets
  7900000 / 10000000 order Redis gets
  8000000 / 10000000 order Redis gets
  8100000 / 10000000 order Redis gets
  8200000 / 10000000 order Redis gets
  8300000 / 10000000 order Redis gets
  8400000 / 10000000 order Redis gets
  8500000 / 10000000 order Redis gets
  8600000 / 10000000 order Redis gets
  8700000 / 10000000 order Redis gets
  8800000 / 10000000 order Redis gets
  8900000 / 10000000 order Redis gets
  9000000 / 10000000 order Redis gets
  9100000 / 10000000 order Redis gets
  9200000 / 10000000 order Redis gets
  9300000 / 10000000 order Redis gets
  9400000 / 10000000 order Redis gets
  9500000 / 10000000 order Redis gets
  9600000 / 10000000 order Redis gets
  9700000 / 10000000 order Redis gets
  9800000 / 10000000 order Redis gets
  9900000 / 10000000 order Redis gets
  10000000 / 10000000 order Redis gets

--- order Redis updates ---
  100000 / 10000000 order Redis updates
  200000 / 10000000 order Redis updates
  300000 / 10000000 order Redis updates
  400000 / 10000000 order Redis updates
  500000 / 10000000 order Redis updates
  600000 / 10000000 order Redis updates
  700000 / 10000000 order Redis updates
  800000 / 10000000 order Redis updates
  900000 / 10000000 order Redis updates
  1000000 / 10000000 order Redis updates
  1100000 / 10000000 order Redis updates
  1200000 / 10000000 order Redis updates
  1300000 / 10000000 order Redis updates
  1400000 / 10000000 order Redis updates
  1500000 / 10000000 order Redis updates
  1600000 / 10000000 order Redis updates
  1700000 / 10000000 order Redis updates
  1800000 / 10000000 order Redis updates
  1900000 / 10000000 order Redis updates
  2000000 / 10000000 order Redis updates
  2100000 / 10000000 order Redis updates
  2200000 / 10000000 order Redis updates
  2300000 / 10000000 order Redis updates
  2400000 / 10000000 order Redis updates
  2500000 / 10000000 order Redis updates
  2600000 / 10000000 order Redis updates
  2700000 / 10000000 order Redis updates
  2800000 / 10000000 order Redis updates
  2900000 / 10000000 order Redis updates
  3000000 / 10000000 order Redis updates
  3100000 / 10000000 order Redis updates
  3200000 / 10000000 order Redis updates
  3300000 / 10000000 order Redis updates
  3400000 / 10000000 order Redis updates
  3500000 / 10000000 order Redis updates
  3600000 / 10000000 order Redis updates
  3700000 / 10000000 order Redis updates
  3800000 / 10000000 order Redis updates
  3900000 / 10000000 order Redis updates
  4000000 / 10000000 order Redis updates
  4100000 / 10000000 order Redis updates
  4200000 / 10000000 order Redis updates
  4300000 / 10000000 order Redis updates
  4400000 / 10000000 order Redis updates
  4500000 / 10000000 order Redis updates
  4600000 / 10000000 order Redis updates
  4700000 / 10000000 order Redis updates
  4800000 / 10000000 order Redis updates
  4900000 / 10000000 order Redis updates
  5000000 / 10000000 order Redis updates
  5100000 / 10000000 order Redis updates
  5200000 / 10000000 order Redis updates
  5300000 / 10000000 order Redis updates
  5400000 / 10000000 order Redis updates
  5500000 / 10000000 order Redis updates
  5600000 / 10000000 order Redis updates
  5700000 / 10000000 order Redis updates
  5800000 / 10000000 order Redis updates
  5900000 / 10000000 order Redis updates
  6000000 / 10000000 order Redis updates
  6100000 / 10000000 order Redis updates
  6200000 / 10000000 order Redis updates
  6300000 / 10000000 order Redis updates
  6400000 / 10000000 order Redis updates
  6500000 / 10000000 order Redis updates
  6600000 / 10000000 order Redis updates
  6700000 / 10000000 order Redis updates
  6800000 / 10000000 order Redis updates
  6900000 / 10000000 order Redis updates
  7000000 / 10000000 order Redis updates
  7100000 / 10000000 order Redis updates
  7200000 / 10000000 order Redis updates
  7300000 / 10000000 order Redis updates
  7400000 / 10000000 order Redis updates
  7500000 / 10000000 order Redis updates
  7600000 / 10000000 order Redis updates
  7700000 / 10000000 order Redis updates
  7800000 / 10000000 order Redis updates
  7900000 / 10000000 order Redis updates
  8000000 / 10000000 order Redis updates
  8100000 / 10000000 order Redis updates
  8200000 / 10000000 order Redis updates
  8300000 / 10000000 order Redis updates
  8400000 / 10000000 order Redis updates
  8500000 / 10000000 order Redis updates
  8600000 / 10000000 order Redis updates
  8700000 / 10000000 order Redis updates
  8800000 / 10000000 order Redis updates
  8900000 / 10000000 order Redis updates
  9000000 / 10000000 order Redis updates
  9100000 / 10000000 order Redis updates
  9200000 / 10000000 order Redis updates
  9300000 / 10000000 order Redis updates
  9400000 / 10000000 order Redis updates
  9500000 / 10000000 order Redis updates
  9600000 / 10000000 order Redis updates
  9700000 / 10000000 order Redis updates
  9800000 / 10000000 order Redis updates
  9900000 / 10000000 order Redis updates
  10000000 / 10000000 order Redis updates

--- order Redis deletes ---
  100000 / 10000000 order Redis deletes
  200000 / 10000000 order Redis deletes
  300000 / 10000000 order Redis deletes
  400000 / 10000000 order Redis deletes
  500000 / 10000000 order Redis deletes
  600000 / 10000000 order Redis deletes
  700000 / 10000000 order Redis deletes
  800000 / 10000000 order Redis deletes
  900000 / 10000000 order Redis deletes
  1000000 / 10000000 order Redis deletes
  1100000 / 10000000 order Redis deletes
  1200000 / 10000000 order Redis deletes
  1300000 / 10000000 order Redis deletes
  1400000 / 10000000 order Redis deletes
  1500000 / 10000000 order Redis deletes
  1600000 / 10000000 order Redis deletes
  1700000 / 10000000 order Redis deletes
  1800000 / 10000000 order Redis deletes
  1900000 / 10000000 order Redis deletes
  2000000 / 10000000 order Redis deletes
  2100000 / 10000000 order Redis deletes
  2200000 / 10000000 order Redis deletes
  2300000 / 10000000 order Redis deletes
  2400000 / 10000000 order Redis deletes
  2500000 / 10000000 order Redis deletes
  2600000 / 10000000 order Redis deletes
  2700000 / 10000000 order Redis deletes
  2800000 / 10000000 order Redis deletes
  2900000 / 10000000 order Redis deletes
  3000000 / 10000000 order Redis deletes
  3100000 / 10000000 order Redis deletes
  3200000 / 10000000 order Redis deletes
  3300000 / 10000000 order Redis deletes
  3400000 / 10000000 order Redis deletes
  3500000 / 10000000 order Redis deletes
  3600000 / 10000000 order Redis deletes
  3700000 / 10000000 order Redis deletes
  3800000 / 10000000 order Redis deletes
  3900000 / 10000000 order Redis deletes
  4000000 / 10000000 order Redis deletes
  4100000 / 10000000 order Redis deletes
  4200000 / 10000000 order Redis deletes
  4300000 / 10000000 order Redis deletes
  4400000 / 10000000 order Redis deletes
  4500000 / 10000000 order Redis deletes
  4600000 / 10000000 order Redis deletes
  4700000 / 10000000 order Redis deletes
  4800000 / 10000000 order Redis deletes
  4900000 / 10000000 order Redis deletes
  5000000 / 10000000 order Redis deletes
  5100000 / 10000000 order Redis deletes
  5200000 / 10000000 order Redis deletes
  5300000 / 10000000 order Redis deletes
  5400000 / 10000000 order Redis deletes
  5500000 / 10000000 order Redis deletes
  5600000 / 10000000 order Redis deletes
  5700000 / 10000000 order Redis deletes
  5800000 / 10000000 order Redis deletes
  5900000 / 10000000 order Redis deletes
  6000000 / 10000000 order Redis deletes
  6100000 / 10000000 order Redis deletes
  6200000 / 10000000 order Redis deletes
  6300000 / 10000000 order Redis deletes
  6400000 / 10000000 order Redis deletes
  6500000 / 10000000 order Redis deletes
  6600000 / 10000000 order Redis deletes
  6700000 / 10000000 order Redis deletes
  6800000 / 10000000 order Redis deletes
  6900000 / 10000000 order Redis deletes
  7000000 / 10000000 order Redis deletes
  7100000 / 10000000 order Redis deletes
  7200000 / 10000000 order Redis deletes
  7300000 / 10000000 order Redis deletes
  7400000 / 10000000 order Redis deletes
  7500000 / 10000000 order Redis deletes
  7600000 / 10000000 order Redis deletes
  7700000 / 10000000 order Redis deletes
  7800000 / 10000000 order Redis deletes
  7900000 / 10000000 order Redis deletes
  8000000 / 10000000 order Redis deletes
  8100000 / 10000000 order Redis deletes
  8200000 / 10000000 order Redis deletes
  8300000 / 10000000 order Redis deletes
  8400000 / 10000000 order Redis deletes
  8500000 / 10000000 order Redis deletes
  8600000 / 10000000 order Redis deletes
  8700000 / 10000000 order Redis deletes
  8800000 / 10000000 order Redis deletes
  8900000 / 10000000 order Redis deletes
  9000000 / 10000000 order Redis deletes
  9100000 / 10000000 order Redis deletes
  9200000 / 10000000 order Redis deletes
  9300000 / 10000000 order Redis deletes
  9400000 / 10000000 order Redis deletes
  9500000 / 10000000 order Redis deletes
  9600000 / 10000000 order Redis deletes
  9700000 / 10000000 order Redis deletes
  9800000 / 10000000 order Redis deletes
  9900000 / 10000000 order Redis deletes
  10000000 / 10000000 order Redis deletes

--- order item SQL inserts ---
  100000 / 10000000 order item SQL inserts
  200000 / 10000000 order item SQL inserts
  300000 / 10000000 order item SQL inserts
  400000 / 10000000 order item SQL inserts
  500000 / 10000000 order item SQL inserts
  600000 / 10000000 order item SQL inserts
  700000 / 10000000 order item SQL inserts
  800000 / 10000000 order item SQL inserts
  900000 / 10000000 order item SQL inserts
  1000000 / 10000000 order item SQL inserts
  1100000 / 10000000 order item SQL inserts
  1200000 / 10000000 order item SQL inserts
  1300000 / 10000000 order item SQL inserts
  1400000 / 10000000 order item SQL inserts
  1500000 / 10000000 order item SQL inserts
  1600000 / 10000000 order item SQL inserts
  1700000 / 10000000 order item SQL inserts
  1800000 / 10000000 order item SQL inserts
  1900000 / 10000000 order item SQL inserts
  2000000 / 10000000 order item SQL inserts
  2100000 / 10000000 order item SQL inserts
  2200000 / 10000000 order item SQL inserts
  2300000 / 10000000 order item SQL inserts
  2400000 / 10000000 order item SQL inserts
  2500000 / 10000000 order item SQL inserts
  2600000 / 10000000 order item SQL inserts
  2700000 / 10000000 order item SQL inserts
  2800000 / 10000000 order item SQL inserts
  2900000 / 10000000 order item SQL inserts
  3000000 / 10000000 order item SQL inserts
  3100000 / 10000000 order item SQL inserts
  3200000 / 10000000 order item SQL inserts
  3300000 / 10000000 order item SQL inserts
  3400000 / 10000000 order item SQL inserts
  3500000 / 10000000 order item SQL inserts
  3600000 / 10000000 order item SQL inserts
  3700000 / 10000000 order item SQL inserts
  3800000 / 10000000 order item SQL inserts
  3900000 / 10000000 order item SQL inserts
  4000000 / 10000000 order item SQL inserts
  4100000 / 10000000 order item SQL inserts
  4200000 / 10000000 order item SQL inserts
  4300000 / 10000000 order item SQL inserts
  4400000 / 10000000 order item SQL inserts
  4500000 / 10000000 order item SQL inserts
  4600000 / 10000000 order item SQL inserts
  4700000 / 10000000 order item SQL inserts
  4800000 / 10000000 order item SQL inserts
  4900000 / 10000000 order item SQL inserts
  5000000 / 10000000 order item SQL inserts
  5100000 / 10000000 order item SQL inserts
  5200000 / 10000000 order item SQL inserts
  5300000 / 10000000 order item SQL inserts
  5400000 / 10000000 order item SQL inserts
  5500000 / 10000000 order item SQL inserts
  5600000 / 10000000 order item SQL inserts
  5700000 / 10000000 order item SQL inserts
  5800000 / 10000000 order item SQL inserts
  5900000 / 10000000 order item SQL inserts
  6000000 / 10000000 order item SQL inserts
  6100000 / 10000000 order item SQL inserts
  6200000 / 10000000 order item SQL inserts
  6300000 / 10000000 order item SQL inserts
  6400000 / 10000000 order item SQL inserts
  6500000 / 10000000 order item SQL inserts
  6600000 / 10000000 order item SQL inserts
  6700000 / 10000000 order item SQL inserts
  6800000 / 10000000 order item SQL inserts
  6900000 / 10000000 order item SQL inserts
  7000000 / 10000000 order item SQL inserts
  7100000 / 10000000 order item SQL inserts
  7200000 / 10000000 order item SQL inserts
  7300000 / 10000000 order item SQL inserts
  7400000 / 10000000 order item SQL inserts
  7500000 / 10000000 order item SQL inserts
  7600000 / 10000000 order item SQL inserts
  7700000 / 10000000 order item SQL inserts
  7800000 / 10000000 order item SQL inserts
  7900000 / 10000000 order item SQL inserts
  8000000 / 10000000 order item SQL inserts
  8100000 / 10000000 order item SQL inserts
  8200000 / 10000000 order item SQL inserts
  8300000 / 10000000 order item SQL inserts
  8400000 / 10000000 order item SQL inserts
  8500000 / 10000000 order item SQL inserts
  8600000 / 10000000 order item SQL inserts
  8700000 / 10000000 order item SQL inserts
  8800000 / 10000000 order item SQL inserts
  8900000 / 10000000 order item SQL inserts
  9000000 / 10000000 order item SQL inserts
  9100000 / 10000000 order item SQL inserts
  9200000 / 10000000 order item SQL inserts
  9300000 / 10000000 order item SQL inserts
  9400000 / 10000000 order item SQL inserts
  9500000 / 10000000 order item SQL inserts
  9600000 / 10000000 order item SQL inserts
  9700000 / 10000000 order item SQL inserts
  9800000 / 10000000 order item SQL inserts
  9900000 / 10000000 order item SQL inserts
  10000000 / 10000000 order item SQL inserts

--- order item Mongo inserts ---
  100000 / 10000000 order item Mongo inserts
  200000 / 10000000 order item Mongo inserts
  300000 / 10000000 order item Mongo inserts
  400000 / 10000000 order item Mongo inserts
  500000 / 10000000 order item Mongo inserts
  600000 / 10000000 order item Mongo inserts
  700000 / 10000000 order item Mongo inserts
  800000 / 10000000 order item Mongo inserts
  900000 / 10000000 order item Mongo inserts
  1000000 / 10000000 order item Mongo inserts
  1100000 / 10000000 order item Mongo inserts
  1200000 / 10000000 order item Mongo inserts
  1300000 / 10000000 order item Mongo inserts
  1400000 / 10000000 order item Mongo inserts
  1500000 / 10000000 order item Mongo inserts
  1600000 / 10000000 order item Mongo inserts
  1700000 / 10000000 order item Mongo inserts
  1800000 / 10000000 order item Mongo inserts
  1900000 / 10000000 order item Mongo inserts
  2000000 / 10000000 order item Mongo inserts
  2100000 / 10000000 order item Mongo inserts
  2200000 / 10000000 order item Mongo inserts
  2300000 / 10000000 order item Mongo inserts
  2400000 / 10000000 order item Mongo inserts
  2500000 / 10000000 order item Mongo inserts
  2600000 / 10000000 order item Mongo inserts
  2700000 / 10000000 order item Mongo inserts
  2800000 / 10000000 order item Mongo inserts
  2900000 / 10000000 order item Mongo inserts
  3000000 / 10000000 order item Mongo inserts
  3100000 / 10000000 order item Mongo inserts
  3200000 / 10000000 order item Mongo inserts
  3300000 / 10000000 order item Mongo inserts
  3400000 / 10000000 order item Mongo inserts
  3500000 / 10000000 order item Mongo inserts
  3600000 / 10000000 order item Mongo inserts
  3700000 / 10000000 order item Mongo inserts
  3800000 / 10000000 order item Mongo inserts
  3900000 / 10000000 order item Mongo inserts
  4000000 / 10000000 order item Mongo inserts
  4100000 / 10000000 order item Mongo inserts
  4200000 / 10000000 order item Mongo inserts
  4300000 / 10000000 order item Mongo inserts
  4400000 / 10000000 order item Mongo inserts
  4500000 / 10000000 order item Mongo inserts
  4600000 / 10000000 order item Mongo inserts
  4700000 / 10000000 order item Mongo inserts
  4800000 / 10000000 order item Mongo inserts
  4900000 / 10000000 order item Mongo inserts
  5000000 / 10000000 order item Mongo inserts
  5100000 / 10000000 order item Mongo inserts
  5200000 / 10000000 order item Mongo inserts
  5300000 / 10000000 order item Mongo inserts
  5400000 / 10000000 order item Mongo inserts
  5500000 / 10000000 order item Mongo inserts
  5600000 / 10000000 order item Mongo inserts
  5700000 / 10000000 order item Mongo inserts
  5800000 / 10000000 order item Mongo inserts
  5900000 / 10000000 order item Mongo inserts
  6000000 / 10000000 order item Mongo inserts
  6100000 / 10000000 order item Mongo inserts
  6200000 / 10000000 order item Mongo inserts
  6300000 / 10000000 order item Mongo inserts
  6400000 / 10000000 order item Mongo inserts
  6500000 / 10000000 order item Mongo inserts
  6600000 / 10000000 order item Mongo inserts
  6700000 / 10000000 order item Mongo inserts
  6800000 / 10000000 order item Mongo inserts
  6900000 / 10000000 order item Mongo inserts
  7000000 / 10000000 order item Mongo inserts
  7100000 / 10000000 order item Mongo inserts
  7200000 / 10000000 order item Mongo inserts
  7300000 / 10000000 order item Mongo inserts
  7400000 / 10000000 order item Mongo inserts
  7500000 / 10000000 order item Mongo inserts
  7600000 / 10000000 order item Mongo inserts
  7700000 / 10000000 order item Mongo inserts
  7800000 / 10000000 order item Mongo inserts
  7900000 / 10000000 order item Mongo inserts
  8000000 / 10000000 order item Mongo inserts
  8100000 / 10000000 order item Mongo inserts
  8200000 / 10000000 order item Mongo inserts
  8300000 / 10000000 order item Mongo inserts
  8400000 / 10000000 order item Mongo inserts
  8500000 / 10000000 order item Mongo inserts
  8600000 / 10000000 order item Mongo inserts
  8700000 / 10000000 order item Mongo inserts
  8800000 / 10000000 order item Mongo inserts
  8900000 / 10000000 order item Mongo inserts
  9000000 / 10000000 order item Mongo inserts
  9100000 / 10000000 order item Mongo inserts
  9200000 / 10000000 order item Mongo inserts
  9300000 / 10000000 order item Mongo inserts
  9400000 / 10000000 order item Mongo inserts
  9500000 / 10000000 order item Mongo inserts
  9600000 / 10000000 order item Mongo inserts
  9700000 / 10000000 order item Mongo inserts
  9800000 / 10000000 order item Mongo inserts
  9900000 / 10000000 order item Mongo inserts
  10000000 / 10000000 order item Mongo inserts

--- payment SQL inserts ---
  100000 / 10000000 payment SQL inserts
  200000 / 10000000 payment SQL inserts
  300000 / 10000000 payment SQL inserts
  400000 / 10000000 payment SQL inserts
  500000 / 10000000 payment SQL inserts
  600000 / 10000000 payment SQL inserts
  700000 / 10000000 payment SQL inserts
  800000 / 10000000 payment SQL inserts
  900000 / 10000000 payment SQL inserts
  1000000 / 10000000 payment SQL inserts
  1100000 / 10000000 payment SQL inserts
  1200000 / 10000000 payment SQL inserts
  1300000 / 10000000 payment SQL inserts
  1400000 / 10000000 payment SQL inserts
  1500000 / 10000000 payment SQL inserts
  1600000 / 10000000 payment SQL inserts
  1700000 / 10000000 payment SQL inserts
  1800000 / 10000000 payment SQL inserts
  1900000 / 10000000 payment SQL inserts
  2000000 / 10000000 payment SQL inserts
  2100000 / 10000000 payment SQL inserts
  2200000 / 10000000 payment SQL inserts
  2300000 / 10000000 payment SQL inserts
  2400000 / 10000000 payment SQL inserts
  2500000 / 10000000 payment SQL inserts
  2600000 / 10000000 payment SQL inserts
  2700000 / 10000000 payment SQL inserts
  2800000 / 10000000 payment SQL inserts
  2900000 / 10000000 payment SQL inserts
  3000000 / 10000000 payment SQL inserts
  3100000 / 10000000 payment SQL inserts
  3200000 / 10000000 payment SQL inserts
  3300000 / 10000000 payment SQL inserts
  3400000 / 10000000 payment SQL inserts
  3500000 / 10000000 payment SQL inserts
  3600000 / 10000000 payment SQL inserts
  3700000 / 10000000 payment SQL inserts
  3800000 / 10000000 payment SQL inserts
  3900000 / 10000000 payment SQL inserts
  4000000 / 10000000 payment SQL inserts
  4100000 / 10000000 payment SQL inserts
  4200000 / 10000000 payment SQL inserts
  4300000 / 10000000 payment SQL inserts
  4400000 / 10000000 payment SQL inserts
  4500000 / 10000000 payment SQL inserts
  4600000 / 10000000 payment SQL inserts
  4700000 / 10000000 payment SQL inserts
  4800000 / 10000000 payment SQL inserts
  4900000 / 10000000 payment SQL inserts
  5000000 / 10000000 payment SQL inserts
  5100000 / 10000000 payment SQL inserts
  5200000 / 10000000 payment SQL inserts
  5300000 / 10000000 payment SQL inserts
  5400000 / 10000000 payment SQL inserts
  5500000 / 10000000 payment SQL inserts
  5600000 / 10000000 payment SQL inserts
  5700000 / 10000000 payment SQL inserts
  5800000 / 10000000 payment SQL inserts
  5900000 / 10000000 payment SQL inserts
  6000000 / 10000000 payment SQL inserts
  6100000 / 10000000 payment SQL inserts
  6200000 / 10000000 payment SQL inserts
  6300000 / 10000000 payment SQL inserts
  6400000 / 10000000 payment SQL inserts
  6500000 / 10000000 payment SQL inserts
  6600000 / 10000000 payment SQL inserts
  6700000 / 10000000 payment SQL inserts
  6800000 / 10000000 payment SQL inserts
  6900000 / 10000000 payment SQL inserts
  7000000 / 10000000 payment SQL inserts
  7100000 / 10000000 payment SQL inserts
  7200000 / 10000000 payment SQL inserts
  7300000 / 10000000 payment SQL inserts
  7400000 / 10000000 payment SQL inserts
  7500000 / 10000000 payment SQL inserts
  7600000 / 10000000 payment SQL inserts
  7700000 / 10000000 payment SQL inserts
  7800000 / 10000000 payment SQL inserts
  7900000 / 10000000 payment SQL inserts
  8000000 / 10000000 payment SQL inserts
  8100000 / 10000000 payment SQL inserts
  8200000 / 10000000 payment SQL inserts
  8300000 / 10000000 payment SQL inserts
  8400000 / 10000000 payment SQL inserts
  8500000 / 10000000 payment SQL inserts
  8600000 / 10000000 payment SQL inserts
  8700000 / 10000000 payment SQL inserts
  8800000 / 10000000 payment SQL inserts
  8900000 / 10000000 payment SQL inserts
  9000000 / 10000000 payment SQL inserts
  9100000 / 10000000 payment SQL inserts
  9200000 / 10000000 payment SQL inserts
  9300000 / 10000000 payment SQL inserts
  9400000 / 10000000 payment SQL inserts
  9500000 / 10000000 payment SQL inserts
  9600000 / 10000000 payment SQL inserts
  9700000 / 10000000 payment SQL inserts
  9800000 / 10000000 payment SQL inserts
  9900000 / 10000000 payment SQL inserts
  10000000 / 10000000 payment SQL inserts

--- payment Mongo inserts ---
  100000 / 10000000 payment Mongo inserts
  200000 / 10000000 payment Mongo inserts
  300000 / 10000000 payment Mongo inserts
  400000 / 10000000 payment Mongo inserts
  500000 / 10000000 payment Mongo inserts
  600000 / 10000000 payment Mongo inserts
  700000 / 10000000 payment Mongo inserts
  800000 / 10000000 payment Mongo inserts
  900000 / 10000000 payment Mongo inserts
  1000000 / 10000000 payment Mongo inserts
  1100000 / 10000000 payment Mongo inserts
  1200000 / 10000000 payment Mongo inserts
  1300000 / 10000000 payment Mongo inserts
  1400000 / 10000000 payment Mongo inserts
  1500000 / 10000000 payment Mongo inserts
  1600000 / 10000000 payment Mongo inserts
  1700000 / 10000000 payment Mongo inserts
  1800000 / 10000000 payment Mongo inserts
  1900000 / 10000000 payment Mongo inserts
  2000000 / 10000000 payment Mongo inserts
  2100000 / 10000000 payment Mongo inserts
  2200000 / 10000000 payment Mongo inserts
  2300000 / 10000000 payment Mongo inserts
  2400000 / 10000000 payment Mongo inserts
  2500000 / 10000000 payment Mongo inserts
  2600000 / 10000000 payment Mongo inserts
  2700000 / 10000000 payment Mongo inserts
  2800000 / 10000000 payment Mongo inserts
  2900000 / 10000000 payment Mongo inserts
  3000000 / 10000000 payment Mongo inserts
  3100000 / 10000000 payment Mongo inserts
  3200000 / 10000000 payment Mongo inserts
  3300000 / 10000000 payment Mongo inserts
  3400000 / 10000000 payment Mongo inserts
  3500000 / 10000000 payment Mongo inserts
  3600000 / 10000000 payment Mongo inserts
  3700000 / 10000000 payment Mongo inserts
  3800000 / 10000000 payment Mongo inserts
  3900000 / 10000000 payment Mongo inserts
  4000000 / 10000000 payment Mongo inserts
  4100000 / 10000000 payment Mongo inserts
  4200000 / 10000000 payment Mongo inserts
  4300000 / 10000000 payment Mongo inserts
  4400000 / 10000000 payment Mongo inserts
  4500000 / 10000000 payment Mongo inserts
  4600000 / 10000000 payment Mongo inserts
  4700000 / 10000000 payment Mongo inserts
  4800000 / 10000000 payment Mongo inserts
  4900000 / 10000000 payment Mongo inserts
  5000000 / 10000000 payment Mongo inserts
  5100000 / 10000000 payment Mongo inserts
  5200000 / 10000000 payment Mongo inserts
  5300000 / 10000000 payment Mongo inserts
  5400000 / 10000000 payment Mongo inserts
  5500000 / 10000000 payment Mongo inserts
  5600000 / 10000000 payment Mongo inserts
  5700000 / 10000000 payment Mongo inserts
  5800000 / 10000000 payment Mongo inserts
  5900000 / 10000000 payment Mongo inserts
  6000000 / 10000000 payment Mongo inserts
  6100000 / 10000000 payment Mongo inserts
  6200000 / 10000000 payment Mongo inserts
  6300000 / 10000000 payment Mongo inserts
  6400000 / 10000000 payment Mongo inserts
  6500000 / 10000000 payment Mongo inserts
  6600000 / 10000000 payment Mongo inserts
  6700000 / 10000000 payment Mongo inserts
  6800000 / 10000000 payment Mongo inserts
  6900000 / 10000000 payment Mongo inserts
  7000000 / 10000000 payment Mongo inserts
  7100000 / 10000000 payment Mongo inserts
  7200000 / 10000000 payment Mongo inserts
  7300000 / 10000000 payment Mongo inserts
  7400000 / 10000000 payment Mongo inserts
  7500000 / 10000000 payment Mongo inserts
  7600000 / 10000000 payment Mongo inserts
  7700000 / 10000000 payment Mongo inserts
  7800000 / 10000000 payment Mongo inserts
  7900000 / 10000000 payment Mongo inserts
  8000000 / 10000000 payment Mongo inserts
  8100000 / 10000000 payment Mongo inserts
  8200000 / 10000000 payment Mongo inserts
  8300000 / 10000000 payment Mongo inserts
  8400000 / 10000000 payment Mongo inserts
  8500000 / 10000000 payment Mongo inserts
  8600000 / 10000000 payment Mongo inserts
  8700000 / 10000000 payment Mongo inserts
  8800000 / 10000000 payment Mongo inserts
  8900000 / 10000000 payment Mongo inserts
  9000000 / 10000000 payment Mongo inserts
  9100000 / 10000000 payment Mongo inserts
  9200000 / 10000000 payment Mongo inserts
  9300000 / 10000000 payment Mongo inserts
  9400000 / 10000000 payment Mongo inserts
  9500000 / 10000000 payment Mongo inserts
  9600000 / 10000000 payment Mongo inserts
  9700000 / 10000000 payment Mongo inserts
  9800000 / 10000000 payment Mongo inserts
  9900000 / 10000000 payment Mongo inserts
  10000000 / 10000000 payment Mongo inserts

--- payment Redis sets ---
  100000 / 10000000 payment Redis sets
  200000 / 10000000 payment Redis sets
  300000 / 10000000 payment Redis sets
  400000 / 10000000 payment Redis sets
  500000 / 10000000 payment Redis sets
  600000 / 10000000 payment Redis sets
  700000 / 10000000 payment Redis sets
  800000 / 10000000 payment Redis sets
  900000 / 10000000 payment Redis sets
  1000000 / 10000000 payment Redis sets
  1100000 / 10000000 payment Redis sets
  1200000 / 10000000 payment Redis sets
  1300000 / 10000000 payment Redis sets
  1400000 / 10000000 payment Redis sets
  1500000 / 10000000 payment Redis sets
  1600000 / 10000000 payment Redis sets
  1700000 / 10000000 payment Redis sets
  1800000 / 10000000 payment Redis sets
  1900000 / 10000000 payment Redis sets
  2000000 / 10000000 payment Redis sets
  2100000 / 10000000 payment Redis sets
  2200000 / 10000000 payment Redis sets
  2300000 / 10000000 payment Redis sets
  2400000 / 10000000 payment Redis sets
  2500000 / 10000000 payment Redis sets
  2600000 / 10000000 payment Redis sets
  2700000 / 10000000 payment Redis sets
  2800000 / 10000000 payment Redis sets
  2900000 / 10000000 payment Redis sets
  3000000 / 10000000 payment Redis sets
  3100000 / 10000000 payment Redis sets
  3200000 / 10000000 payment Redis sets
  3300000 / 10000000 payment Redis sets
  3400000 / 10000000 payment Redis sets
  3500000 / 10000000 payment Redis sets
  3600000 / 10000000 payment Redis sets
  3700000 / 10000000 payment Redis sets
  3800000 / 10000000 payment Redis sets
  3900000 / 10000000 payment Redis sets
  4000000 / 10000000 payment Redis sets
  4100000 / 10000000 payment Redis sets
  4200000 / 10000000 payment Redis sets
  4300000 / 10000000 payment Redis sets
  4400000 / 10000000 payment Redis sets
  4500000 / 10000000 payment Redis sets
  4600000 / 10000000 payment Redis sets
  4700000 / 10000000 payment Redis sets
  4800000 / 10000000 payment Redis sets
  4900000 / 10000000 payment Redis sets
  5000000 / 10000000 payment Redis sets
  5100000 / 10000000 payment Redis sets
  5200000 / 10000000 payment Redis sets
  5300000 / 10000000 payment Redis sets
  5400000 / 10000000 payment Redis sets
  5500000 / 10000000 payment Redis sets
  5600000 / 10000000 payment Redis sets
  5700000 / 10000000 payment Redis sets
  5800000 / 10000000 payment Redis sets
  5900000 / 10000000 payment Redis sets
  6000000 / 10000000 payment Redis sets
  6100000 / 10000000 payment Redis sets
  6200000 / 10000000 payment Redis sets
  6300000 / 10000000 payment Redis sets
  6400000 / 10000000 payment Redis sets
  6500000 / 10000000 payment Redis sets
  6600000 / 10000000 payment Redis sets
  6700000 / 10000000 payment Redis sets
  6800000 / 10000000 payment Redis sets
  6900000 / 10000000 payment Redis sets
  7000000 / 10000000 payment Redis sets
  7100000 / 10000000 payment Redis sets
  7200000 / 10000000 payment Redis sets
  7300000 / 10000000 payment Redis sets
  7400000 / 10000000 payment Redis sets
  7500000 / 10000000 payment Redis sets
  7600000 / 10000000 payment Redis sets
  7700000 / 10000000 payment Redis sets
  7800000 / 10000000 payment Redis sets
  7900000 / 10000000 payment Redis sets
  8000000 / 10000000 payment Redis sets
  8100000 / 10000000 payment Redis sets
  8200000 / 10000000 payment Redis sets
  8300000 / 10000000 payment Redis sets
  8400000 / 10000000 payment Redis sets
  8500000 / 10000000 payment Redis sets
  8600000 / 10000000 payment Redis sets
  8700000 / 10000000 payment Redis sets
  8800000 / 10000000 payment Redis sets
  8900000 / 10000000 payment Redis sets
  9000000 / 10000000 payment Redis sets
  9100000 / 10000000 payment Redis sets
  9200000 / 10000000 payment Redis sets
  9300000 / 10000000 payment Redis sets
  9400000 / 10000000 payment Redis sets
  9500000 / 10000000 payment Redis sets
  9600000 / 10000000 payment Redis sets
  9700000 / 10000000 payment Redis sets
  9800000 / 10000000 payment Redis sets
  9900000 / 10000000 payment Redis sets
  10000000 / 10000000 payment Redis sets

--- review SQL inserts ---
  100000 / 2000000 review SQL inserts
  200000 / 2000000 review SQL inserts
  300000 / 2000000 review SQL inserts
  400000 / 2000000 review SQL inserts
  500000 / 2000000 review SQL inserts
  600000 / 2000000 review SQL inserts
  700000 / 2000000 review SQL inserts
  800000 / 2000000 review SQL inserts
  900000 / 2000000 review SQL inserts
  1000000 / 2000000 review SQL inserts
  1100000 / 2000000 review SQL inserts
  1200000 / 2000000 review SQL inserts
  1300000 / 2000000 review SQL inserts
  1400000 / 2000000 review SQL inserts
  1500000 / 2000000 review SQL inserts
  1600000 / 2000000 review SQL inserts
  1700000 / 2000000 review SQL inserts
  1800000 / 2000000 review SQL inserts
  1900000 / 2000000 review SQL inserts
  2000000 / 2000000 review SQL inserts

--- review Mongo inserts ---
  100000 / 2000000 review Mongo inserts
  200000 / 2000000 review Mongo inserts
  300000 / 2000000 review Mongo inserts
  400000 / 2000000 review Mongo inserts
  500000 / 2000000 review Mongo inserts
  600000 / 2000000 review Mongo inserts
  700000 / 2000000 review Mongo inserts
  800000 / 2000000 review Mongo inserts
  900000 / 2000000 review Mongo inserts
  1000000 / 2000000 review Mongo inserts
  1100000 / 2000000 review Mongo inserts
  1200000 / 2000000 review Mongo inserts
  1300000 / 2000000 review Mongo inserts
  1400000 / 2000000 review Mongo inserts
  1500000 / 2000000 review Mongo inserts
  1600000 / 2000000 review Mongo inserts
  1700000 / 2000000 review Mongo inserts
  1800000 / 2000000 review Mongo inserts
  1900000 / 2000000 review Mongo inserts
  2000000 / 2000000 review Mongo inserts

--- inventory log SQL inserts ---
  100000 / 100000 inventory log SQL inserts

--- inventory log Mongo inserts ---
  100000 / 100000 inventory log Mongo inserts

Benchmark data generation complete!
[0;32m✓ Query files regenerated.[0m
 43G	queries/

[1m[1;33m▶ Step 4/6 — Build benchmark runner[0m

[0;32m✓ bin/bench built.[0m

[1m[1;33m▶ Step 5/6 — Run benchmark (this is the long phase)[0m

╔════════════════════════════════════════════════════════════╗
║        Database Performance Benchmark Suite               ║
╚════════════════════════════════════════════════════════════╝

Configuration:
  Trials per test:       3
  Batch (Phase B/fast):  10000
  Batch (Phase A/scan):  1000
  Target database:       all
  Data scales:           [500000 1000000 10000000]
  Phase A runs at:       500000 only (smallest scale)


============================================================
Starting MySQL Benchmarks
============================================================
✓ Connected to MySQL

▶ MySQL @ scale=500000
  Phase A: WITHOUT indexes
✓ MySQL tables truncated
  ✓ Loaded 200 rows from queries/categories_sql_insert.sql
  ✓ Loaded 500000 rows from queries/users_sql_insert.sql
  ✓ Loaded 500000 rows from queries/addresses_sql_insert.sql
  ✓ Loaded 100000 rows from queries/products_sql_insert.sql
  ✓ Loaded 500000 rows from queries/orders_sql_insert.sql
  Collecting EXPLAIN plans (with_index=false)...

============================================================
MySQL Benchmark: users - SELECT (batch: 1000)
============================================================

Trial 1/3:
  Running 1000 queries...
  ✓ Time: 1.26s (1.26 ms/query)
  ✓ QPS: 791.27

Trial 2/3:
  Running 1000 queries...
  ✓ Time: 1.26s (1.26 ms/query)
  ✓ QPS: 794.54

Trial 3/3:
  Running 1000 queries...
  ✓ Time: 1.26s (1.25 ms/query)
  ✓ QPS: 796.56

📊 Average Results:
  Time: 1.26s
  QPS: 794.12

============================================================
MySQL Benchmark: categories - SELECT (batch: 1000)
============================================================

Trial 1/3:
  Running 1000 queries...
  ✓ Time: 0.19s (0.19 ms/query)
  ✓ QPS: 5204.93

Trial 2/3:
  Running 1000 queries...
  ✓ Time: 0.18s (0.18 ms/query)
  ✓ QPS: 5506.64

Trial 3/3:
  Running 1000 queries...
  ✓ Time: 0.18s (0.18 ms/query)
  ✓ QPS: 5495.00

📊 Average Results:
  Time: 0.18s
  QPS: 5402.19

============================================================
MySQL Benchmark: products - SELECT (batch: 1000)
============================================================

Trial 1/3:
  Running 1000 queries...
  ✓ Time: 5.00s (5.00 ms/query)
  ✓ QPS: 199.87

Trial 2/3:
  Running 1000 queries...
  ✓ Time: 4.98s (4.97 ms/query)
  ✓ QPS: 201.00

Trial 3/3:
  Running 1000 queries...
  ✓ Time: 4.99s (4.99 ms/query)
  ✓ QPS: 200.47

📊 Average Results:
  Time: 4.99s
  QPS: 200.45

============================================================
MySQL Benchmark: addresses - SELECT (batch: 1000)
============================================================

Trial 1/3:
  Running 1000 queries...
  ✓ Time: 97.45s (97.45 ms/query)
  ✓ QPS: 10.26

Trial 2/3:
  Running 1000 queries...
  ✓ Time: 97.32s (97.32 ms/query)
  ✓ QPS: 10.28

Trial 3/3:
  Running 1000 queries...
  ✓ Time: 97.21s (97.21 ms/query)
  ✓ QPS: 10.29

📊 Average Results:
  Time: 97.33s
  QPS: 10.27

============================================================
MySQL Benchmark: orders - SELECT (batch: 1000)
============================================================

Trial 1/3:
  Running 1000 queries...
  ✓ Time: 4.08s (4.08 ms/query)
  ✓ QPS: 245.36

Trial 2/3:
  Running 1000 queries...
  ✓ Time: 4.12s (4.12 ms/query)
  ✓ QPS: 242.86

Trial 3/3:
  Running 1000 queries...
  ✓ Time: 4.12s (4.12 ms/query)
  ✓ QPS: 242.58

📊 Average Results:
  Time: 4.10s
  QPS: 243.60

============================================================
MySQL Benchmark: users - INSERT (batch: 1000)
============================================================

Trial 1/3:
  Running 1000 queries...
  ✓ Time: 0.13s (0.13 ms/query)
  ✓ QPS: 7612.64

Trial 2/3:
  Running 1000 queries...
  ✓ Time: 0.11s (0.11 ms/query)
  ✓ QPS: 8969.22

Trial 3/3:
  Running 1000 queries...
  ✓ Time: 0.13s (0.13 ms/query)
  ✓ QPS: 7914.37

📊 Average Results:
  Time: 0.12s
  QPS: 8165.41

============================================================
MySQL Benchmark: categories - INSERT (batch: 1000)
============================================================

Trial 1/3:
  Running 1000 queries...
  ✓ Time: 0.12s (0.12 ms/query)
  ✓ QPS: 8157.37

Trial 2/3:
  Running 1000 queries...
  ✓ Time: 0.12s (0.12 ms/query)
  ✓ QPS: 8181.86

Trial 3/3:
  Running 1000 queries...
  ✓ Time: 0.12s (0.12 ms/query)
  ✓ QPS: 8056.41

📊 Average Results:
  Time: 0.12s
  QPS: 8131.88

============================================================
MySQL Benchmark: products - INSERT (batch: 1000)
============================================================

Trial 1/3:
  Running 1000 queries...
  ✓ Time: 0.13s (0.13 ms/query)
  ✓ QPS: 7768.68

Trial 2/3:
  Running 1000 queries...
  ✓ Time: 0.13s (0.13 ms/query)
  ✓ QPS: 7910.91

Trial 3/3:
  Running 1000 queries...
  ✓ Time: 0.12s (0.12 ms/query)
  ✓ QPS: 8032.80

📊 Average Results:
  Time: 0.13s
  QPS: 7904.13

============================================================
MySQL Benchmark: addresses - INSERT (batch: 1000)
============================================================

Trial 1/3:
  Running 1000 queries...
  ✓ Time: 0.12s (0.12 ms/query)
  ✓ QPS: 8114.21

Trial 2/3:
  Running 1000 queries...
  ✓ Time: 0.13s (0.13 ms/query)
  ✓ QPS: 7916.22

Trial 3/3:
  Running 1000 queries...
  ✓ Time: 0.12s (0.12 ms/query)
  ✓ QPS: 8187.45

📊 Average Results:
  Time: 0.12s
  QPS: 8072.63

============================================================
MySQL Benchmark: orders - INSERT (batch: 1000)
============================================================

Trial 1/3:
  Running 1000 queries...
  ✓ Time: 0.13s (0.12 ms/query)
  ✓ QPS: 7983.79

Trial 2/3:
  Running 1000 queries...
  ✓ Time: 0.12s (0.12 ms/query)
  ✓ QPS: 8148.39

Trial 3/3:
  Running 1000 queries...
  ✓ Time: 0.12s (0.12 ms/query)
  ✓ QPS: 8177.53

📊 Average Results:
  Time: 0.12s
  QPS: 8103.24

============================================================
MySQL Benchmark: users - UPDATE (batch: 1000)
============================================================

Trial 1/3:
  Running 1000 queries...
  ✓ Time: 0.65s (0.65 ms/query)
  ✓ QPS: 1529.35

Trial 2/3:
  Running 1000 queries...
  ✓ Time: 0.13s (0.13 ms/query)
  ✓ QPS: 7499.32

Trial 3/3:
  Running 1000 queries...
  ✓ Time: 0.13s (0.12 ms/query)
  ✓ QPS: 7951.89

📊 Average Results:
  Time: 0.30s
  QPS: 5660.19

============================================================
MySQL Benchmark: categories - UPDATE (batch: 1000)
============================================================

Trial 1/3:
  Running 1000 queries...
  ✓ Time: 0.23s (0.23 ms/query)
  ✓ QPS: 4361.76

Trial 2/3:
  Running 1000 queries...
  ✓ Time: 0.12s (0.12 ms/query)
  ✓ QPS: 8429.73

Trial 3/3:
  Running 1000 queries...
  ✓ Time: 0.12s (0.12 ms/query)
  ✓ QPS: 8643.30

📊 Average Results:
  Time: 0.15s
  QPS: 7144.93

============================================================
MySQL Benchmark: products - UPDATE (batch: 1000)
============================================================

Trial 1/3:
  Running 1000 queries...
  ✓ Time: 0.75s (0.75 ms/query)
  ✓ QPS: 1339.76

Trial 2/3:
  Running 1000 queries...
  ✓ Time: 0.13s (0.13 ms/query)
  ✓ QPS: 7749.33

Trial 3/3:
  Running 1000 queries...
  ✓ Time: 0.12s (0.12 ms/query)
  ✓ QPS: 8133.58

📊 Average Results:
  Time: 0.33s
  QPS: 5740.89

============================================================
MySQL Benchmark: addresses - UPDATE (batch: 1000)
============================================================

Trial 1/3:
  Running 1000 queries...
  ✓ Time: 0.70s (0.70 ms/query)
  ✓ QPS: 1431.18

Trial 2/3:
  Running 1000 queries...
  ✓ Time: 0.13s (0.13 ms/query)
  ✓ QPS: 7909.61

Trial 3/3:
  Running 1000 queries...
  ✓ Time: 0.12s (0.12 ms/query)
  ✓ QPS: 8291.30

📊 Average Results:
  Time: 0.31s
  QPS: 5877.36

============================================================
MySQL Benchmark: orders - UPDATE (batch: 1000)
============================================================

Trial 1/3:
  Running 1000 queries...
  ✓ Time: 0.66s (0.66 ms/query)
  ✓ QPS: 1524.37

Trial 2/3:
  Running 1000 queries...
  ✓ Time: 0.12s (0.12 ms/query)
  ✓ QPS: 8007.83

Trial 3/3:
  Running 1000 queries...
  ✓ Time: 0.12s (0.12 ms/query)
  ✓ QPS: 8324.33

📊 Average Results:
  Time: 0.30s
  QPS: 5952.18

============================================================
MySQL Benchmark: users - DELETE (batch: 1000)
============================================================

Trial 1/3:
  Running 1000 queries...
  ✓ Time: 0.66s (0.66 ms/query)
  ✓ QPS: 1505.98

Trial 2/3:
  Running 1000 queries...
  ✓ Time: 0.13s (0.13 ms/query)
  ✓ QPS: 7759.86

Trial 3/3:
  Running 1000 queries...
  ✓ Time: 0.12s (0.12 ms/query)
  ✓ QPS: 8192.24

📊 Average Results:
  Time: 0.30s
  QPS: 5819.36

============================================================
MySQL Benchmark: categories - DELETE (batch: 1000)
============================================================

Trial 1/3:
  Running 1000 queries...
  ✓ Time: 0.23s (0.23 ms/query)
  ✓ QPS: 4403.00

Trial 2/3:
  Running 1000 queries...
  ✓ Time: 0.11s (0.11 ms/query)
  ✓ QPS: 8903.05

Trial 3/3:
  Running 1000 queries...
  ✓ Time: 0.12s (0.12 ms/query)
  ✓ QPS: 8243.68

📊 Average Results:
  Time: 0.15s
  QPS: 7183.24

============================================================
MySQL Benchmark: products - DELETE (batch: 1000)
============================================================

Trial 1/3:
  Running 1000 queries...
  ✓ Time: 0.69s (0.69 ms/query)
  ✓ QPS: 1454.94

Trial 2/3:
  Running 1000 queries...
  ✓ Time: 0.13s (0.13 ms/query)
  ✓ QPS: 7894.77

Trial 3/3:
  Running 1000 queries...
  ✓ Time: 0.12s (0.12 ms/query)
  ✓ QPS: 8474.24

📊 Average Results:
  Time: 0.31s
  QPS: 5941.32

============================================================
MySQL Benchmark: addresses - DELETE (batch: 1000)
============================================================

Trial 1/3:
  Running 1000 queries...
  ✓ Time: 0.70s (0.70 ms/query)
  ✓ QPS: 1425.89

Trial 2/3:
  Running 1000 queries...
  ✓ Time: 0.12s (0.12 ms/query)
  ✓ QPS: 8036.74

Trial 3/3:
  Running 1000 queries...
  ✓ Time: 0.12s (0.12 ms/query)
  ✓ QPS: 8661.36

📊 Average Results:
  Time: 0.31s
  QPS: 6041.33

============================================================
MySQL Benchmark: orders - DELETE (batch: 1000)
============================================================

Trial 1/3:
  Running 1000 queries...
  ✓ Time: 0.68s (0.68 ms/query)
  ✓ QPS: 1472.08

Trial 2/3:
  Running 1000 queries...
  ✓ Time: 0.12s (0.12 ms/query)
  ✓ QPS: 8240.86

Trial 3/3:
  Running 1000 queries...
  ✓ Time: 0.12s (0.12 ms/query)
  ✓ QPS: 8369.35

📊 Average Results:
  Time: 0.31s
  QPS: 6027.43
  Phase B: WITH indexes
✓ MySQL tables truncated
  ✓ Loaded 200 rows from queries/categories_sql_insert.sql
  ✓ Loaded 500000 rows from queries/users_sql_insert.sql
  ✓ Loaded 500000 rows from queries/addresses_sql_insert.sql
  ✓ Loaded 100000 rows from queries/products_sql_insert.sql
  ✓ Loaded 500000 rows from queries/orders_sql_insert.sql
✓ Indexes created (and ANALYZE run)

============================================================
MySQL Benchmark: users - SELECT (batch: 10000)
============================================================

Trial 1/3:
  Running 10000 queries...
  ✓ Time: 2.88s (0.29 ms/query)
  ✓ QPS: 3470.40

Trial 2/3:
  Running 10000 queries...
  ✓ Time: 2.87s (0.29 ms/query)
  ✓ QPS: 3489.52

Trial 3/3:
  Running 10000 queries...
  ✓ Time: 2.90s (0.29 ms/query)
  ✓ QPS: 3446.40

📊 Average Results:
  Time: 2.88s
  QPS: 3468.78

============================================================
MySQL Benchmark: categories - SELECT (batch: 10000)
============================================================

Trial 1/3:
  Running 10000 queries...
  ✓ Time: 1.41s (0.14 ms/query)
  ✓ QPS: 7100.81

Trial 2/3:
  Running 10000 queries...
  ✓ Time: 1.35s (0.14 ms/query)
  ✓ QPS: 7402.55

Trial 3/3:
  Running 10000 queries...
  ✓ Time: 1.37s (0.14 ms/query)
  ✓ QPS: 7295.71

📊 Average Results:
  Time: 1.38s
  QPS: 7266.36

============================================================
MySQL Benchmark: products - SELECT (batch: 10000)
============================================================

Trial 1/3:
  Running 10000 queries...
  ✓ Time: 2.86s (0.29 ms/query)
  ✓ QPS: 3502.17

Trial 2/3:
  Running 10000 queries...
  ✓ Time: 2.91s (0.29 ms/query)
  ✓ QPS: 3437.27

Trial 3/3:
  Running 10000 queries...
  ✓ Time: 2.92s (0.29 ms/query)
  ✓ QPS: 3425.85

📊 Average Results:
  Time: 2.89s
  QPS: 3455.09

============================================================
MySQL Benchmark: addresses - SELECT (batch: 10000)
============================================================

Trial 1/3:
  Running 10000 queries...
  ✓ Time: 1.55s (0.15 ms/query)
  ✓ QPS: 6463.76

Trial 2/3:
  Running 10000 queries...
  ✓ Time: 1.56s (0.16 ms/query)
  ✓ QPS: 6409.58

Trial 3/3:
  Running 10000 queries...
  ✓ Time: 1.58s (0.16 ms/query)
  ✓ QPS: 6320.84

📊 Average Results:
  Time: 1.56s
  QPS: 6398.06

============================================================
MySQL Benchmark: orders - SELECT (batch: 10000)
============================================================

Trial 1/3:
  Running 10000 queries...
  ✓ Time: 3.05s (0.30 ms/query)
  ✓ QPS: 3280.65

Trial 2/3:
  Running 10000 queries...
  ✓ Time: 3.11s (0.31 ms/query)
  ✓ QPS: 3215.53

Trial 3/3:
  Running 10000 queries...
  ✓ Time: 3.04s (0.30 ms/query)
  ✓ QPS: 3287.92

📊 Average Results:
  Time: 3.07s
  QPS: 3261.36

============================================================
MySQL Benchmark: users - INSERT (batch: 10000)
============================================================

Trial 1/3:
  Running 10000 queries...
  ✓ Time: 1.27s (0.13 ms/query)
  ✓ QPS: 7874.26

Trial 2/3:
  Running 10000 queries...
  ✓ Time: 1.19s (0.12 ms/query)
  ✓ QPS: 8436.56

Trial 3/3:
  Running 10000 queries...
  ✓ Time: 1.25s (0.13 ms/query)
  ✓ QPS: 7979.55

📊 Average Results:
  Time: 1.24s
  QPS: 8096.79

============================================================
MySQL Benchmark: categories - INSERT (batch: 10000)
============================================================

Trial 1/3:
  Running 10000 queries...
  ✓ Time: 1.22s (0.12 ms/query)
  ✓ QPS: 8202.83

Trial 2/3:
  Running 10000 queries...
  ✓ Time: 1.24s (0.12 ms/query)
  ✓ QPS: 8091.04

Trial 3/3:
  Running 10000 queries...
  ✓ Time: 1.22s (0.12 ms/query)
  ✓ QPS: 8173.90

📊 Average Results:
  Time: 1.23s
  QPS: 8155.92

============================================================
MySQL Benchmark: products - INSERT (batch: 10000)
============================================================

Trial 1/3:
  Running 10000 queries...
  ✓ Time: 1.22s (0.12 ms/query)
  ✓ QPS: 8172.70

Trial 2/3:
  Running 10000 queries...
  ✓ Time: 1.22s (0.12 ms/query)
  ✓ QPS: 8183.41

Trial 3/3:
  Running 10000 queries...
  ✓ Time: 1.29s (0.13 ms/query)
  ✓ QPS: 7766.32

📊 Average Results:
  Time: 1.24s
  QPS: 8040.81

============================================================
MySQL Benchmark: addresses - INSERT (batch: 10000)
============================================================

Trial 1/3:
  Running 10000 queries...
  ✓ Time: 1.23s (0.12 ms/query)
  ✓ QPS: 8154.78

Trial 2/3:
  Running 10000 queries...
  ✓ Time: 1.25s (0.12 ms/query)
  ✓ QPS: 7997.54

Trial 3/3:
  Running 10000 queries...
  ✓ Time: 1.21s (0.12 ms/query)
  ✓ QPS: 8236.19

📊 Average Results:
  Time: 1.23s
  QPS: 8129.50

============================================================
MySQL Benchmark: orders - INSERT (batch: 10000)
============================================================

Trial 1/3:
  Running 10000 queries...
  ✓ Time: 1.24s (0.12 ms/query)
  ✓ QPS: 8056.94

Trial 2/3:
  Running 10000 queries...
  ✓ Time: 1.24s (0.12 ms/query)
  ✓ QPS: 8044.39

Trial 3/3:
  Running 10000 queries...
  ✓ Time: 1.22s (0.12 ms/query)
  ✓ QPS: 8197.52

📊 Average Results:
  Time: 1.23s
  QPS: 8099.62

============================================================
MySQL Benchmark: users - UPDATE (batch: 10000)
============================================================

Trial 1/3:
  Running 10000 queries...
  ✓ Time: 8.36s (0.84 ms/query)
  ✓ QPS: 1195.64

Trial 2/3:
  Running 10000 queries...
  ✓ Time: 1.21s (0.12 ms/query)
  ✓ QPS: 8263.38

Trial 3/3:
  Running 10000 queries...
  ✓ Time: 1.22s (0.12 ms/query)
  ✓ QPS: 8228.85

📊 Average Results:
  Time: 3.60s
  QPS: 5895.96

============================================================
MySQL Benchmark: categories - UPDATE (batch: 10000)
============================================================

Trial 1/3:
  Running 10000 queries...
  ✓ Time: 1.31s (0.13 ms/query)
  ✓ QPS: 7662.21

Trial 2/3:
  Running 10000 queries...
  ✓ Time: 1.24s (0.12 ms/query)
  ✓ QPS: 8041.21

Trial 3/3:
  Running 10000 queries...
  ✓ Time: 1.22s (0.12 ms/query)
  ✓ QPS: 8172.98

📊 Average Results:
  Time: 1.26s
  QPS: 7958.80

============================================================
MySQL Benchmark: products - UPDATE (batch: 10000)
============================================================

Trial 1/3:
  Running 10000 queries...
  ✓ Time: 7.85s (0.79 ms/query)
  ✓ QPS: 1273.43

Trial 2/3:
  Running 10000 queries...
  ✓ Time: 1.23s (0.12 ms/query)
  ✓ QPS: 8129.84

Trial 3/3:
  Running 10000 queries...
  ✓ Time: 1.21s (0.12 ms/query)
  ✓ QPS: 8275.35

📊 Average Results:
  Time: 3.43s
  QPS: 5892.87

============================================================
MySQL Benchmark: addresses - UPDATE (batch: 10000)
============================================================

Trial 1/3:
  Running 10000 queries...
  ✓ Time: 8.48s (0.85 ms/query)
  ✓ QPS: 1178.70

Trial 2/3:
  Running 10000 queries...
  ✓ Time: 1.22s (0.12 ms/query)
  ✓ QPS: 8217.43

Trial 3/3:
  Running 10000 queries...
  ✓ Time: 1.20s (0.12 ms/query)
  ✓ QPS: 8334.31

📊 Average Results:
  Time: 3.63s
  QPS: 5910.15

============================================================
MySQL Benchmark: orders - UPDATE (batch: 10000)
============================================================

Trial 1/3:
  Running 10000 queries...
  ✓ Time: 7.68s (0.77 ms/query)
  ✓ QPS: 1301.65

Trial 2/3:
  Running 10000 queries...
  ✓ Time: 1.23s (0.12 ms/query)
  ✓ QPS: 8126.36

Trial 3/3:
  Running 10000 queries...
  ✓ Time: 1.21s (0.12 ms/query)
  ✓ QPS: 8261.99

📊 Average Results:
  Time: 3.37s
  QPS: 5896.67

============================================================
MySQL Benchmark: users - DELETE (batch: 10000)
============================================================

Trial 1/3:
  Running 10000 queries...
  ✓ Time: 7.98s (0.80 ms/query)
  ✓ QPS: 1252.85

Trial 2/3:
  Running 10000 queries...
  ✓ Time: 1.18s (0.12 ms/query)
  ✓ QPS: 8473.03

Trial 3/3:
  Running 10000 queries...
  ✓ Time: 1.11s (0.11 ms/query)
  ✓ QPS: 8971.68

📊 Average Results:
  Time: 3.42s
  QPS: 6232.52

============================================================
MySQL Benchmark: categories - DELETE (batch: 10000)
============================================================

Trial 1/3:
  Running 10000 queries...
  ✓ Time: 1.30s (0.13 ms/query)
  ✓ QPS: 7685.43

Trial 2/3:
  Running 10000 queries...
  ✓ Time: 1.18s (0.12 ms/query)
  ✓ QPS: 8444.62

Trial 3/3:
  Running 10000 queries...
  ✓ Time: 1.16s (0.12 ms/query)
  ✓ QPS: 8616.85

📊 Average Results:
  Time: 1.22s
  QPS: 8248.97

============================================================
MySQL Benchmark: products - DELETE (batch: 10000)
============================================================

Trial 1/3:
  Running 10000 queries...
  ✓ Time: 7.74s (0.77 ms/query)
  ✓ QPS: 1292.77

Trial 2/3:
  Running 10000 queries...
  ✓ Time: 1.19s (0.12 ms/query)
  ✓ QPS: 8371.89

Trial 3/3:
  Running 10000 queries...
  ✓ Time: 1.17s (0.12 ms/query)
  ✓ QPS: 8533.55

📊 Average Results:
  Time: 3.37s
  QPS: 6066.07

============================================================
MySQL Benchmark: addresses - DELETE (batch: 10000)
============================================================

Trial 1/3:
  Running 10000 queries...
  ✓ Time: 7.87s (0.79 ms/query)
  ✓ QPS: 1269.91

Trial 2/3:
  Running 10000 queries...
  ✓ Time: 1.15s (0.12 ms/query)
  ✓ QPS: 8688.09

Trial 3/3:
  Running 10000 queries...
  ✓ Time: 1.15s (0.11 ms/query)
  ✓ QPS: 8711.48

📊 Average Results:
  Time: 3.39s
  QPS: 6223.16

============================================================
MySQL Benchmark: orders - DELETE (batch: 10000)
============================================================

Trial 1/3:
  Running 10000 queries...
  ✓ Time: 8.27s (0.83 ms/query)
  ✓ QPS: 1209.64

Trial 2/3:
  Running 10000 queries...
  ✓ Time: 1.17s (0.12 ms/query)
  ✓ QPS: 8532.92

Trial 3/3:
  Running 10000 queries...
  ✓ Time: 1.17s (0.12 ms/query)
  ✓ QPS: 8512.70

📊 Average Results:
  Time: 3.54s
  QPS: 6085.09
✓ Indexes dropped

▶ MySQL @ scale=1000000
  Phase A: SKIPPED (only runs at smallest scale=500000)
  Phase B: WITH indexes
✓ MySQL tables truncated
  ✓ Loaded 200 rows from queries/categories_sql_insert.sql
  ✓ Loaded 1000000 rows from queries/users_sql_insert.sql
  ✓ Loaded 1000000 rows from queries/addresses_sql_insert.sql
  ✓ Loaded 100000 rows from queries/products_sql_insert.sql
  ✓ Loaded 1000000 rows from queries/orders_sql_insert.sql
✓ Indexes created (and ANALYZE run)

============================================================
MySQL Benchmark: users - SELECT (batch: 10000)
============================================================

Trial 1/3:
  Running 10000 queries...
  ✓ Time: 2.90s (0.29 ms/query)
  ✓ QPS: 3444.83

Trial 2/3:
  Running 10000 queries...
  ✓ Time: 2.90s (0.29 ms/query)
  ✓ QPS: 3447.63

Trial 3/3:
  Running 10000 queries...
  ✓ Time: 2.87s (0.29 ms/query)
  ✓ QPS: 3484.92

📊 Average Results:
  Time: 2.89s
  QPS: 3459.13

============================================================
MySQL Benchmark: categories - SELECT (batch: 10000)
============================================================

Trial 1/3:
  Running 10000 queries...
  ✓ Time: 1.38s (0.14 ms/query)
  ✓ QPS: 7239.14

Trial 2/3:
  Running 10000 queries...
  ✓ Time: 1.34s (0.13 ms/query)
  ✓ QPS: 7449.61

Trial 3/3:
  Running 10000 queries...
  ✓ Time: 1.36s (0.14 ms/query)
  ✓ QPS: 7363.09

📊 Average Results:
  Time: 1.36s
  QPS: 7350.61

============================================================
MySQL Benchmark: products - SELECT (batch: 10000)
============================================================

Trial 1/3:
  Running 10000 queries...
  ✓ Time: 2.86s (0.29 ms/query)
  ✓ QPS: 3497.67

Trial 2/3:
  Running 10000 queries...
  ✓ Time: 2.99s (0.30 ms/query)
  ✓ QPS: 3349.19

Trial 3/3:
  Running 10000 queries...
  ✓ Time: 2.96s (0.30 ms/query)
  ✓ QPS: 3373.52

📊 Average Results:
  Time: 2.94s
  QPS: 3406.79

============================================================
MySQL Benchmark: addresses - SELECT (batch: 10000)
============================================================

Trial 1/3:
  Running 10000 queries...
  ✓ Time: 1.75s (0.17 ms/query)
  ✓ QPS: 5726.82

Trial 2/3:
  Running 10000 queries...
  ✓ Time: 1.62s (0.16 ms/query)
  ✓ QPS: 6190.15

Trial 3/3:
  Running 10000 queries...
  ✓ Time: 1.63s (0.16 ms/query)
  ✓ QPS: 6134.88

📊 Average Results:
  Time: 1.66s
  QPS: 6017.28

============================================================
MySQL Benchmark: orders - SELECT (batch: 10000)
============================================================

Trial 1/3:
  Running 10000 queries...
  ✓ Time: 3.22s (0.32 ms/query)
  ✓ QPS: 3103.99

Trial 2/3:
  Running 10000 queries...
  ✓ Time: 3.25s (0.32 ms/query)
  ✓ QPS: 3078.29

Trial 3/3:
  Running 10000 queries...
  ✓ Time: 3.28s (0.33 ms/query)
  ✓ QPS: 3047.42

📊 Average Results:
  Time: 3.25s
  QPS: 3076.57

============================================================
MySQL Benchmark: users - INSERT (batch: 10000)
============================================================

Trial 1/3:
  Running 10000 queries...
  ✓ Time: 1.31s (0.13 ms/query)
  ✓ QPS: 7647.18

Trial 2/3:
  Running 10000 queries...
  ✓ Time: 1.22s (0.12 ms/query)
  ✓ QPS: 8185.07

Trial 3/3:
  Running 10000 queries...
  ✓ Time: 1.23s (0.12 ms/query)
  ✓ QPS: 8136.66

📊 Average Results:
  Time: 1.25s
  QPS: 7989.64

============================================================
MySQL Benchmark: categories - INSERT (batch: 10000)
============================================================

Trial 1/3:
  Running 10000 queries...
  ✓ Time: 1.26s (0.13 ms/query)
  ✓ QPS: 7949.16

Trial 2/3:
  Running 10000 queries...
  ✓ Time: 1.22s (0.12 ms/query)
  ✓ QPS: 8229.32

Trial 3/3:
  Running 10000 queries...
  ✓ Time: 1.22s (0.12 ms/query)
  ✓ QPS: 8220.24

📊 Average Results:
  Time: 1.23s
  QPS: 8132.90

============================================================
MySQL Benchmark: products - INSERT (batch: 10000)
============================================================

Trial 1/3:
  Running 10000 queries...
  ✓ Time: 1.24s (0.12 ms/query)
  ✓ QPS: 8054.25

Trial 2/3:
  Running 10000 queries...
  ✓ Time: 1.25s (0.12 ms/query)
  ✓ QPS: 8006.13

Trial 3/3:
  Running 10000 queries...
  ✓ Time: 1.26s (0.13 ms/query)
  ✓ QPS: 7928.89

📊 Average Results:
  Time: 1.25s
  QPS: 7996.42

============================================================
MySQL Benchmark: addresses - INSERT (batch: 10000)
============================================================

Trial 1/3:
  Running 10000 queries...
  ✓ Time: 1.24s (0.12 ms/query)
  ✓ QPS: 8046.51

Trial 2/3:
  Running 10000 queries...
  ✓ Time: 1.24s (0.12 ms/query)
  ✓ QPS: 8069.55

Trial 3/3:
  Running 10000 queries...
  ✓ Time: 1.27s (0.13 ms/query)
  ✓ QPS: 7889.84

📊 Average Results:
  Time: 1.25s
  QPS: 8001.97

============================================================
MySQL Benchmark: orders - INSERT (batch: 10000)
============================================================

Trial 1/3:
  Running 10000 queries...
  ✓ Time: 1.20s (0.12 ms/query)
  ✓ QPS: 8299.86

Trial 2/3:
  Running 10000 queries...
  ✓ Time: 1.23s (0.12 ms/query)
  ✓ QPS: 8151.71

Trial 3/3:
  Running 10000 queries...
  ✓ Time: 1.25s (0.12 ms/query)
  ✓ QPS: 8021.45

📊 Average Results:
  Time: 1.23s
  QPS: 8157.67

============================================================
MySQL Benchmark: users - UPDATE (batch: 10000)
============================================================

Trial 1/3:
  Running 10000 queries...
  ✓ Time: 8.27s (0.83 ms/query)
  ✓ QPS: 1209.66

Trial 2/3:
  Running 10000 queries...
  ✓ Time: 1.20s (0.12 ms/query)
  ✓ QPS: 8340.70

Trial 3/3:
  Running 10000 queries...
  ✓ Time: 1.20s (0.12 ms/query)
  ✓ QPS: 8352.06

📊 Average Results:
  Time: 3.55s
  QPS: 5967.47

============================================================
MySQL Benchmark: categories - UPDATE (batch: 10000)
============================================================

Trial 1/3:
  Running 10000 queries...
  ✓ Time: 1.35s (0.13 ms/query)
  ✓ QPS: 7425.38

Trial 2/3:
  Running 10000 queries...
  ✓ Time: 1.20s (0.12 ms/query)
  ✓ QPS: 8325.48

Trial 3/3:
  Running 10000 queries...
  ✓ Time: 1.20s (0.12 ms/query)
  ✓ QPS: 8328.35

📊 Average Results:
  Time: 1.25s
  QPS: 8026.41

============================================================
MySQL Benchmark: products - UPDATE (batch: 10000)
============================================================

Trial 1/3:
  Running 10000 queries...
  ✓ Time: 7.61s (0.76 ms/query)
  ✓ QPS: 1314.14

Trial 2/3:
  Running 10000 queries...
  ✓ Time: 1.20s (0.12 ms/query)
  ✓ QPS: 8330.69

Trial 3/3:
  Running 10000 queries...
  ✓ Time: 1.21s (0.12 ms/query)
  ✓ QPS: 8290.56

📊 Average Results:
  Time: 3.34s
  QPS: 5978.46

============================================================
MySQL Benchmark: addresses - UPDATE (batch: 10000)
============================================================

Trial 1/3:
  Running 10000 queries...
  ✓ Time: 8.34s (0.83 ms/query)
  ✓ QPS: 1198.93

Trial 2/3:
  Running 10000 queries...
  ✓ Time: 1.24s (0.12 ms/query)
  ✓ QPS: 8055.10

Trial 3/3:
  Running 10000 queries...
  ✓ Time: 1.20s (0.12 ms/query)
  ✓ QPS: 8313.34

📊 Average Results:
  Time: 3.59s
  QPS: 5855.79

============================================================
MySQL Benchmark: orders - UPDATE (batch: 10000)
============================================================

Trial 1/3:
  Running 10000 queries...
  ✓ Time: 8.76s (0.88 ms/query)
  ✓ QPS: 1141.70

Trial 2/3:
  Running 10000 queries...
  ✓ Time: 1.19s (0.12 ms/query)
  ✓ QPS: 8429.94

Trial 3/3:
  Running 10000 queries...
  ✓ Time: 1.22s (0.12 ms/query)
  ✓ QPS: 8227.46

📊 Average Results:
  Time: 3.72s
  QPS: 5933.04

============================================================
MySQL Benchmark: users - DELETE (batch: 10000)
============================================================

Trial 1/3:
  Running 10000 queries...
  ✓ Time: 7.87s (0.79 ms/query)
  ✓ QPS: 1271.40

Trial 2/3:
  Running 10000 queries...
  ✓ Time: 1.18s (0.12 ms/query)
  ✓ QPS: 8439.25

Trial 3/3:
  Running 10000 queries...
  ✓ Time: 1.15s (0.11 ms/query)
  ✓ QPS: 8709.05

📊 Average Results:
  Time: 3.40s
  QPS: 6139.90

============================================================
MySQL Benchmark: categories - DELETE (batch: 10000)
============================================================

Trial 1/3:
  Running 10000 queries...
  ✓ Time: 1.26s (0.13 ms/query)
  ✓ QPS: 7918.79

Trial 2/3:
  Running 10000 queries...
  ✓ Time: 1.17s (0.12 ms/query)
  ✓ QPS: 8544.20

Trial 3/3:
  Running 10000 queries...
  ✓ Time: 1.15s (0.12 ms/query)
  ✓ QPS: 8687.18

📊 Average Results:
  Time: 1.19s
  QPS: 8383.39

============================================================
MySQL Benchmark: products - DELETE (batch: 10000)
============================================================

Trial 1/3:
  Running 10000 queries...
  ✓ Time: 8.15s (0.81 ms/query)
  ✓ QPS: 1227.42

Trial 2/3:
  Running 10000 queries...
  ✓ Time: 1.19s (0.12 ms/query)
  ✓ QPS: 8390.53

Trial 3/3:
  Running 10000 queries...
  ✓ Time: 1.19s (0.12 ms/query)
  ✓ QPS: 8384.08

📊 Average Results:
  Time: 3.51s
  QPS: 6000.68

============================================================
MySQL Benchmark: addresses - DELETE (batch: 10000)
============================================================

Trial 1/3:
  Running 10000 queries...
  ✓ Time: 7.44s (0.74 ms/query)
  ✓ QPS: 1344.57

Trial 2/3:
  Running 10000 queries...
  ✓ Time: 1.25s (0.12 ms/query)
  ✓ QPS: 8004.28

Trial 3/3:
  Running 10000 queries...
  ✓ Time: 1.20s (0.12 ms/query)
  ✓ QPS: 8304.83

📊 Average Results:
  Time: 3.30s
  QPS: 5884.56

============================================================
MySQL Benchmark: orders - DELETE (batch: 10000)
============================================================

Trial 1/3:
  Running 10000 queries...
  ✓ Time: 7.77s (0.78 ms/query)
  ✓ QPS: 1286.62

Trial 2/3:
  Running 10000 queries...
  ✓ Time: 1.20s (0.12 ms/query)
  ✓ QPS: 8304.00

Trial 3/3:
  Running 10000 queries...
  ✓ Time: 1.17s (0.12 ms/query)
  ✓ QPS: 8570.97

📊 Average Results:
  Time: 3.38s
  QPS: 6053.86
✓ Indexes dropped

▶ MySQL @ scale=10000000
  Phase A: SKIPPED (only runs at smallest scale=500000)
  Phase B: WITH indexes
✓ MySQL tables truncated
  ✓ Loaded 200 rows from queries/categories_sql_insert.sql
  ✓ Loaded 10000000 rows from queries/users_sql_insert.sql
  ✓ Loaded 10000000 rows from queries/addresses_sql_insert.sql
  ✓ Loaded 100000 rows from queries/products_sql_insert.sql
  ✓ Loaded 10000000 rows from queries/orders_sql_insert.sql
✓ Indexes created (and ANALYZE run)
  Collecting EXPLAIN plans (with_index=true)...

============================================================
MySQL Benchmark: users - SELECT (batch: 10000)
============================================================

Trial 1/3:
  Running 10000 queries...
  ✓ Time: 2.97s (0.30 ms/query)
  ✓ QPS: 3364.17

Trial 2/3:
  Running 10000 queries...
  ✓ Time: 2.90s (0.29 ms/query)
  ✓ QPS: 3448.63

Trial 3/3:
  Running 10000 queries...
  ✓ Time: 2.89s (0.29 ms/query)
  ✓ QPS: 3458.59

📊 Average Results:
  Time: 2.92s
  QPS: 3423.80

============================================================
MySQL Benchmark: categories - SELECT (batch: 10000)
============================================================

Trial 1/3:
  Running 10000 queries...
  ✓ Time: 1.39s (0.14 ms/query)
  ✓ QPS: 7205.46

Trial 2/3:
  Running 10000 queries...
  ✓ Time: 1.43s (0.14 ms/query)
  ✓ QPS: 7008.53

Trial 3/3:
  Running 10000 queries...
  ✓ Time: 1.39s (0.14 ms/query)
  ✓ QPS: 7180.81

📊 Average Results:
  Time: 1.40s
  QPS: 7131.60

============================================================
MySQL Benchmark: products - SELECT (batch: 10000)
============================================================

Trial 1/3:
  Running 10000 queries...
  ✓ Time: 2.81s (0.28 ms/query)
  ✓ QPS: 3562.29

Trial 2/3:
  Running 10000 queries...
  ✓ Time: 2.89s (0.29 ms/query)
  ✓ QPS: 3460.30

Trial 3/3:
  Running 10000 queries...
  ✓ Time: 2.92s (0.29 ms/query)
  ✓ QPS: 3426.86

📊 Average Results:
  Time: 2.87s
  QPS: 3483.15

============================================================
MySQL Benchmark: addresses - SELECT (batch: 10000)
============================================================

Trial 1/3:
  Running 10000 queries...
  ✓ Time: 7.82s (0.78 ms/query)
  ✓ QPS: 1278.56

Trial 2/3:
  Running 10000 queries...
  ✓ Time: 4.90s (0.49 ms/query)
  ✓ QPS: 2042.77

Trial 3/3:
  Running 10000 queries...
  ✓ Time: 4.42s (0.44 ms/query)
  ✓ QPS: 2264.49

📊 Average Results:
  Time: 5.71s
  QPS: 1861.94

============================================================
MySQL Benchmark: orders - SELECT (batch: 10000)
============================================================

Trial 1/3:
  Running 10000 queries...
  ✓ Time: 3.15s (0.32 ms/query)
  ✓ QPS: 3170.87

Trial 2/3:
  Running 10000 queries...
  ✓ Time: 3.12s (0.31 ms/query)
  ✓ QPS: 3203.87

Trial 3/3:
  Running 10000 queries...
  ✓ Time: 3.15s (0.31 ms/query)
  ✓ QPS: 3177.38

📊 Average Results:
  Time: 3.14s
  QPS: 3184.04

============================================================
MySQL Benchmark: users - INSERT (batch: 10000)
============================================================

Trial 1/3:
  Running 10000 queries...
  ✓ Time: 1.27s (0.13 ms/query)
  ✓ QPS: 7896.39

Trial 2/3:
  Running 10000 queries...
  ✓ Time: 1.22s (0.12 ms/query)
  ✓ QPS: 8202.61

Trial 3/3:
  Running 10000 queries...
  ✓ Time: 1.25s (0.12 ms/query)
  ✓ QPS: 8013.49

📊 Average Results:
  Time: 1.24s
  QPS: 8037.50

============================================================
MySQL Benchmark: categories - INSERT (batch: 10000)
============================================================

Trial 1/3:
  Running 10000 queries...
  ✓ Time: 1.25s (0.12 ms/query)
  ✓ QPS: 8007.79

Trial 2/3:
  Running 10000 queries...
  ✓ Time: 1.22s (0.12 ms/query)
  ✓ QPS: 8219.92

Trial 3/3:
  Running 10000 queries...
  ✓ Time: 1.24s (0.12 ms/query)
  ✓ QPS: 8067.23

📊 Average Results:
  Time: 1.23s
  QPS: 8098.32

============================================================
MySQL Benchmark: products - INSERT (batch: 10000)
============================================================

Trial 1/3:
  Running 10000 queries...
  ✓ Time: 1.21s (0.12 ms/query)
  ✓ QPS: 8253.67

Trial 2/3:
  Running 10000 queries...
  ✓ Time: 1.23s (0.12 ms/query)
  ✓ QPS: 8148.84

Trial 3/3:
  Running 10000 queries...
  ✓ Time: 1.26s (0.13 ms/query)
  ✓ QPS: 7951.06

📊 Average Results:
  Time: 1.23s
  QPS: 8117.86

============================================================
MySQL Benchmark: addresses - INSERT (batch: 10000)
============================================================

Trial 1/3:
  Running 10000 queries...
  ✓ Time: 1.23s (0.12 ms/query)
  ✓ QPS: 8107.49

Trial 2/3:
  Running 10000 queries...
  ✓ Time: 1.26s (0.13 ms/query)
  ✓ QPS: 7941.70

Trial 3/3:
  Running 10000 queries...
  ✓ Time: 1.30s (0.13 ms/query)
  ✓ QPS: 7709.33

📊 Average Results:
  Time: 1.26s
  QPS: 7919.51

============================================================
MySQL Benchmark: orders - INSERT (batch: 10000)
============================================================

Trial 1/3:
  Running 10000 queries...
  ✓ Time: 1.25s (0.12 ms/query)
  ✓ QPS: 8021.38

Trial 2/3:
  Running 10000 queries...
  ✓ Time: 1.26s (0.13 ms/query)
  ✓ QPS: 7948.88

Trial 3/3:
  Running 10000 queries...
  ✓ Time: 1.24s (0.12 ms/query)
  ✓ QPS: 8096.25

📊 Average Results:
  Time: 1.25s
  QPS: 8022.17

============================================================
MySQL Benchmark: users - UPDATE (batch: 10000)
============================================================

Trial 1/3:
  Running 10000 queries...
  ✓ Time: 8.93s (0.89 ms/query)
  ✓ QPS: 1119.88

Trial 2/3:
  Running 10000 queries...
  ✓ Time: 1.24s (0.12 ms/query)
  ✓ QPS: 8046.34

Trial 3/3:
  Running 10000 queries...
  ✓ Time: 1.20s (0.12 ms/query)
  ✓ QPS: 8320.70

📊 Average Results:
  Time: 3.79s
  QPS: 5828.97

============================================================
MySQL Benchmark: categories - UPDATE (batch: 10000)
============================================================

Trial 1/3:
  Running 10000 queries...
  ✓ Time: 1.32s (0.13 ms/query)
  ✓ QPS: 7597.54

Trial 2/3:
  Running 10000 queries...
  ✓ Time: 1.20s (0.12 ms/query)
  ✓ QPS: 8355.81

Trial 3/3:
  Running 10000 queries...
  ✓ Time: 1.23s (0.12 ms/query)
  ✓ QPS: 8122.99

📊 Average Results:
  Time: 1.25s
  QPS: 8025.45

============================================================
MySQL Benchmark: products - UPDATE (batch: 10000)
============================================================

Trial 1/3:
  Running 10000 queries...
  ✓ Time: 8.41s (0.84 ms/query)
  ✓ QPS: 1189.01

Trial 2/3:
  Running 10000 queries...
  ✓ Time: 1.22s (0.12 ms/query)
  ✓ QPS: 8228.95

Trial 3/3:
  Running 10000 queries...
  ✓ Time: 1.20s (0.12 ms/query)
  ✓ QPS: 8315.21

📊 Average Results:
  Time: 3.61s
  QPS: 5911.06

============================================================
MySQL Benchmark: addresses - UPDATE (batch: 10000)
============================================================

Trial 1/3:
  Running 10000 queries...
  ✓ Time: 8.93s (0.89 ms/query)
  ✓ QPS: 1119.91

Trial 2/3:
  Running 10000 queries...
  ✓ Time: 1.22s (0.12 ms/query)
  ✓ QPS: 8219.34

Trial 3/3:
  Running 10000 queries...
  ✓ Time: 1.21s (0.12 ms/query)
  ✓ QPS: 8234.88

📊 Average Results:
  Time: 3.79s
  QPS: 5858.04

============================================================
MySQL Benchmark: orders - UPDATE (batch: 10000)
============================================================

Trial 1/3:
  Running 10000 queries...
  ✓ Time: 7.84s (0.78 ms/query)
  ✓ QPS: 1275.62

Trial 2/3:
  Running 10000 queries...
  ✓ Time: 1.21s (0.12 ms/query)
  ✓ QPS: 8234.67

Trial 3/3:
  Running 10000 queries...
  ✓ Time: 1.17s (0.12 ms/query)
  ✓ QPS: 8554.78

📊 Average Results:
  Time: 3.41s
  QPS: 6021.69

============================================================
MySQL Benchmark: users - DELETE (batch: 10000)
============================================================

Trial 1/3:
  Running 10000 queries...
  ✓ Time: 8.00s (0.80 ms/query)
  ✓ QPS: 1250.71

Trial 2/3:
  Running 10000 queries...
  ✓ Time: 1.15s (0.11 ms/query)
  ✓ QPS: 8730.79

Trial 3/3:
  Running 10000 queries...
  ✓ Time: 1.16s (0.12 ms/query)
  ✓ QPS: 8617.20

📊 Average Results:
  Time: 3.43s
  QPS: 6199.57

============================================================
MySQL Benchmark: categories - DELETE (batch: 10000)
============================================================

Trial 1/3:
  Running 10000 queries...
  ✓ Time: 1.26s (0.13 ms/query)
  ✓ QPS: 7942.56

Trial 2/3:
  Running 10000 queries...
  ✓ Time: 1.18s (0.12 ms/query)
  ✓ QPS: 8478.63

Trial 3/3:
  Running 10000 queries...
  ✓ Time: 1.17s (0.12 ms/query)
  ✓ QPS: 8578.80

📊 Average Results:
  Time: 1.20s
  QPS: 8333.33

============================================================
MySQL Benchmark: products - DELETE (batch: 10000)
============================================================

Trial 1/3:
  Running 10000 queries...
  ✓ Time: 7.31s (0.73 ms/query)
  ✓ QPS: 1368.85

Trial 2/3:
  Running 10000 queries...
  ✓ Time: 1.19s (0.12 ms/query)
  ✓ QPS: 8399.94

Trial 3/3:
  Running 10000 queries...
  ✓ Time: 1.15s (0.12 ms/query)
  ✓ QPS: 8658.09

📊 Average Results:
  Time: 3.22s
  QPS: 6142.29

============================================================
MySQL Benchmark: addresses - DELETE (batch: 10000)
============================================================

Trial 1/3:
  Running 10000 queries...
  ✓ Time: 8.28s (0.83 ms/query)
  ✓ QPS: 1207.24

Trial 2/3:
  Running 10000 queries...
  ✓ Time: 1.20s (0.12 ms/query)
  ✓ QPS: 8317.90

Trial 3/3:
  Running 10000 queries...
  ✓ Time: 1.18s (0.12 ms/query)
  ✓ QPS: 8489.74

📊 Average Results:
  Time: 3.55s
  QPS: 6004.96

============================================================
MySQL Benchmark: orders - DELETE (batch: 10000)
============================================================

Trial 1/3:
  Running 10000 queries...
  ✓ Time: 7.76s (0.78 ms/query)
  ✓ QPS: 1289.09

Trial 2/3:
  Running 10000 queries...
  ✓ Time: 1.21s (0.12 ms/query)
  ✓ QPS: 8284.75

Trial 3/3:
  Running 10000 queries...
  ✓ Time: 1.19s (0.12 ms/query)
  ✓ QPS: 8390.49

📊 Average Results:
  Time: 3.38s
  QPS: 5988.11
✓ Indexes dropped

============================================================
Starting PostgreSQL Benchmarks
============================================================
✓ Connected to PostgreSQL

▶ PostgreSQL @ scale=500000
  Phase A: WITHOUT indexes
✓ PostgreSQL tables truncated
  ✓ Loaded 200 rows from queries/categories_sql_insert.sql
  ✓ Loaded 500000 rows from queries/users_sql_insert.sql
  ✓ Loaded 500000 rows from queries/addresses_sql_insert.sql
  ✓ Loaded 100000 rows from queries/products_sql_insert.sql
  ✓ Loaded 500000 rows from queries/orders_sql_insert.sql
  Collecting EXPLAIN plans (with_index=false)...

============================================================
PostgreSQL Benchmark: users - SELECT (batch: 1000)
============================================================

Trial 1/3:
  Running 1000 queries...
  ✓ Time: 0.41s (0.41 ms/query)
  ✓ QPS: 2438.85

Trial 2/3:
  Running 1000 queries...
  ✓ Time: 0.40s (0.40 ms/query)
  ✓ QPS: 2525.63

Trial 3/3:
  Running 1000 queries...
  ✓ Time: 0.42s (0.42 ms/query)
  ✓ QPS: 2379.04

📊 Average Results:
  Time: 0.41s
  QPS: 2447.84

============================================================
PostgreSQL Benchmark: categories - SELECT (batch: 1000)
============================================================

Trial 1/3:
  Running 1000 queries...
  ✓ Time: 0.14s (0.14 ms/query)
  ✓ QPS: 6931.81

Trial 2/3:
  Running 1000 queries...
  ✓ Time: 0.14s (0.14 ms/query)
  ✓ QPS: 7129.57

Trial 3/3:
  Running 1000 queries...
  ✓ Time: 0.14s (0.14 ms/query)
  ✓ QPS: 7162.92

📊 Average Results:
  Time: 0.14s
  QPS: 7074.77

============================================================
PostgreSQL Benchmark: products - SELECT (batch: 1000)
============================================================

Trial 1/3:
  Running 1000 queries...
  ✓ Time: 0.69s (0.69 ms/query)
  ✓ QPS: 1452.22

Trial 2/3:
  Running 1000 queries...
  ✓ Time: 0.71s (0.71 ms/query)
  ✓ QPS: 1415.34

Trial 3/3:
  Running 1000 queries...
  ✓ Time: 0.70s (0.69 ms/query)
  ✓ QPS: 1438.04

📊 Average Results:
  Time: 0.70s
  QPS: 1435.20

============================================================
PostgreSQL Benchmark: addresses - SELECT (batch: 1000)
============================================================

Trial 1/3:
  Running 1000 queries...
  ✓ Time: 10.12s (10.12 ms/query)
  ✓ QPS: 98.81

Trial 2/3:
  Running 1000 queries...
  ✓ Time: 10.09s (10.09 ms/query)
  ✓ QPS: 99.12

Trial 3/3:
  Running 1000 queries...
  ✓ Time: 10.03s (10.03 ms/query)
  ✓ QPS: 99.66

📊 Average Results:
  Time: 10.08s
  QPS: 99.20

============================================================
PostgreSQL Benchmark: orders - SELECT (batch: 1000)
============================================================

Trial 1/3:
  Running 1000 queries...
  ✓ Time: 0.77s (0.77 ms/query)
  ✓ QPS: 1293.56

Trial 2/3:
  Running 1000 queries...
  ✓ Time: 0.78s (0.78 ms/query)
  ✓ QPS: 1289.66

Trial 3/3:
  Running 1000 queries...
  ✓ Time: 0.77s (0.77 ms/query)
  ✓ QPS: 1304.95

📊 Average Results:
  Time: 0.77s
  QPS: 1296.06

============================================================
PostgreSQL Benchmark: users - INSERT (batch: 1000)
============================================================

Trial 1/3:
  Running 1000 queries...
  ✓ Time: 0.14s (0.14 ms/query)
  ✓ QPS: 7123.02

Trial 2/3:
  Running 1000 queries...
  ✓ Time: 0.15s (0.15 ms/query)
  ✓ QPS: 6658.75

Trial 3/3:
  Running 1000 queries...
  ✓ Time: 0.13s (0.13 ms/query)
  ✓ QPS: 7493.53

📊 Average Results:
  Time: 0.14s
  QPS: 7091.77

============================================================
PostgreSQL Benchmark: categories - INSERT (batch: 1000)
============================================================

Trial 1/3:
  Running 1000 queries...
  ✓ Time: 0.14s (0.14 ms/query)
  ✓ QPS: 7295.41

Trial 2/3:
  Running 1000 queries...
  ✓ Time: 0.13s (0.13 ms/query)
  ✓ QPS: 7467.33

Trial 3/3:
  Running 1000 queries...
  ✓ Time: 0.14s (0.14 ms/query)
  ✓ QPS: 7388.13

📊 Average Results:
  Time: 0.14s
  QPS: 7383.62

============================================================
PostgreSQL Benchmark: products - INSERT (batch: 1000)
============================================================

Trial 1/3:
  Running 1000 queries...
  ✓ Time: 0.14s (0.14 ms/query)
  ✓ QPS: 7313.43

Trial 2/3:
  Running 1000 queries...
  ✓ Time: 0.13s (0.13 ms/query)
  ✓ QPS: 7410.02

Trial 3/3:
  Running 1000 queries...
  ✓ Time: 0.13s (0.13 ms/query)
  ✓ QPS: 7849.68

📊 Average Results:
  Time: 0.13s
  QPS: 7524.38

============================================================
PostgreSQL Benchmark: addresses - INSERT (batch: 1000)
============================================================

Trial 1/3:
  Running 1000 queries...
  ✓ Time: 0.13s (0.13 ms/query)
  ✓ QPS: 7504.79

Trial 2/3:
  Running 1000 queries...
  ✓ Time: 0.14s (0.14 ms/query)
  ✓ QPS: 7302.79

Trial 3/3:
  Running 1000 queries...
  ✓ Time: 0.14s (0.14 ms/query)
  ✓ QPS: 7209.96

📊 Average Results:
  Time: 0.14s
  QPS: 7339.18

============================================================
PostgreSQL Benchmark: orders - INSERT (batch: 1000)
============================================================

Trial 1/3:
  Running 1000 queries...
  ✓ Time: 0.14s (0.14 ms/query)
  ✓ QPS: 7166.64

Trial 2/3:
  Running 1000 queries...
  ✓ Time: 0.14s (0.14 ms/query)
  ✓ QPS: 7263.66

Trial 3/3:
  Running 1000 queries...
  ✓ Time: 0.14s (0.14 ms/query)
  ✓ QPS: 7237.51

📊 Average Results:
  Time: 0.14s
  QPS: 7222.60

============================================================
PostgreSQL Benchmark: users - UPDATE (batch: 1000)
============================================================

Trial 1/3:
  Running 1000 queries...
  ✓ Time: 0.19s (0.19 ms/query)
  ✓ QPS: 5232.15

Trial 2/3:
  Running 1000 queries...
  ✓ Time: 0.18s (0.18 ms/query)
  ✓ QPS: 5466.96

Trial 3/3:
  Running 1000 queries...
  ✓ Time: 0.18s (0.18 ms/query)
  ✓ QPS: 5471.59

📊 Average Results:
  Time: 0.18s
  QPS: 5390.23

============================================================
PostgreSQL Benchmark: categories - UPDATE (batch: 1000)
============================================================

Trial 1/3:
  Running 1000 queries...
  ✓ Time: 0.20s (0.20 ms/query)
  ✓ QPS: 5058.31

Trial 2/3:
  Running 1000 queries...
  ✓ Time: 0.18s (0.18 ms/query)
  ✓ QPS: 5553.72

Trial 3/3:
  Running 1000 queries...
  ✓ Time: 0.18s (0.18 ms/query)
  ✓ QPS: 5545.41

📊 Average Results:
  Time: 0.19s
  QPS: 5385.81

============================================================
PostgreSQL Benchmark: products - UPDATE (batch: 1000)
============================================================

Trial 1/3:
  Running 1000 queries...
  ✓ Time: 0.18s (0.17 ms/query)
  ✓ QPS: 5693.19

Trial 2/3:
  Running 1000 queries...
  ✓ Time: 0.17s (0.17 ms/query)
  ✓ QPS: 5753.44

Trial 3/3:
  Running 1000 queries...
  ✓ Time: 0.18s (0.18 ms/query)
  ✓ QPS: 5645.25

📊 Average Results:
  Time: 0.17s
  QPS: 5697.29

============================================================
PostgreSQL Benchmark: addresses - UPDATE (batch: 1000)
============================================================

Trial 1/3:
  Running 1000 queries...
  ✓ Time: 0.18s (0.18 ms/query)
  ✓ QPS: 5532.25

Trial 2/3:
  Running 1000 queries...
  ✓ Time: 0.18s (0.18 ms/query)
  ✓ QPS: 5624.35

Trial 3/3:
  Running 1000 queries...
  ✓ Time: 0.18s (0.18 ms/query)
  ✓ QPS: 5671.86

📊 Average Results:
  Time: 0.18s
  QPS: 5609.49

============================================================
PostgreSQL Benchmark: orders - UPDATE (batch: 1000)
============================================================

Trial 1/3:
  Running 1000 queries...
  ✓ Time: 0.17s (0.17 ms/query)
  ✓ QPS: 5744.95

Trial 2/3:
  Running 1000 queries...
  ✓ Time: 0.18s (0.18 ms/query)
  ✓ QPS: 5622.92

Trial 3/3:
  Running 1000 queries...
  ✓ Time: 0.18s (0.17 ms/query)
  ✓ QPS: 5683.09

📊 Average Results:
  Time: 0.18s
  QPS: 5683.65

============================================================
PostgreSQL Benchmark: users - DELETE (batch: 1000)
============================================================

Trial 1/3:
  Running 1000 queries...
  ✓ Time: 0.19s (0.19 ms/query)
  ✓ QPS: 5200.52

Trial 2/3:
  Running 1000 queries...
  ✓ Time: 0.13s (0.13 ms/query)
  ✓ QPS: 7743.09

Trial 3/3:
  Running 1000 queries...
  ✓ Time: 0.13s (0.13 ms/query)
  ✓ QPS: 7629.34

📊 Average Results:
  Time: 0.15s
  QPS: 6857.65

============================================================
PostgreSQL Benchmark: categories - DELETE (batch: 1000)
============================================================

Trial 1/3:
  Running 1000 queries...
  ✓ Time: 0.12s (0.12 ms/query)
  ✓ QPS: 8175.17

Trial 2/3:
  Running 1000 queries...
  ✓ Time: 0.12s (0.12 ms/query)
  ✓ QPS: 8664.95

Trial 3/3:
  Running 1000 queries...
  ✓ Time: 0.12s (0.12 ms/query)
  ✓ QPS: 8549.30

📊 Average Results:
  Time: 0.12s
  QPS: 8463.14

============================================================
PostgreSQL Benchmark: products - DELETE (batch: 1000)
============================================================

Trial 1/3:
  Running 1000 queries...
  ✓ Time: 0.15s (0.15 ms/query)
  ✓ QPS: 6794.60

Trial 2/3:
  Running 1000 queries...
  ✓ Time: 0.11s (0.11 ms/query)
  ✓ QPS: 9053.99

Trial 3/3:
  Running 1000 queries...
  ✓ Time: 0.12s (0.12 ms/query)
  ✓ QPS: 8159.11

📊 Average Results:
  Time: 0.13s
  QPS: 8002.56

============================================================
PostgreSQL Benchmark: addresses - DELETE (batch: 1000)
============================================================

Trial 1/3:
  Running 1000 queries...
  ✓ Time: 0.17s (0.17 ms/query)
  ✓ QPS: 5748.52

Trial 2/3:
  Running 1000 queries...
  ✓ Time: 0.12s (0.12 ms/query)
  ✓ QPS: 8122.86

Trial 3/3:
  Running 1000 queries...
  ✓ Time: 0.13s (0.13 ms/query)
  ✓ QPS: 7735.14

📊 Average Results:
  Time: 0.14s
  QPS: 7202.18

============================================================
PostgreSQL Benchmark: orders - DELETE (batch: 1000)
============================================================

Trial 1/3:
  Running 1000 queries...
  ✓ Time: 0.17s (0.17 ms/query)
  ✓ QPS: 5792.63

Trial 2/3:
  Running 1000 queries...
  ✓ Time: 0.12s (0.12 ms/query)
  ✓ QPS: 8621.40

Trial 3/3:
  Running 1000 queries...
  ✓ Time: 0.13s (0.13 ms/query)
  ✓ QPS: 7847.97

📊 Average Results:
  Time: 0.14s
  QPS: 7420.67
  Phase B: WITH indexes
✓ PostgreSQL tables truncated
  ✓ Loaded 200 rows from queries/categories_sql_insert.sql
  ✓ Loaded 500000 rows from queries/users_sql_insert.sql
  ✓ Loaded 500000 rows from queries/addresses_sql_insert.sql
  ✓ Loaded 100000 rows from queries/products_sql_insert.sql
  ✓ Loaded 500000 rows from queries/orders_sql_insert.sql
✓ Indexes created (and ANALYZE run)

============================================================
PostgreSQL Benchmark: users - SELECT (batch: 10000)
============================================================

Trial 1/3:
  Running 10000 queries...
  ✓ Time: 4.30s (0.43 ms/query)
  ✓ QPS: 2327.92

Trial 2/3:
  Running 10000 queries...
  ✓ Time: 4.30s (0.43 ms/query)
  ✓ QPS: 2323.58

Trial 3/3:
  Running 10000 queries...
  ✓ Time: 4.34s (0.43 ms/query)
  ✓ QPS: 2305.44

📊 Average Results:
  Time: 4.31s
  QPS: 2318.98

============================================================
PostgreSQL Benchmark: categories - SELECT (batch: 10000)
============================================================

Trial 1/3:
  Running 10000 queries...
  ✓ Time: 1.35s (0.14 ms/query)
  ✓ QPS: 7387.41

Trial 2/3:
  Running 10000 queries...
  ✓ Time: 1.42s (0.14 ms/query)
  ✓ QPS: 7046.13

Trial 3/3:
  Running 10000 queries...
  ✓ Time: 1.42s (0.14 ms/query)
  ✓ QPS: 7020.70

📊 Average Results:
  Time: 1.40s
  QPS: 7151.41

============================================================
PostgreSQL Benchmark: products - SELECT (batch: 10000)
============================================================

Trial 1/3:
  Running 10000 queries...
  ✓ Time: 2.71s (0.27 ms/query)
  ✓ QPS: 3696.26

Trial 2/3:
  Running 10000 queries...
  ✓ Time: 2.85s (0.28 ms/query)
  ✓ QPS: 3512.13

Trial 3/3:
  Running 10000 queries...
  ✓ Time: 2.78s (0.28 ms/query)
  ✓ QPS: 3599.76

📊 Average Results:
  Time: 2.78s
  QPS: 3602.72

============================================================
PostgreSQL Benchmark: addresses - SELECT (batch: 10000)
============================================================

Trial 1/3:
  Running 10000 queries...
  ✓ Time: 1.42s (0.14 ms/query)
  ✓ QPS: 7051.79

Trial 2/3:
  Running 10000 queries...
  ✓ Time: 1.42s (0.14 ms/query)
  ✓ QPS: 7045.65

Trial 3/3:
  Running 10000 queries...
  ✓ Time: 1.44s (0.14 ms/query)
  ✓ QPS: 6933.23

📊 Average Results:
  Time: 1.43s
  QPS: 7010.22

============================================================
PostgreSQL Benchmark: orders - SELECT (batch: 10000)
============================================================

Trial 1/3:
  Running 10000 queries...
  ✓ Time: 4.74s (0.47 ms/query)
  ✓ QPS: 2110.08

Trial 2/3:
  Running 10000 queries...
  ✓ Time: 4.72s (0.47 ms/query)
  ✓ QPS: 2116.73

Trial 3/3:
  Running 10000 queries...
  ✓ Time: 4.79s (0.48 ms/query)
  ✓ QPS: 2086.23

📊 Average Results:
  Time: 4.75s
  QPS: 2104.34

============================================================
PostgreSQL Benchmark: users - INSERT (batch: 10000)
============================================================

Trial 1/3:
  Running 10000 queries...
  ✓ Time: 1.38s (0.14 ms/query)
  ✓ QPS: 7253.39

Trial 2/3:
  Running 10000 queries...
  ✓ Time: 1.39s (0.14 ms/query)
  ✓ QPS: 7192.14

Trial 3/3:
  Running 10000 queries...
  ✓ Time: 1.36s (0.14 ms/query)
  ✓ QPS: 7368.35

📊 Average Results:
  Time: 1.38s
  QPS: 7271.29

============================================================
PostgreSQL Benchmark: categories - INSERT (batch: 10000)
============================================================

Trial 1/3:
  Running 10000 queries...
  ✓ Time: 1.36s (0.14 ms/query)
  ✓ QPS: 7370.03

Trial 2/3:
  Running 10000 queries...
  ✓ Time: 1.37s (0.14 ms/query)
  ✓ QPS: 7287.22

Trial 3/3:
  Running 10000 queries...
  ✓ Time: 1.34s (0.13 ms/query)
  ✓ QPS: 7475.24

📊 Average Results:
  Time: 1.35s
  QPS: 7377.50

============================================================
PostgreSQL Benchmark: products - INSERT (batch: 10000)
============================================================

Trial 1/3:
  Running 10000 queries...
  ✓ Time: 1.33s (0.13 ms/query)
  ✓ QPS: 7508.53

Trial 2/3:
  Running 10000 queries...
  ✓ Time: 1.37s (0.14 ms/query)
  ✓ QPS: 7294.12

Trial 3/3:
  Running 10000 queries...
  ✓ Time: 1.37s (0.14 ms/query)
  ✓ QPS: 7282.78

📊 Average Results:
  Time: 1.36s
  QPS: 7361.81

============================================================
PostgreSQL Benchmark: addresses - INSERT (batch: 10000)
============================================================

Trial 1/3:
  Running 10000 queries...
  ✓ Time: 1.35s (0.14 ms/query)
  ✓ QPS: 7390.08

Trial 2/3:
  Running 10000 queries...
  ✓ Time: 1.34s (0.13 ms/query)
  ✓ QPS: 7485.79

Trial 3/3:
  Running 10000 queries...
  ✓ Time: 1.38s (0.14 ms/query)
  ✓ QPS: 7267.09

📊 Average Results:
  Time: 1.35s
  QPS: 7380.99

============================================================
PostgreSQL Benchmark: orders - INSERT (batch: 10000)
============================================================

Trial 1/3:
  Running 10000 queries...
  ✓ Time: 1.38s (0.14 ms/query)
  ✓ QPS: 7241.02

Trial 2/3:
  Running 10000 queries...
  ✓ Time: 1.29s (0.13 ms/query)
  ✓ QPS: 7765.39

Trial 3/3:
  Running 10000 queries...
  ✓ Time: 1.33s (0.13 ms/query)
  ✓ QPS: 7528.81

📊 Average Results:
  Time: 1.33s
  QPS: 7511.74

============================================================
PostgreSQL Benchmark: users - UPDATE (batch: 10000)
============================================================

Trial 1/3:
  Running 10000 queries...
  ✓ Time: 1.86s (0.19 ms/query)
  ✓ QPS: 5364.63

Trial 2/3:
  Running 10000 queries...
  ✓ Time: 2.23s (0.22 ms/query)
  ✓ QPS: 4481.04

Trial 3/3:
  Running 10000 queries...
  ✓ Time: 1.94s (0.19 ms/query)
  ✓ QPS: 5145.31

📊 Average Results:
  Time: 2.01s
  QPS: 4996.99

============================================================
PostgreSQL Benchmark: categories - UPDATE (batch: 10000)
============================================================

Trial 1/3:
  Running 10000 queries...
  ✓ Time: 2.37s (0.24 ms/query)
  ✓ QPS: 4223.20

Trial 2/3:
  Running 10000 queries...
  ✓ Time: 2.28s (0.23 ms/query)
  ✓ QPS: 4378.18

Trial 3/3:
  Running 10000 queries...
  ✓ Time: 2.28s (0.23 ms/query)
  ✓ QPS: 4393.79

📊 Average Results:
  Time: 2.31s
  QPS: 4331.72

============================================================
PostgreSQL Benchmark: products - UPDATE (batch: 10000)
============================================================

Trial 1/3:
  Running 10000 queries...
  ✓ Time: 2.48s (0.25 ms/query)
  ✓ QPS: 4036.16

Trial 2/3:
  Running 10000 queries...
  ✓ Time: 2.43s (0.24 ms/query)
  ✓ QPS: 4121.25

Trial 3/3:
  Running 10000 queries...
  ✓ Time: 2.55s (0.25 ms/query)
  ✓ QPS: 3924.79

📊 Average Results:
  Time: 2.48s
  QPS: 4027.40

============================================================
PostgreSQL Benchmark: addresses - UPDATE (batch: 10000)
============================================================

Trial 1/3:
  Running 10000 queries...
  ✓ Time: 2.50s (0.25 ms/query)
  ✓ QPS: 4006.09

Trial 2/3:
  Running 10000 queries...
  ✓ Time: 2.44s (0.24 ms/query)
  ✓ QPS: 4106.52

Trial 3/3:
  Running 10000 queries...
  ✓ Time: 2.56s (0.26 ms/query)
  ✓ QPS: 3908.71

📊 Average Results:
  Time: 2.50s
  QPS: 4007.11

============================================================
PostgreSQL Benchmark: orders - UPDATE (batch: 10000)
============================================================

Trial 1/3:
  Running 10000 queries...
  ✓ Time: 2.33s (0.23 ms/query)
  ✓ QPS: 4297.01

Trial 2/3:
  Running 10000 queries...
  ✓ Time: 2.41s (0.24 ms/query)
  ✓ QPS: 4143.19

Trial 3/3:
  Running 10000 queries...
  ✓ Time: 2.52s (0.25 ms/query)
  ✓ QPS: 3975.20

📊 Average Results:
  Time: 2.42s
  QPS: 4138.47

============================================================
PostgreSQL Benchmark: users - DELETE (batch: 10000)
============================================================

Trial 1/3:
  Running 10000 queries...
  ✓ Time: 2.58s (0.26 ms/query)
  ✓ QPS: 3872.28

Trial 2/3:
  Running 10000 queries...
  ✓ Time: 1.34s (0.13 ms/query)
  ✓ QPS: 7468.13

Trial 3/3:
  Running 10000 queries...
  ✓ Time: 1.32s (0.13 ms/query)
  ✓ QPS: 7586.71

📊 Average Results:
  Time: 1.75s
  QPS: 6309.04

============================================================
PostgreSQL Benchmark: categories - DELETE (batch: 10000)
============================================================

Trial 1/3:
  Running 10000 queries...
  ✓ Time: 1.27s (0.13 ms/query)
  ✓ QPS: 7860.10

Trial 2/3:
  Running 10000 queries...
  ✓ Time: 1.19s (0.12 ms/query)
  ✓ QPS: 8390.06

Trial 3/3:
  Running 10000 queries...
  ✓ Time: 1.33s (0.13 ms/query)
  ✓ QPS: 7543.22

📊 Average Results:
  Time: 1.26s
  QPS: 7931.13

============================================================
PostgreSQL Benchmark: products - DELETE (batch: 10000)
============================================================

Trial 1/3:
  Running 10000 queries...
  ✓ Time: 1.74s (0.17 ms/query)
  ✓ QPS: 5744.20

Trial 2/3:
  Running 10000 queries...
  ✓ Time: 1.31s (0.13 ms/query)
  ✓ QPS: 7658.94

Trial 3/3:
  Running 10000 queries...
  ✓ Time: 1.23s (0.12 ms/query)
  ✓ QPS: 8148.49

📊 Average Results:
  Time: 1.42s
  QPS: 7183.88

============================================================
PostgreSQL Benchmark: addresses - DELETE (batch: 10000)
============================================================

Trial 1/3:
  Running 10000 queries...
  ✓ Time: 1.59s (0.16 ms/query)
  ✓ QPS: 6272.18

Trial 2/3:
  Running 10000 queries...
  ✓ Time: 1.29s (0.13 ms/query)
  ✓ QPS: 7759.36

Trial 3/3:
  Running 10000 queries...
  ✓ Time: 1.18s (0.12 ms/query)
  ✓ QPS: 8471.13

📊 Average Results:
  Time: 1.35s
  QPS: 7500.89

============================================================
PostgreSQL Benchmark: orders - DELETE (batch: 10000)
============================================================

Trial 1/3:
  Running 10000 queries...
  ✓ Time: 1.97s (0.20 ms/query)
  ✓ QPS: 5070.70

Trial 2/3:
  Running 10000 queries...
  ✓ Time: 1.32s (0.13 ms/query)
  ✓ QPS: 7559.24

Trial 3/3:
  Running 10000 queries...
  ✓ Time: 1.25s (0.12 ms/query)
  ✓ QPS: 8018.97

📊 Average Results:
  Time: 1.51s
  QPS: 6882.97
✓ Indexes dropped

▶ PostgreSQL @ scale=1000000
  Phase A: SKIPPED (only runs at smallest scale=500000)
  Phase B: WITH indexes
✓ PostgreSQL tables truncated
  ✓ Loaded 200 rows from queries/categories_sql_insert.sql
  ✓ Loaded 1000000 rows from queries/users_sql_insert.sql
  ✓ Loaded 1000000 rows from queries/addresses_sql_insert.sql
  ✓ Loaded 100000 rows from queries/products_sql_insert.sql
  ✓ Loaded 1000000 rows from queries/orders_sql_insert.sql
✓ Indexes created (and ANALYZE run)

============================================================
PostgreSQL Benchmark: users - SELECT (batch: 10000)
============================================================

Trial 1/3:
  Running 10000 queries...
  ✓ Time: 4.32s (0.43 ms/query)
  ✓ QPS: 2314.55

Trial 2/3:
  Running 10000 queries...
  ✓ Time: 4.34s (0.43 ms/query)
  ✓ QPS: 2304.48

Trial 3/3:
  Running 10000 queries...
  ✓ Time: 4.36s (0.44 ms/query)
  ✓ QPS: 2293.12

📊 Average Results:
  Time: 4.34s
  QPS: 2304.05

============================================================
PostgreSQL Benchmark: categories - SELECT (batch: 10000)
============================================================

Trial 1/3:
  Running 10000 queries...
  ✓ Time: 1.41s (0.14 ms/query)
  ✓ QPS: 7110.96

Trial 2/3:
  Running 10000 queries...
  ✓ Time: 1.38s (0.14 ms/query)
  ✓ QPS: 7239.70

Trial 3/3:
  Running 10000 queries...
  ✓ Time: 1.43s (0.14 ms/query)
  ✓ QPS: 6969.11

📊 Average Results:
  Time: 1.41s
  QPS: 7106.59

============================================================
PostgreSQL Benchmark: products - SELECT (batch: 10000)
============================================================

Trial 1/3:
  Running 10000 queries...
  ✓ Time: 2.73s (0.27 ms/query)
  ✓ QPS: 3664.64

Trial 2/3:
  Running 10000 queries...
  ✓ Time: 2.84s (0.28 ms/query)
  ✓ QPS: 3516.37

Trial 3/3:
  Running 10000 queries...
  ✓ Time: 2.79s (0.28 ms/query)
  ✓ QPS: 3589.46

📊 Average Results:
  Time: 2.79s
  QPS: 3590.16

============================================================
PostgreSQL Benchmark: addresses - SELECT (batch: 10000)
============================================================

Trial 1/3:
  Running 10000 queries...
  ✓ Time: 1.55s (0.15 ms/query)
  ✓ QPS: 6449.06

Trial 2/3:
  Running 10000 queries...
  ✓ Time: 1.57s (0.16 ms/query)
  ✓ QPS: 6360.57

Trial 3/3:
  Running 10000 queries...
  ✓ Time: 1.55s (0.16 ms/query)
  ✓ QPS: 6441.78

📊 Average Results:
  Time: 1.56s
  QPS: 6417.14

============================================================
PostgreSQL Benchmark: orders - SELECT (batch: 10000)
============================================================

Trial 1/3:
  Running 10000 queries...
  ✓ Time: 7.17s (0.72 ms/query)
  ✓ QPS: 1393.83

Trial 2/3:
  Running 10000 queries...
  ✓ Time: 7.15s (0.71 ms/query)
  ✓ QPS: 1399.06

Trial 3/3:
  Running 10000 queries...
  ✓ Time: 7.07s (0.71 ms/query)
  ✓ QPS: 1414.90

📊 Average Results:
  Time: 7.13s
  QPS: 1402.60

============================================================
PostgreSQL Benchmark: users - INSERT (batch: 10000)
============================================================

Trial 1/3:
  Running 10000 queries...
  ✓ Time: 1.38s (0.14 ms/query)
  ✓ QPS: 7262.90

Trial 2/3:
  Running 10000 queries...
  ✓ Time: 1.40s (0.14 ms/query)
  ✓ QPS: 7134.11

Trial 3/3:
  Running 10000 queries...
  ✓ Time: 1.36s (0.14 ms/query)
  ✓ QPS: 7332.78

📊 Average Results:
  Time: 1.38s
  QPS: 7243.26

============================================================
PostgreSQL Benchmark: categories - INSERT (batch: 10000)
============================================================

Trial 1/3:
  Running 10000 queries...
  ✓ Time: 1.35s (0.14 ms/query)
  ✓ QPS: 7395.03

Trial 2/3:
  Running 10000 queries...
  ✓ Time: 1.35s (0.14 ms/query)
  ✓ QPS: 7386.56

Trial 3/3:
  Running 10000 queries...
  ✓ Time: 1.36s (0.14 ms/query)
  ✓ QPS: 7363.54

📊 Average Results:
  Time: 1.35s
  QPS: 7381.71

============================================================
PostgreSQL Benchmark: products - INSERT (batch: 10000)
============================================================

Trial 1/3:
  Running 10000 queries...
  ✓ Time: 1.37s (0.14 ms/query)
  ✓ QPS: 7323.48

Trial 2/3:
  Running 10000 queries...
  ✓ Time: 1.37s (0.14 ms/query)
  ✓ QPS: 7324.01

Trial 3/3:
  Running 10000 queries...
  ✓ Time: 1.37s (0.14 ms/query)
  ✓ QPS: 7320.25

📊 Average Results:
  Time: 1.37s
  QPS: 7322.58

============================================================
PostgreSQL Benchmark: addresses - INSERT (batch: 10000)
============================================================

Trial 1/3:
  Running 10000 queries...
  ✓ Time: 1.31s (0.13 ms/query)
  ✓ QPS: 7630.09

Trial 2/3:
  Running 10000 queries...
  ✓ Time: 1.29s (0.13 ms/query)
  ✓ QPS: 7730.59

Trial 3/3:
  Running 10000 queries...
  ✓ Time: 1.38s (0.14 ms/query)
  ✓ QPS: 7246.08

📊 Average Results:
  Time: 1.33s
  QPS: 7535.59

============================================================
PostgreSQL Benchmark: orders - INSERT (batch: 10000)
============================================================

Trial 1/3:
  Running 10000 queries...
  ✓ Time: 1.38s (0.14 ms/query)
  ✓ QPS: 7230.41

Trial 2/3:
  Running 10000 queries...
  ✓ Time: 1.38s (0.14 ms/query)
  ✓ QPS: 7241.65

Trial 3/3:
  Running 10000 queries...
  ✓ Time: 1.24s (0.12 ms/query)
  ✓ QPS: 8071.96

📊 Average Results:
  Time: 1.33s
  QPS: 7514.67

============================================================
PostgreSQL Benchmark: users - UPDATE (batch: 10000)
============================================================

Trial 1/3:
  Running 10000 queries...
  ✓ Time: 1.98s (0.20 ms/query)
  ✓ QPS: 5047.62

Trial 2/3:
  Running 10000 queries...
  ✓ Time: 2.51s (0.25 ms/query)
  ✓ QPS: 3983.60

Trial 3/3:
  Running 10000 queries...
  ✓ Time: 2.57s (0.26 ms/query)
  ✓ QPS: 3898.57

📊 Average Results:
  Time: 2.35s
  QPS: 4309.93

============================================================
PostgreSQL Benchmark: categories - UPDATE (batch: 10000)
============================================================

Trial 1/3:
  Running 10000 queries...
  ✓ Time: 2.60s (0.26 ms/query)
  ✓ QPS: 3849.45

Trial 2/3:
  Running 10000 queries...
  ✓ Time: 2.49s (0.25 ms/query)
  ✓ QPS: 4015.38

Trial 3/3:
  Running 10000 queries...
  ✓ Time: 2.63s (0.26 ms/query)
  ✓ QPS: 3804.61

📊 Average Results:
  Time: 2.57s
  QPS: 3889.81

============================================================
PostgreSQL Benchmark: products - UPDATE (batch: 10000)
============================================================

Trial 1/3:
  Running 10000 queries...
  ✓ Time: 2.58s (0.26 ms/query)
  ✓ QPS: 3877.41

Trial 2/3:
  Running 10000 queries...
  ✓ Time: 2.55s (0.26 ms/query)
  ✓ QPS: 3919.76

Trial 3/3:
  Running 10000 queries...
  ✓ Time: 2.64s (0.26 ms/query)
  ✓ QPS: 3784.39

📊 Average Results:
  Time: 2.59s
  QPS: 3860.52

============================================================
PostgreSQL Benchmark: addresses - UPDATE (batch: 10000)
============================================================

Trial 1/3:
  Running 10000 queries...
  ✓ Time: 2.40s (0.24 ms/query)
  ✓ QPS: 4165.73

Trial 2/3:
  Running 10000 queries...
  ✓ Time: 2.47s (0.25 ms/query)
  ✓ QPS: 4043.30

Trial 3/3:
  Running 10000 queries...
  ✓ Time: 2.56s (0.26 ms/query)
  ✓ QPS: 3903.66

📊 Average Results:
  Time: 2.48s
  QPS: 4037.57

============================================================
PostgreSQL Benchmark: orders - UPDATE (batch: 10000)
============================================================

Trial 1/3:
  Running 10000 queries...
  ✓ Time: 2.53s (0.25 ms/query)
  ✓ QPS: 3951.87

Trial 2/3:
  Running 10000 queries...
  ✓ Time: 2.33s (0.23 ms/query)
  ✓ QPS: 4286.64

Trial 3/3:
  Running 10000 queries...
  ✓ Time: 2.19s (0.22 ms/query)
  ✓ QPS: 4559.27

📊 Average Results:
  Time: 2.35s
  QPS: 4265.93

============================================================
PostgreSQL Benchmark: users - DELETE (batch: 10000)
============================================================

Trial 1/3:
  Running 10000 queries...
  ✓ Time: 2.42s (0.24 ms/query)
  ✓ QPS: 4126.43

Trial 2/3:
  Running 10000 queries...
  ✓ Time: 1.30s (0.13 ms/query)
  ✓ QPS: 7670.15

Trial 3/3:
  Running 10000 queries...
  ✓ Time: 1.26s (0.13 ms/query)
  ✓ QPS: 7941.78

📊 Average Results:
  Time: 1.66s
  QPS: 6579.45

============================================================
PostgreSQL Benchmark: categories - DELETE (batch: 10000)
============================================================

Trial 1/3:
  Running 10000 queries...
  ✓ Time: 1.26s (0.13 ms/query)
  ✓ QPS: 7967.64

Trial 2/3:
  Running 10000 queries...
  ✓ Time: 1.33s (0.13 ms/query)
  ✓ QPS: 7522.10

Trial 3/3:
  Running 10000 queries...
  ✓ Time: 1.32s (0.13 ms/query)
  ✓ QPS: 7560.69

📊 Average Results:
  Time: 1.30s
  QPS: 7683.48

============================================================
PostgreSQL Benchmark: products - DELETE (batch: 10000)
============================================================

Trial 1/3:
  Running 10000 queries...
  ✓ Time: 1.65s (0.17 ms/query)
  ✓ QPS: 6054.43

Trial 2/3:
  Running 10000 queries...
  ✓ Time: 1.30s (0.13 ms/query)
  ✓ QPS: 7705.83

Trial 3/3:
  Running 10000 queries...
  ✓ Time: 1.26s (0.13 ms/query)
  ✓ QPS: 7953.75

📊 Average Results:
  Time: 1.40s
  QPS: 7238.00

============================================================
PostgreSQL Benchmark: addresses - DELETE (batch: 10000)
============================================================

Trial 1/3:
  Running 10000 queries...
  ✓ Time: 1.70s (0.17 ms/query)
  ✓ QPS: 5892.41

Trial 2/3:
  Running 10000 queries...
  ✓ Time: 1.34s (0.13 ms/query)
  ✓ QPS: 7462.06

Trial 3/3:
  Running 10000 queries...
  ✓ Time: 1.32s (0.13 ms/query)
  ✓ QPS: 7552.97

📊 Average Results:
  Time: 1.45s
  QPS: 6969.15

============================================================
PostgreSQL Benchmark: orders - DELETE (batch: 10000)
============================================================

Trial 1/3:
  Running 10000 queries...
  ✓ Time: 1.83s (0.18 ms/query)
  ✓ QPS: 5454.06

Trial 2/3:
  Running 10000 queries...
  ✓ Time: 1.31s (0.13 ms/query)
  ✓ QPS: 7648.26

Trial 3/3:
  Running 10000 queries...
  ✓ Time: 1.32s (0.13 ms/query)
  ✓ QPS: 7567.17

📊 Average Results:
  Time: 1.49s
  QPS: 6889.83
✓ Indexes dropped

▶ PostgreSQL @ scale=10000000
  Phase A: SKIPPED (only runs at smallest scale=500000)
  Phase B: WITH indexes
✓ PostgreSQL tables truncated
  ✓ Loaded 200 rows from queries/categories_sql_insert.sql
  ✓ Loaded 10000000 rows from queries/users_sql_insert.sql
  ✓ Loaded 10000000 rows from queries/addresses_sql_insert.sql
  ✓ Loaded 100000 rows from queries/products_sql_insert.sql
  ✓ Loaded 10000000 rows from queries/orders_sql_insert.sql
✓ Indexes created (and ANALYZE run)
  Collecting EXPLAIN plans (with_index=true)...

============================================================
PostgreSQL Benchmark: users - SELECT (batch: 10000)
============================================================

Trial 1/3:
  Running 10000 queries...
  ✓ Time: 5.81s (0.58 ms/query)
  ✓ QPS: 1721.06

Trial 2/3:
  Running 10000 queries...
  ✓ Time: 5.03s (0.50 ms/query)
  ✓ QPS: 1986.19

Trial 3/3:
  Running 10000 queries...
  ✓ Time: 5.02s (0.50 ms/query)
  ✓ QPS: 1992.74

📊 Average Results:
  Time: 5.29s
  QPS: 1900.00

============================================================
PostgreSQL Benchmark: categories - SELECT (batch: 10000)
============================================================

Trial 1/3:
  Running 10000 queries...
  ✓ Time: 1.45s (0.14 ms/query)
  ✓ QPS: 6905.17

Trial 2/3:
  Running 10000 queries...
  ✓ Time: 1.43s (0.14 ms/query)
  ✓ QPS: 6974.01

Trial 3/3:
  Running 10000 queries...
  ✓ Time: 1.44s (0.14 ms/query)
  ✓ QPS: 6938.41

📊 Average Results:
  Time: 1.44s
  QPS: 6939.20

============================================================
PostgreSQL Benchmark: products - SELECT (batch: 10000)
============================================================

Trial 1/3:
  Running 10000 queries...
  ✓ Time: 2.73s (0.27 ms/query)
  ✓ QPS: 3663.13

Trial 2/3:
  Running 10000 queries...
  ✓ Time: 2.82s (0.28 ms/query)
  ✓ QPS: 3550.92

Trial 3/3:
  Running 10000 queries...
  ✓ Time: 2.85s (0.28 ms/query)
  ✓ QPS: 3511.64

📊 Average Results:
  Time: 2.80s
  QPS: 3575.23

============================================================
PostgreSQL Benchmark: addresses - SELECT (batch: 10000)
============================================================

Trial 1/3:
  Running 10000 queries...
  ✓ Time: 3.34s (0.33 ms/query)
  ✓ QPS: 2989.80

Trial 2/3:
  Running 10000 queries...
  ✓ Time: 3.26s (0.33 ms/query)
  ✓ QPS: 3071.44

Trial 3/3:
  Running 10000 queries...
  ✓ Time: 3.26s (0.33 ms/query)
  ✓ QPS: 3068.25

📊 Average Results:
  Time: 3.29s
  QPS: 3043.16

============================================================
PostgreSQL Benchmark: orders - SELECT (batch: 10000)
============================================================

Trial 1/3:
  Running 10000 queries...
  ✓ Time: 2.39s (0.24 ms/query)
  ✓ QPS: 4190.57

Trial 2/3:
  Running 10000 queries...
  ✓ Time: 2.50s (0.25 ms/query)
  ✓ QPS: 4002.13

Trial 3/3:
  Running 10000 queries...
  ✓ Time: 2.34s (0.23 ms/query)
  ✓ QPS: 4267.37

📊 Average Results:
  Time: 2.41s
  QPS: 4153.36

============================================================
PostgreSQL Benchmark: users - INSERT (batch: 10000)
============================================================

Trial 1/3:
  Running 10000 queries...
  ✓ Time: 1.37s (0.14 ms/query)
  ✓ QPS: 7308.27

Trial 2/3:
  Running 10000 queries...
  ✓ Time: 1.38s (0.14 ms/query)
  ✓ QPS: 7254.63

Trial 3/3:
  Running 10000 queries...
  ✓ Time: 1.32s (0.13 ms/query)
  ✓ QPS: 7573.18

📊 Average Results:
  Time: 1.36s
  QPS: 7378.69

============================================================
PostgreSQL Benchmark: categories - INSERT (batch: 10000)
============================================================

Trial 1/3:
  Running 10000 queries...
  ✓ Time: 1.32s (0.13 ms/query)
  ✓ QPS: 7553.39

Trial 2/3:
  Running 10000 queries...
  ✓ Time: 1.35s (0.14 ms/query)
  ✓ QPS: 7399.60

Trial 3/3:
  Running 10000 queries...
  ✓ Time: 1.35s (0.14 ms/query)
  ✓ QPS: 7389.43

📊 Average Results:
  Time: 1.34s
  QPS: 7447.47

============================================================
PostgreSQL Benchmark: products - INSERT (batch: 10000)
============================================================

Trial 1/3:
  Running 10000 queries...
  ✓ Time: 1.28s (0.13 ms/query)
  ✓ QPS: 7787.32

Trial 2/3:
  Running 10000 queries...
  ✓ Time: 1.31s (0.13 ms/query)
  ✓ QPS: 7655.10

Trial 3/3:
  Running 10000 queries...
  ✓ Time: 1.34s (0.13 ms/query)
  ✓ QPS: 7448.08

📊 Average Results:
  Time: 1.31s
  QPS: 7630.17

============================================================
PostgreSQL Benchmark: addresses - INSERT (batch: 10000)
============================================================

Trial 1/3:
  Running 10000 queries...
  ✓ Time: 1.37s (0.14 ms/query)
  ✓ QPS: 7315.45

Trial 2/3:
  Running 10000 queries...
  ✓ Time: 1.33s (0.13 ms/query)
  ✓ QPS: 7504.41

Trial 3/3:
  Running 10000 queries...
  ✓ Time: 1.37s (0.14 ms/query)
  ✓ QPS: 7305.13

📊 Average Results:
  Time: 1.36s
  QPS: 7375.00

============================================================
PostgreSQL Benchmark: orders - INSERT (batch: 10000)
============================================================

Trial 1/3:
  Running 10000 queries...
  ✓ Time: 1.34s (0.13 ms/query)
  ✓ QPS: 7439.23

Trial 2/3:
  Running 10000 queries...
  ✓ Time: 1.38s (0.14 ms/query)
  ✓ QPS: 7258.82

Trial 3/3:
  Running 10000 queries...
  ✓ Time: 1.32s (0.13 ms/query)
  ✓ QPS: 7560.02

📊 Average Results:
  Time: 1.35s
  QPS: 7419.35

============================================================
PostgreSQL Benchmark: users - UPDATE (batch: 10000)
============================================================

Trial 1/3:
  Running 10000 queries...
  ✓ Time: 2.13s (0.21 ms/query)
  ✓ QPS: 4690.67

Trial 2/3:
  Running 10000 queries...
  ✓ Time: 2.26s (0.23 ms/query)
  ✓ QPS: 4431.99

Trial 3/3:
  Running 10000 queries...
  ✓ Time: 2.45s (0.25 ms/query)
  ✓ QPS: 4073.47

📊 Average Results:
  Time: 2.28s
  QPS: 4398.71

============================================================
PostgreSQL Benchmark: categories - UPDATE (batch: 10000)
============================================================

Trial 1/3:
  Running 10000 queries...
  ✓ Time: 2.38s (0.24 ms/query)
  ✓ QPS: 4196.13

Trial 2/3:
  Running 10000 queries...
  ✓ Time: 2.47s (0.25 ms/query)
  ✓ QPS: 4045.25

Trial 3/3:
  Running 10000 queries...
  ✓ Time: 2.57s (0.26 ms/query)
  ✓ QPS: 3892.83

📊 Average Results:
  Time: 2.47s
  QPS: 4044.74

============================================================
PostgreSQL Benchmark: products - UPDATE (batch: 10000)
============================================================

Trial 1/3:
  Running 10000 queries...
  ✓ Time: 2.08s (0.21 ms/query)
  ✓ QPS: 4810.55

Trial 2/3:
  Running 10000 queries...
  ✓ Time: 2.41s (0.24 ms/query)
  ✓ QPS: 4149.96

Trial 3/3:
  Running 10000 queries...
  ✓ Time: 2.56s (0.26 ms/query)
  ✓ QPS: 3905.98

📊 Average Results:
  Time: 2.35s
  QPS: 4288.83

============================================================
PostgreSQL Benchmark: addresses - UPDATE (batch: 10000)
============================================================

Trial 1/3:
  Running 10000 queries...
  ✓ Time: 2.65s (0.26 ms/query)
  ✓ QPS: 3780.65

Trial 2/3:
  Running 10000 queries...
  ✓ Time: 2.38s (0.24 ms/query)
  ✓ QPS: 4207.89

Trial 3/3:
  Running 10000 queries...
  ✓ Time: 2.37s (0.24 ms/query)
  ✓ QPS: 4220.23

📊 Average Results:
  Time: 2.46s
  QPS: 4069.59

============================================================
PostgreSQL Benchmark: orders - UPDATE (batch: 10000)
============================================================

Trial 1/3:
  Running 10000 queries...
  ✓ Time: 2.44s (0.24 ms/query)
  ✓ QPS: 4099.43

Trial 2/3:
  Running 10000 queries...
  ✓ Time: 2.41s (0.24 ms/query)
  ✓ QPS: 4147.48

Trial 3/3:
  Running 10000 queries...
  ✓ Time: 2.57s (0.26 ms/query)
  ✓ QPS: 3889.61

📊 Average Results:
  Time: 2.47s
  QPS: 4045.51

============================================================
PostgreSQL Benchmark: users - DELETE (batch: 10000)
============================================================

Trial 1/3:
  Running 10000 queries...
  ✓ Time: 2.53s (0.25 ms/query)
  ✓ QPS: 3946.90

Trial 2/3:
  Running 10000 queries...
  ✓ Time: 1.31s (0.13 ms/query)
  ✓ QPS: 7621.08

Trial 3/3:
  Running 10000 queries...
  ✓ Time: 1.33s (0.13 ms/query)
  ✓ QPS: 7544.52

📊 Average Results:
  Time: 1.72s
  QPS: 6370.84

============================================================
PostgreSQL Benchmark: categories - DELETE (batch: 10000)
============================================================

Trial 1/3:
  Running 10000 queries...
  ✓ Time: 1.32s (0.13 ms/query)
  ✓ QPS: 7547.63

Trial 2/3:
  Running 10000 queries...
  ✓ Time: 1.35s (0.14 ms/query)
  ✓ QPS: 7401.89

Trial 3/3:
  Running 10000 queries...
  ✓ Time: 1.34s (0.13 ms/query)
  ✓ QPS: 7445.35

📊 Average Results:
  Time: 1.34s
  QPS: 7464.95

============================================================
PostgreSQL Benchmark: products - DELETE (batch: 10000)
============================================================

Trial 1/3:
  Running 10000 queries...
  ✓ Time: 1.97s (0.20 ms/query)
  ✓ QPS: 5068.66

Trial 2/3:
  Running 10000 queries...
  ✓ Time: 1.32s (0.13 ms/query)
  ✓ QPS: 7603.69

Trial 3/3:
  Running 10000 queries...
  ✓ Time: 1.23s (0.12 ms/query)
  ✓ QPS: 8144.10

📊 Average Results:
  Time: 1.50s
  QPS: 6938.82

============================================================
PostgreSQL Benchmark: addresses - DELETE (batch: 10000)
============================================================

Trial 1/3:
  Running 10000 queries...
  ✓ Time: 1.73s (0.17 ms/query)
  ✓ QPS: 5767.46

Trial 2/3:
  Running 10000 queries...
  ✓ Time: 1.32s (0.13 ms/query)
  ✓ QPS: 7602.67

Trial 3/3:
  Running 10000 queries...
  ✓ Time: 1.30s (0.13 ms/query)
  ✓ QPS: 7716.79

📊 Average Results:
  Time: 1.45s
  QPS: 7028.97

============================================================
PostgreSQL Benchmark: orders - DELETE (batch: 10000)
============================================================

Trial 1/3:
  Running 10000 queries...
  ✓ Time: 1.67s (0.17 ms/query)
  ✓ QPS: 5990.97

Trial 2/3:
  Running 10000 queries...
  ✓ Time: 1.30s (0.13 ms/query)
  ✓ QPS: 7667.20

Trial 3/3:
  Running 10000 queries...
  ✓ Time: 1.33s (0.13 ms/query)
  ✓ QPS: 7539.71

📊 Average Results:
  Time: 1.43s
  QPS: 7065.96
✓ Indexes dropped

============================================================
Starting MongoDB Benchmarks
============================================================
✓ Connected to MongoDB

▶ MongoDB @ scale=500000
✓ MongoDB collections dropped
  ✓ Populated users with 500000 docs
  ✓ Populated products with 100000 docs
  ✓ Populated categories with 200 docs
  ✓ Populated orders with 500000 docs
✓ MongoDB indexes created (incl. sparse _bench)

============================================================
MongoDB Benchmark: users - FIND (batch: 10000)
============================================================

Trial 1/3:
  Running 10000 queries...
  ✓ Time: 2.78s (0.28 ms/query)
  ✓ QPS: 3602.69

Trial 2/3:
  Running 10000 queries...
  ✓ Time: 2.73s (0.27 ms/query)
  ✓ QPS: 3668.29

Trial 3/3:
  Running 10000 queries...
  ✓ Time: 2.79s (0.28 ms/query)
  ✓ QPS: 3584.50

📊 Average Results:
  Time: 2.76s
  QPS: 3618.50

============================================================
MongoDB Benchmark: categories - FIND (batch: 10000)
============================================================

Trial 1/3:
  Running 10000 queries...
  ✓ Time: 1.66s (0.17 ms/query)
  ✓ QPS: 6020.21

Trial 2/3:
  Running 10000 queries...
  ✓ Time: 1.61s (0.16 ms/query)
  ✓ QPS: 6199.35

Trial 3/3:
  Running 10000 queries...
  ✓ Time: 1.68s (0.17 ms/query)
  ✓ QPS: 5954.73

📊 Average Results:
  Time: 1.65s
  QPS: 6058.10

============================================================
MongoDB Benchmark: products - FIND (batch: 10000)
============================================================

Trial 1/3:
  Running 10000 queries...
  ✓ Time: 2.68s (0.27 ms/query)
  ✓ QPS: 3725.75

Trial 2/3:
  Running 10000 queries...
  ✓ Time: 2.81s (0.28 ms/query)
  ✓ QPS: 3555.57

Trial 3/3:
  Running 10000 queries...
  ✓ Time: 2.86s (0.29 ms/query)
  ✓ QPS: 3502.13

📊 Average Results:
  Time: 2.78s
  QPS: 3594.48

============================================================
MongoDB Benchmark: users - INSERTONE (batch: 10000)
============================================================

Trial 1/3:
  Running 10000 queries...
  ✓ Time: 1.58s (0.16 ms/query)
  ✓ QPS: 6324.08

Trial 2/3:
  Running 10000 queries...
  ✓ Time: 1.57s (0.16 ms/query)
  ✓ QPS: 6382.24

Trial 3/3:
  Running 10000 queries...
  ✓ Time: 1.51s (0.15 ms/query)
  ✓ QPS: 6630.09

📊 Average Results:
  Time: 1.55s
  QPS: 6445.47

============================================================
MongoDB Benchmark: categories - INSERTONE (batch: 10000)
============================================================

Trial 1/3:
  Running 10000 queries...
  ✓ Time: 1.47s (0.15 ms/query)
  ✓ QPS: 6789.95

Trial 2/3:
  Running 10000 queries...
  ✓ Time: 1.55s (0.15 ms/query)
  ✓ QPS: 6459.49

Trial 3/3:
  Running 10000 queries...
  ✓ Time: 1.53s (0.15 ms/query)
  ✓ QPS: 6542.51

📊 Average Results:
  Time: 1.52s
  QPS: 6597.32

============================================================
MongoDB Benchmark: products - INSERTONE (batch: 10000)
============================================================

Trial 1/3:
  Running 10000 queries...
  ✓ Time: 1.55s (0.15 ms/query)
  ✓ QPS: 6457.25

Trial 2/3:
  Running 10000 queries...
  ✓ Time: 1.56s (0.16 ms/query)
  ✓ QPS: 6405.27

Trial 3/3:
  Running 10000 queries...
  ✓ Time: 1.53s (0.15 ms/query)
  ✓ QPS: 6515.62

📊 Average Results:
  Time: 1.55s
  QPS: 6459.38

============================================================
MongoDB Benchmark: users - UPDATEONE (batch: 10000)
============================================================

Trial 1/3:
  Running 10000 queries...
  ✓ Time: 1.66s (0.17 ms/query)
  ✓ QPS: 6008.39

Trial 2/3:
  Running 10000 queries...
  ✓ Time: 1.67s (0.17 ms/query)
  ✓ QPS: 5997.77

Trial 3/3:
  Running 10000 queries...
  ✓ Time: 1.71s (0.17 ms/query)
  ✓ QPS: 5832.20

📊 Average Results:
  Time: 1.68s
  QPS: 5946.12

============================================================
MongoDB Benchmark: categories - UPDATEONE (batch: 10000)
============================================================

Trial 1/3:
  Running 10000 queries...
  ✓ Time: 1.69s (0.17 ms/query)
  ✓ QPS: 5907.69

Trial 2/3:
  Running 10000 queries...
  ✓ Time: 1.69s (0.17 ms/query)
  ✓ QPS: 5907.09

Trial 3/3:
  Running 10000 queries...
  ✓ Time: 1.74s (0.17 ms/query)
  ✓ QPS: 5743.04

📊 Average Results:
  Time: 1.71s
  QPS: 5852.61

============================================================
MongoDB Benchmark: products - UPDATEONE (batch: 10000)
============================================================

Trial 1/3:
  Running 10000 queries...
  ✓ Time: 1.67s (0.17 ms/query)
  ✓ QPS: 5982.41

Trial 2/3:
  Running 10000 queries...
  ✓ Time: 1.71s (0.17 ms/query)
  ✓ QPS: 5848.22

Trial 3/3:
  Running 10000 queries...
  ✓ Time: 1.68s (0.17 ms/query)
  ✓ QPS: 5963.15

📊 Average Results:
  Time: 1.69s
  QPS: 5931.26

============================================================
MongoDB Benchmark: users - DELETEONE (batch: 10000)
============================================================

Trial 1/3:
  Running 10000 queries...
  ✓ Time: 2.04s (0.20 ms/query)
  ✓ QPS: 4912.91

Trial 2/3:
  Running 10000 queries...
  ✓ Time: 2.18s (0.22 ms/query)
  ✓ QPS: 4590.70

Trial 3/3:
  Running 10000 queries...
  ✓ Time: 2.05s (0.21 ms/query)
  ✓ QPS: 4871.96

📊 Average Results:
  Time: 2.09s
  QPS: 4791.86

============================================================
MongoDB Benchmark: categories - DELETEONE (batch: 10000)
============================================================

Trial 1/3:
  Running 10000 queries...
  ✓ Time: 1.91s (0.19 ms/query)
  ✓ QPS: 5247.85

Trial 2/3:
  Running 10000 queries...
  ✓ Time: 1.97s (0.20 ms/query)
  ✓ QPS: 5073.29

Trial 3/3:
  Running 10000 queries...
  ✓ Time: 2.12s (0.21 ms/query)
  ✓ QPS: 4724.83

📊 Average Results:
  Time: 2.00s
  QPS: 5015.32

============================================================
MongoDB Benchmark: products - DELETEONE (batch: 10000)
============================================================

Trial 1/3:
  Running 10000 queries...
  ✓ Time: 2.01s (0.20 ms/query)
  ✓ QPS: 4986.90

Trial 2/3:
  Running 10000 queries...
  ✓ Time: 2.07s (0.21 ms/query)
  ✓ QPS: 4839.70

Trial 3/3:
  Running 10000 queries...
  ✓ Time: 2.03s (0.20 ms/query)
  ✓ QPS: 4927.30

📊 Average Results:
  Time: 2.03s
  QPS: 4917.97

▶ MongoDB @ scale=1000000
✓ MongoDB collections dropped
  ✓ Populated users with 1000000 docs
  ✓ Populated products with 100000 docs
  ✓ Populated categories with 200 docs
  ✓ Populated orders with 1000000 docs
✓ MongoDB indexes created (incl. sparse _bench)

============================================================
MongoDB Benchmark: users - FIND (batch: 10000)
============================================================

Trial 1/3:
  Running 10000 queries...
  ✓ Time: 2.74s (0.27 ms/query)
  ✓ QPS: 3652.56

Trial 2/3:
  Running 10000 queries...
  ✓ Time: 2.77s (0.28 ms/query)
  ✓ QPS: 3604.78

Trial 3/3:
  Running 10000 queries...
  ✓ Time: 2.75s (0.27 ms/query)
  ✓ QPS: 3638.90

📊 Average Results:
  Time: 2.75s
  QPS: 3632.08

============================================================
MongoDB Benchmark: categories - FIND (batch: 10000)
============================================================

Trial 1/3:
  Running 10000 queries...
  ✓ Time: 1.61s (0.16 ms/query)
  ✓ QPS: 6217.59

Trial 2/3:
  Running 10000 queries...
  ✓ Time: 1.66s (0.17 ms/query)
  ✓ QPS: 6015.95

Trial 3/3:
  Running 10000 queries...
  ✓ Time: 1.69s (0.17 ms/query)
  ✓ QPS: 5920.71

📊 Average Results:
  Time: 1.65s
  QPS: 6051.42

============================================================
MongoDB Benchmark: products - FIND (batch: 10000)
============================================================

Trial 1/3:
  Running 10000 queries...
  ✓ Time: 2.62s (0.26 ms/query)
  ✓ QPS: 3816.62

Trial 2/3:
  Running 10000 queries...
  ✓ Time: 2.80s (0.28 ms/query)
  ✓ QPS: 3573.54

Trial 3/3:
  Running 10000 queries...
  ✓ Time: 2.76s (0.28 ms/query)
  ✓ QPS: 3624.01

📊 Average Results:
  Time: 2.73s
  QPS: 3671.39

============================================================
MongoDB Benchmark: users - INSERTONE (batch: 10000)
============================================================

Trial 1/3:
  Running 10000 queries...
  ✓ Time: 1.52s (0.15 ms/query)
  ✓ QPS: 6565.30

Trial 2/3:
  Running 10000 queries...
  ✓ Time: 1.54s (0.15 ms/query)
  ✓ QPS: 6481.81

Trial 3/3:
  Running 10000 queries...
  ✓ Time: 1.60s (0.16 ms/query)
  ✓ QPS: 6263.23

📊 Average Results:
  Time: 1.55s
  QPS: 6436.78

============================================================
MongoDB Benchmark: categories - INSERTONE (batch: 10000)
============================================================

Trial 1/3:
  Running 10000 queries...
  ✓ Time: 1.56s (0.16 ms/query)
  ✓ QPS: 6390.89

Trial 2/3:
  Running 10000 queries...
  ✓ Time: 1.60s (0.16 ms/query)
  ✓ QPS: 6268.31

Trial 3/3:
  Running 10000 queries...
  ✓ Time: 1.54s (0.15 ms/query)
  ✓ QPS: 6496.57

📊 Average Results:
  Time: 1.57s
  QPS: 6385.26

============================================================
MongoDB Benchmark: products - INSERTONE (batch: 10000)
============================================================

Trial 1/3:
  Running 10000 queries...
  ✓ Time: 1.52s (0.15 ms/query)
  ✓ QPS: 6576.41

Trial 2/3:
  Running 10000 queries...
  ✓ Time: 1.59s (0.16 ms/query)
  ✓ QPS: 6302.09

Trial 3/3:
  Running 10000 queries...
  ✓ Time: 1.55s (0.15 ms/query)
  ✓ QPS: 6466.64

📊 Average Results:
  Time: 1.55s
  QPS: 6448.38

============================================================
MongoDB Benchmark: users - UPDATEONE (batch: 10000)
============================================================

Trial 1/3:
  Running 10000 queries...
  ✓ Time: 1.67s (0.17 ms/query)
  ✓ QPS: 5970.44

Trial 2/3:
  Running 10000 queries...
  ✓ Time: 1.72s (0.17 ms/query)
  ✓ QPS: 5816.24

Trial 3/3:
  Running 10000 queries...
  ✓ Time: 1.72s (0.17 ms/query)
  ✓ QPS: 5818.26

📊 Average Results:
  Time: 1.70s
  QPS: 5868.31

============================================================
MongoDB Benchmark: categories - UPDATEONE (batch: 10000)
============================================================

Trial 1/3:
  Running 10000 queries...
  ✓ Time: 1.75s (0.17 ms/query)
  ✓ QPS: 5720.01

Trial 2/3:
  Running 10000 queries...
  ✓ Time: 1.74s (0.17 ms/query)
  ✓ QPS: 5748.03

Trial 3/3:
  Running 10000 queries...
  ✓ Time: 1.72s (0.17 ms/query)
  ✓ QPS: 5823.84

📊 Average Results:
  Time: 1.73s
  QPS: 5763.96

============================================================
MongoDB Benchmark: products - UPDATEONE (batch: 10000)
============================================================

Trial 1/3:
  Running 10000 queries...
  ✓ Time: 1.67s (0.17 ms/query)
  ✓ QPS: 5998.37

Trial 2/3:
  Running 10000 queries...
  ✓ Time: 1.77s (0.18 ms/query)
  ✓ QPS: 5661.27

Trial 3/3:
  Running 10000 queries...
  ✓ Time: 1.76s (0.18 ms/query)
  ✓ QPS: 5687.92

📊 Average Results:
  Time: 1.73s
  QPS: 5782.52

============================================================
MongoDB Benchmark: users - DELETEONE (batch: 10000)
============================================================

Trial 1/3:
  Running 10000 queries...
  ✓ Time: 1.94s (0.19 ms/query)
  ✓ QPS: 5157.12

Trial 2/3:
  Running 10000 queries...
  ✓ Time: 2.06s (0.21 ms/query)
  ✓ QPS: 4855.22

Trial 3/3:
  Running 10000 queries...
  ✓ Time: 2.17s (0.22 ms/query)
  ✓ QPS: 4598.29

📊 Average Results:
  Time: 2.06s
  QPS: 4870.21

============================================================
MongoDB Benchmark: categories - DELETEONE (batch: 10000)
============================================================

Trial 1/3:
  Running 10000 queries...
  ✓ Time: 2.02s (0.20 ms/query)
  ✓ QPS: 4962.53

Trial 2/3:
  Running 10000 queries...
  ✓ Time: 2.10s (0.21 ms/query)
  ✓ QPS: 4764.46

Trial 3/3:
  Running 10000 queries...
  ✓ Time: 2.10s (0.21 ms/query)
  ✓ QPS: 4753.24

📊 Average Results:
  Time: 2.07s
  QPS: 4826.75

============================================================
MongoDB Benchmark: products - DELETEONE (batch: 10000)
============================================================

Trial 1/3:
  Running 10000 queries...
  ✓ Time: 2.11s (0.21 ms/query)
  ✓ QPS: 4731.93

Trial 2/3:
  Running 10000 queries...
  ✓ Time: 2.14s (0.21 ms/query)
  ✓ QPS: 4674.82

Trial 3/3:
  Running 10000 queries...
  ✓ Time: 2.18s (0.22 ms/query)
  ✓ QPS: 4590.73

📊 Average Results:
  Time: 2.14s
  QPS: 4665.83

▶ MongoDB @ scale=10000000
✓ MongoDB collections dropped
  ✓ Populated users with 10000000 docs
  ✓ Populated products with 100000 docs
  ✓ Populated categories with 200 docs
  ✓ Populated orders with 10000000 docs
✓ MongoDB indexes created (incl. sparse _bench)

============================================================
MongoDB Benchmark: users - FIND (batch: 10000)
============================================================

Trial 1/3:
  Running 10000 queries...
  ✓ Time: 2.75s (0.27 ms/query)
  ✓ QPS: 3637.00

Trial 2/3:
  Running 10000 queries...
  ✓ Time: 2.75s (0.27 ms/query)
  ✓ QPS: 3640.84

Trial 3/3:
  Running 10000 queries...
  ✓ Time: 2.76s (0.28 ms/query)
  ✓ QPS: 3628.69

📊 Average Results:
  Time: 2.75s
  QPS: 3635.51

============================================================
MongoDB Benchmark: categories - FIND (batch: 10000)
============================================================

Trial 1/3:
  Running 10000 queries...
  ✓ Time: 1.67s (0.17 ms/query)
  ✓ QPS: 5998.08

Trial 2/3:
  Running 10000 queries...
  ✓ Time: 1.68s (0.17 ms/query)
  ✓ QPS: 5936.11

Trial 3/3:
  Running 10000 queries...
  ✓ Time: 1.72s (0.17 ms/query)
  ✓ QPS: 5824.79

📊 Average Results:
  Time: 1.69s
  QPS: 5919.66

============================================================
MongoDB Benchmark: products - FIND (batch: 10000)
============================================================

Trial 1/3:
  Running 10000 queries...
  ✓ Time: 2.68s (0.27 ms/query)
  ✓ QPS: 3733.19

Trial 2/3:
  Running 10000 queries...
  ✓ Time: 2.85s (0.29 ms/query)
  ✓ QPS: 3504.51

Trial 3/3:
  Running 10000 queries...
  ✓ Time: 2.83s (0.28 ms/query)
  ✓ QPS: 3538.48

📊 Average Results:
  Time: 2.79s
  QPS: 3592.06

============================================================
MongoDB Benchmark: users - INSERTONE (batch: 10000)
============================================================

Trial 1/3:
  Running 10000 queries...
  ✓ Time: 1.60s (0.16 ms/query)
  ✓ QPS: 6264.91

Trial 2/3:
  Running 10000 queries...
  ✓ Time: 1.52s (0.15 ms/query)
  ✓ QPS: 6575.92

Trial 3/3:
  Running 10000 queries...
  ✓ Time: 1.60s (0.16 ms/query)
  ✓ QPS: 6248.67

📊 Average Results:
  Time: 1.57s
  QPS: 6363.17

============================================================
MongoDB Benchmark: categories - INSERTONE (batch: 10000)
============================================================

Trial 1/3:
  Running 10000 queries...
  ✓ Time: 1.61s (0.16 ms/query)
  ✓ QPS: 6229.71

Trial 2/3:
  Running 10000 queries...
  ✓ Time: 1.58s (0.16 ms/query)
  ✓ QPS: 6311.05

Trial 3/3:
  Running 10000 queries...
  ✓ Time: 1.55s (0.16 ms/query)
  ✓ QPS: 6446.05

📊 Average Results:
  Time: 1.58s
  QPS: 6328.94

============================================================
MongoDB Benchmark: products - INSERTONE (batch: 10000)
============================================================

Trial 1/3:
  Running 10000 queries...
  ✓ Time: 1.63s (0.16 ms/query)
  ✓ QPS: 6125.82

Trial 2/3:
  Running 10000 queries...
  ✓ Time: 1.58s (0.16 ms/query)
  ✓ QPS: 6317.12

Trial 3/3:
  Running 10000 queries...
  ✓ Time: 1.57s (0.16 ms/query)
  ✓ QPS: 6368.47

📊 Average Results:
  Time: 1.59s
  QPS: 6270.47

============================================================
MongoDB Benchmark: users - UPDATEONE (batch: 10000)
============================================================

Trial 1/3:
  Running 10000 queries...
  ✓ Time: 1.74s (0.17 ms/query)
  ✓ QPS: 5754.37

Trial 2/3:
  Running 10000 queries...
  ✓ Time: 1.76s (0.18 ms/query)
  ✓ QPS: 5695.45

Trial 3/3:
  Running 10000 queries...
  ✓ Time: 1.74s (0.17 ms/query)
  ✓ QPS: 5743.50

📊 Average Results:
  Time: 1.74s
  QPS: 5731.11

============================================================
MongoDB Benchmark: categories - UPDATEONE (batch: 10000)
============================================================

Trial 1/3:
  Running 10000 queries...
  ✓ Time: 1.74s (0.17 ms/query)
  ✓ QPS: 5744.32

Trial 2/3:
  Running 10000 queries...
  ✓ Time: 1.74s (0.17 ms/query)
  ✓ QPS: 5743.32

Trial 3/3:
  Running 10000 queries...
  ✓ Time: 1.71s (0.17 ms/query)
  ✓ QPS: 5835.15

📊 Average Results:
  Time: 1.73s
  QPS: 5774.27

============================================================
MongoDB Benchmark: products - UPDATEONE (batch: 10000)
============================================================

Trial 1/3:
  Running 10000 queries...
  ✓ Time: 1.72s (0.17 ms/query)
  ✓ QPS: 5803.65

Trial 2/3:
  Running 10000 queries...
  ✓ Time: 1.78s (0.18 ms/query)
  ✓ QPS: 5606.35

Trial 3/3:
  Running 10000 queries...
  ✓ Time: 1.75s (0.17 ms/query)
  ✓ QPS: 5719.22

📊 Average Results:
  Time: 1.75s
  QPS: 5709.74

============================================================
MongoDB Benchmark: users - DELETEONE (batch: 10000)
============================================================

Trial 1/3:
  Running 10000 queries...
  ✓ Time: 2.10s (0.21 ms/query)
  ✓ QPS: 4756.83

Trial 2/3:
  Running 10000 queries...
  ✓ Time: 2.08s (0.21 ms/query)
  ✓ QPS: 4809.15

Trial 3/3:
  Running 10000 queries...
  ✓ Time: 2.26s (0.23 ms/query)
  ✓ QPS: 4430.40

📊 Average Results:
  Time: 2.15s
  QPS: 4665.46

============================================================
MongoDB Benchmark: categories - DELETEONE (batch: 10000)
============================================================

Trial 1/3:
  Running 10000 queries...
  ✓ Time: 2.07s (0.21 ms/query)
  ✓ QPS: 4829.14

Trial 2/3:
  Running 10000 queries...
  ✓ Time: 2.19s (0.22 ms/query)
  ✓ QPS: 4571.45

Trial 3/3:
  Running 10000 queries...
  ✓ Time: 2.19s (0.22 ms/query)
  ✓ QPS: 4568.10

📊 Average Results:
  Time: 2.15s
  QPS: 4656.23

============================================================
MongoDB Benchmark: products - DELETEONE (batch: 10000)
============================================================

Trial 1/3:
  Running 10000 queries...
  ✓ Time: 2.12s (0.21 ms/query)
  ✓ QPS: 4706.52

Trial 2/3:
  Running 10000 queries...
  ✓ Time: 2.23s (0.22 ms/query)
  ✓ QPS: 4486.93

Trial 3/3:
  Running 10000 queries...
  ✓ Time: 2.23s (0.22 ms/query)
  ✓ QPS: 4493.27

📊 Average Results:
  Time: 2.19s
  QPS: 4562.24

============================================================
Starting Redis Benchmarks
============================================================
✓ Connected to Redis

▶ Redis @ scale=500000
✓ Redis dataset flushed
  ✓ Loaded 200 keys from queries/categories_redis_set.txt
  ✓ Loaded 500000 keys from queries/users_redis_set.txt
  ✓ Loaded 100000 keys from queries/products_redis_set.txt
  ✓ Loaded 500000 keys from queries/orders_redis_set.txt

============================================================
Redis Benchmark: users - GET (batch: 10000)
============================================================

Trial 1/3:
  Running 10000 queries...
  ✓ Time: 1.21s (0.12 ms/query)
  ✓ QPS: 8240.95

Trial 2/3:
  Running 10000 queries...
  ✓ Time: 1.19s (0.12 ms/query)
  ✓ QPS: 8438.64

Trial 3/3:
  Running 10000 queries...
  ✓ Time: 1.19s (0.12 ms/query)
  ✓ QPS: 8399.84

📊 Average Results:
  Time: 1.20s
  QPS: 8359.81

============================================================
Redis Benchmark: categories - GET (batch: 10000)
============================================================

Trial 1/3:
  Running 10000 queries...
  ✓ Time: 1.21s (0.12 ms/query)
  ✓ QPS: 8279.91

Trial 2/3:
  Running 10000 queries...
  ✓ Time: 1.19s (0.12 ms/query)
  ✓ QPS: 8437.70

Trial 3/3:
  Running 10000 queries...
  ✓ Time: 1.17s (0.12 ms/query)
  ✓ QPS: 8533.00

📊 Average Results:
  Time: 1.19s
  QPS: 8416.87

============================================================
Redis Benchmark: products - GET (batch: 10000)
============================================================

Trial 1/3:
  Running 10000 queries...
  ✓ Time: 1.20s (0.12 ms/query)
  ✓ QPS: 8341.25

Trial 2/3:
  Running 10000 queries...
  ✓ Time: 1.17s (0.12 ms/query)
  ✓ QPS: 8515.25

Trial 3/3:
  Running 10000 queries...
  ✓ Time: 1.11s (0.11 ms/query)
  ✓ QPS: 9043.33

📊 Average Results:
  Time: 1.16s
  QPS: 8633.28

============================================================
Redis Benchmark: orders - GET (batch: 10000)
============================================================

Trial 1/3:
  Running 10000 queries...
  ✓ Time: 1.22s (0.12 ms/query)
  ✓ QPS: 8208.12

Trial 2/3:
  Running 10000 queries...
  ✓ Time: 1.18s (0.12 ms/query)
  ✓ QPS: 8465.97

Trial 3/3:
  Running 10000 queries...
  ✓ Time: 1.16s (0.12 ms/query)
  ✓ QPS: 8602.67

📊 Average Results:
  Time: 1.19s
  QPS: 8425.58

============================================================
Redis Benchmark: users - SET (batch: 10000)
============================================================

Trial 1/3:
  Running 10000 queries...
  ✓ Time: 1.17s (0.12 ms/query)
  ✓ QPS: 8528.74

Trial 2/3:
  Running 10000 queries...
  ✓ Time: 1.22s (0.12 ms/query)
  ✓ QPS: 8169.46

Trial 3/3:
  Running 10000 queries...
  ✓ Time: 1.22s (0.12 ms/query)
  ✓ QPS: 8186.08

📊 Average Results:
  Time: 1.21s
  QPS: 8294.76

============================================================
Redis Benchmark: categories - SET (batch: 10000)
============================================================

Trial 1/3:
  Running 10000 queries...
  ✓ Time: 1.18s (0.12 ms/query)
  ✓ QPS: 8498.89

Trial 2/3:
  Running 10000 queries...
  ✓ Time: 1.24s (0.12 ms/query)
  ✓ QPS: 8092.95

Trial 3/3:
  Running 10000 queries...
  ✓ Time: 1.22s (0.12 ms/query)
  ✓ QPS: 8170.22

📊 Average Results:
  Time: 1.21s
  QPS: 8254.02

============================================================
Redis Benchmark: products - SET (batch: 10000)
============================================================

Trial 1/3:
  Running 10000 queries...
  ✓ Time: 1.21s (0.12 ms/query)
  ✓ QPS: 8255.98

Trial 2/3:
  Running 10000 queries...
  ✓ Time: 1.21s (0.12 ms/query)
  ✓ QPS: 8284.77

Trial 3/3:
  Running 10000 queries...
  ✓ Time: 1.10s (0.11 ms/query)
  ✓ QPS: 9082.19

📊 Average Results:
  Time: 1.17s
  QPS: 8540.98

============================================================
Redis Benchmark: orders - SET (batch: 10000)
============================================================

Trial 1/3:
  Running 10000 queries...
  ✓ Time: 1.19s (0.12 ms/query)
  ✓ QPS: 8420.95

Trial 2/3:
  Running 10000 queries...
  ✓ Time: 1.21s (0.12 ms/query)
  ✓ QPS: 8239.71

Trial 3/3:
  Running 10000 queries...
  ✓ Time: 1.17s (0.12 ms/query)
  ✓ QPS: 8519.48

📊 Average Results:
  Time: 1.19s
  QPS: 8393.38

============================================================
Redis Benchmark: users - DEL (batch: 10000)
============================================================

Trial 1/3:
  Running 10000 queries...
  ✓ Time: 1.17s (0.12 ms/query)
  ✓ QPS: 8548.20

Trial 2/3:
  Running 10000 queries...
  ✓ Time: 1.16s (0.12 ms/query)
  ✓ QPS: 8594.93

Trial 3/3:
  Running 10000 queries...
  ✓ Time: 1.18s (0.12 ms/query)
  ✓ QPS: 8475.68

📊 Average Results:
  Time: 1.17s
  QPS: 8539.60

============================================================
Redis Benchmark: categories - DEL (batch: 10000)
============================================================

Trial 1/3:
  Running 10000 queries...
  ✓ Time: 1.16s (0.12 ms/query)
  ✓ QPS: 8593.14

Trial 2/3:
  Running 10000 queries...
  ✓ Time: 1.18s (0.12 ms/query)
  ✓ QPS: 8506.82

Trial 3/3:
  Running 10000 queries...
  ✓ Time: 1.15s (0.12 ms/query)
  ✓ QPS: 8688.09

📊 Average Results:
  Time: 1.16s
  QPS: 8596.02

============================================================
Redis Benchmark: products - DEL (batch: 10000)
============================================================

Trial 1/3:
  Running 10000 queries...
  ✓ Time: 1.19s (0.12 ms/query)
  ✓ QPS: 8437.08

Trial 2/3:
  Running 10000 queries...
  ✓ Time: 1.18s (0.12 ms/query)
  ✓ QPS: 8449.87

Trial 3/3:
  Running 10000 queries...
  ✓ Time: 1.16s (0.12 ms/query)
  ✓ QPS: 8614.08

📊 Average Results:
  Time: 1.18s
  QPS: 8500.34

============================================================
Redis Benchmark: orders - DEL (batch: 10000)
============================================================

Trial 1/3:
  Running 10000 queries...
  ✓ Time: 1.17s (0.12 ms/query)
  ✓ QPS: 8526.76

Trial 2/3:
  Running 10000 queries...
  ✓ Time: 1.12s (0.11 ms/query)
  ✓ QPS: 8933.24

Trial 3/3:
  Running 10000 queries...
  ✓ Time: 1.19s (0.12 ms/query)
  ✓ QPS: 8428.30

📊 Average Results:
  Time: 1.16s
  QPS: 8629.43

============================================================
Redis Benchmark: users - UPDATE (batch: 10000)
============================================================

Trial 1/3:
  Running 10000 queries...
  ✓ Time: 1.20s (0.12 ms/query)
  ✓ QPS: 8311.27

Trial 2/3:
  Running 10000 queries...
  ✓ Time: 1.17s (0.12 ms/query)
  ✓ QPS: 8548.55

Trial 3/3:
  Running 10000 queries...
  ✓ Time: 1.17s (0.12 ms/query)
  ✓ QPS: 8541.64

📊 Average Results:
  Time: 1.18s
  QPS: 8467.15

============================================================
Redis Benchmark: categories - UPDATE (batch: 10000)
============================================================

Trial 1/3:
  Running 10000 queries...
  ✓ Time: 1.22s (0.12 ms/query)
  ✓ QPS: 8179.71

Trial 2/3:
  Running 10000 queries...
  ✓ Time: 1.10s (0.11 ms/query)
  ✓ QPS: 9123.01

Trial 3/3:
  Running 10000 queries...
  ✓ Time: 1.16s (0.12 ms/query)
  ✓ QPS: 8612.97

📊 Average Results:
  Time: 1.16s
  QPS: 8638.56

============================================================
Redis Benchmark: products - UPDATE (batch: 10000)
============================================================

Trial 1/3:
  Running 10000 queries...
  ✓ Time: 1.16s (0.12 ms/query)
  ✓ QPS: 8588.81

Trial 2/3:
  Running 10000 queries...
  ✓ Time: 1.18s (0.12 ms/query)
  ✓ QPS: 8465.04

Trial 3/3:
  Running 10000 queries...
  ✓ Time: 1.16s (0.12 ms/query)
  ✓ QPS: 8640.66

📊 Average Results:
  Time: 1.17s
  QPS: 8564.84

============================================================
Redis Benchmark: orders - UPDATE (batch: 10000)
============================================================

Trial 1/3:
  Running 10000 queries...
  ✓ Time: 1.15s (0.11 ms/query)
  ✓ QPS: 8695.99

Trial 2/3:
  Running 10000 queries...
  ✓ Time: 1.10s (0.11 ms/query)
  ✓ QPS: 9087.84

Trial 3/3:
  Running 10000 queries...
  ✓ Time: 1.17s (0.12 ms/query)
  ✓ QPS: 8528.51

📊 Average Results:
  Time: 1.14s
  QPS: 8770.78

▶ Redis @ scale=1000000
✓ Redis dataset flushed
  ✓ Loaded 200 keys from queries/categories_redis_set.txt
  ✓ Loaded 1000000 keys from queries/users_redis_set.txt
  ✓ Loaded 100000 keys from queries/products_redis_set.txt
  ✓ Loaded 1000000 keys from queries/orders_redis_set.txt

============================================================
Redis Benchmark: users - GET (batch: 10000)
============================================================

Trial 1/3:
  Running 10000 queries...
  ✓ Time: 1.40s (0.14 ms/query)
  ✓ QPS: 7130.97

Trial 2/3:
  Running 10000 queries...
  ✓ Time: 1.39s (0.14 ms/query)
  ✓ QPS: 7179.61

Trial 3/3:
  Running 10000 queries...
  ✓ Time: 1.26s (0.13 ms/query)
  ✓ QPS: 7918.55

📊 Average Results:
  Time: 1.35s
  QPS: 7409.71

============================================================
Redis Benchmark: categories - GET (batch: 10000)
============================================================

Trial 1/3:
  Running 10000 queries...
  ✓ Time: 1.94s (0.19 ms/query)
  ✓ QPS: 5159.42

Trial 2/3:
  Running 10000 queries...
  ✓ Time: 1.91s (0.19 ms/query)
  ✓ QPS: 5249.08

Trial 3/3:
  Running 10000 queries...
  ✓ Time: 1.39s (0.14 ms/query)
  ✓ QPS: 7178.12

📊 Average Results:
  Time: 1.75s
  QPS: 5862.21

============================================================
Redis Benchmark: products - GET (batch: 10000)
============================================================

Trial 1/3:
  Running 10000 queries...
  ✓ Time: 1.28s (0.13 ms/query)
  ✓ QPS: 7786.90

Trial 2/3:
  Running 10000 queries...
  ✓ Time: 1.22s (0.12 ms/query)
  ✓ QPS: 8226.01

Trial 3/3:
  Running 10000 queries...
  ✓ Time: 1.20s (0.12 ms/query)
  ✓ QPS: 8350.24

📊 Average Results:
  Time: 1.23s
  QPS: 8121.05

============================================================
Redis Benchmark: orders - GET (batch: 10000)
============================================================

Trial 1/3:
  Running 10000 queries...
  ✓ Time: 1.18s (0.12 ms/query)
  ✓ QPS: 8452.63

Trial 2/3:
  Running 10000 queries...
  ✓ Time: 1.20s (0.12 ms/query)
  ✓ QPS: 8336.40

Trial 3/3:
  Running 10000 queries...
  ✓ Time: 1.18s (0.12 ms/query)
  ✓ QPS: 8468.67

📊 Average Results:
  Time: 1.19s
  QPS: 8419.23

============================================================
Redis Benchmark: users - SET (batch: 10000)
============================================================

Trial 1/3:
  Running 10000 queries...
  ✓ Time: 1.26s (0.13 ms/query)
  ✓ QPS: 7964.25

Trial 2/3:
  Running 10000 queries...
  ✓ Time: 1.22s (0.12 ms/query)
  ✓ QPS: 8170.74

Trial 3/3:
  Running 10000 queries...
  ✓ Time: 1.23s (0.12 ms/query)
  ✓ QPS: 8127.26

📊 Average Results:
  Time: 1.24s
  QPS: 8087.42

============================================================
Redis Benchmark: categories - SET (batch: 10000)
============================================================

Trial 1/3:
  Running 10000 queries...
  ✓ Time: 1.25s (0.12 ms/query)
  ✓ QPS: 7998.55

Trial 2/3:
  Running 10000 queries...
  ✓ Time: 1.21s (0.12 ms/query)
  ✓ QPS: 8253.15

Trial 3/3:
  Running 10000 queries...
  ✓ Time: 1.22s (0.12 ms/query)
  ✓ QPS: 8223.21

📊 Average Results:
  Time: 1.23s
  QPS: 8158.30

============================================================
Redis Benchmark: products - SET (batch: 10000)
============================================================

Trial 1/3:
  Running 10000 queries...
  ✓ Time: 1.15s (0.11 ms/query)
  ✓ QPS: 8712.58

Trial 2/3:
  Running 10000 queries...
  ✓ Time: 1.19s (0.12 ms/query)
  ✓ QPS: 8372.33

Trial 3/3:
  Running 10000 queries...
  ✓ Time: 1.16s (0.12 ms/query)
  ✓ QPS: 8586.66

📊 Average Results:
  Time: 1.17s
  QPS: 8557.19

============================================================
Redis Benchmark: orders - SET (batch: 10000)
============================================================

Trial 1/3:
  Running 10000 queries...
  ✓ Time: 1.21s (0.12 ms/query)
  ✓ QPS: 8243.91

Trial 2/3:
  Running 10000 queries...
  ✓ Time: 1.15s (0.11 ms/query)
  ✓ QPS: 8705.00

Trial 3/3:
  Running 10000 queries...
  ✓ Time: 1.22s (0.12 ms/query)
  ✓ QPS: 8227.84

📊 Average Results:
  Time: 1.19s
  QPS: 8392.25

============================================================
Redis Benchmark: users - DEL (batch: 10000)
============================================================

Trial 1/3:
  Running 10000 queries...
  ✓ Time: 1.19s (0.12 ms/query)
  ✓ QPS: 8424.08

Trial 2/3:
  Running 10000 queries...
  ✓ Time: 1.15s (0.12 ms/query)
  ✓ QPS: 8693.39

Trial 3/3:
  Running 10000 queries...
  ✓ Time: 1.16s (0.12 ms/query)
  ✓ QPS: 8583.73

📊 Average Results:
  Time: 1.17s
  QPS: 8567.07

============================================================
Redis Benchmark: categories - DEL (batch: 10000)
============================================================

Trial 1/3:
  Running 10000 queries...
  ✓ Time: 1.17s (0.12 ms/query)
  ✓ QPS: 8534.52

Trial 2/3:
  Running 10000 queries...
  ✓ Time: 1.17s (0.12 ms/query)
  ✓ QPS: 8571.71

Trial 3/3:
  Running 10000 queries...
  ✓ Time: 1.16s (0.12 ms/query)
  ✓ QPS: 8651.60

📊 Average Results:
  Time: 1.16s
  QPS: 8585.94

============================================================
Redis Benchmark: products - DEL (batch: 10000)
============================================================

Trial 1/3:
  Running 10000 queries...
  ✓ Time: 1.18s (0.12 ms/query)
  ✓ QPS: 8503.76

Trial 2/3:
  Running 10000 queries...
  ✓ Time: 1.18s (0.12 ms/query)
  ✓ QPS: 8502.03

Trial 3/3:
  Running 10000 queries...
  ✓ Time: 1.19s (0.12 ms/query)
  ✓ QPS: 8437.30

📊 Average Results:
  Time: 1.18s
  QPS: 8481.03

============================================================
Redis Benchmark: orders - DEL (batch: 10000)
============================================================

Trial 1/3:
  Running 10000 queries...
  ✓ Time: 1.17s (0.12 ms/query)
  ✓ QPS: 8532.48

Trial 2/3:
  Running 10000 queries...
  ✓ Time: 1.16s (0.12 ms/query)
  ✓ QPS: 8612.84

Trial 3/3:
  Running 10000 queries...
  ✓ Time: 1.18s (0.12 ms/query)
  ✓ QPS: 8498.01

📊 Average Results:
  Time: 1.17s
  QPS: 8547.78

============================================================
Redis Benchmark: users - UPDATE (batch: 10000)
============================================================

Trial 1/3:
  Running 10000 queries...
  ✓ Time: 1.18s (0.12 ms/query)
  ✓ QPS: 8448.66

Trial 2/3:
  Running 10000 queries...
  ✓ Time: 1.15s (0.11 ms/query)
  ✓ QPS: 8720.63

Trial 3/3:
  Running 10000 queries...
  ✓ Time: 1.20s (0.12 ms/query)
  ✓ QPS: 8343.71

📊 Average Results:
  Time: 1.18s
  QPS: 8504.33

============================================================
Redis Benchmark: categories - UPDATE (batch: 10000)
============================================================

Trial 1/3:
  Running 10000 queries...
  ✓ Time: 1.20s (0.12 ms/query)
  ✓ QPS: 8314.81

Trial 2/3:
  Running 10000 queries...
  ✓ Time: 1.17s (0.12 ms/query)
  ✓ QPS: 8578.61

Trial 3/3:
  Running 10000 queries...
  ✓ Time: 1.19s (0.12 ms/query)
  ✓ QPS: 8425.83

📊 Average Results:
  Time: 1.18s
  QPS: 8439.75

============================================================
Redis Benchmark: products - UPDATE (batch: 10000)
============================================================

Trial 1/3:
  Running 10000 queries...
  ✓ Time: 1.15s (0.11 ms/query)
  ✓ QPS: 8717.86

Trial 2/3:
  Running 10000 queries...
  ✓ Time: 1.16s (0.12 ms/query)
  ✓ QPS: 8583.79

Trial 3/3:
  Running 10000 queries...
  ✓ Time: 1.15s (0.12 ms/query)
  ✓ QPS: 8669.93

📊 Average Results:
  Time: 1.15s
  QPS: 8657.19

============================================================
Redis Benchmark: orders - UPDATE (batch: 10000)
============================================================

Trial 1/3:
  Running 10000 queries...
  ✓ Time: 1.25s (0.12 ms/query)
  ✓ QPS: 8018.16

Trial 2/3:
  Running 10000 queries...
  ✓ Time: 1.19s (0.12 ms/query)
  ✓ QPS: 8409.55

Trial 3/3:
  Running 10000 queries...
  ✓ Time: 1.14s (0.11 ms/query)
  ✓ QPS: 8796.21

📊 Average Results:
  Time: 1.19s
  QPS: 8407.97

▶ Redis @ scale=10000000
✓ Redis dataset flushed
  ✓ Loaded 200 keys from queries/categories_redis_set.txt
  ✓ Loaded 10000000 keys from queries/users_redis_set.txt
  ✓ Loaded 100000 keys from queries/products_redis_set.txt
  Load warning: i/o timeout
  Load warning: i/o timeout
  Load warning: i/o timeout
  Load warning: read tcp [::1]:54213->[::1]:6379: i/o timeout
  Load warning: i/o timeout
  Load warning: i/o timeout
  Load warning: i/o timeout
  Load warning: i/o timeout
  Load warning: i/o timeout
  Load warning: i/o timeout
  Load warning: i/o timeout
  Load warning: i/o timeout
  Load warning: i/o timeout
  Load warning: i/o timeout
  Load warning: i/o timeout
  Load warning: i/o timeout
  Load warning: i/o timeout
  Load warning: i/o timeout
  Load warning: i/o timeout
  Load warning: i/o timeout
  Load warning: i/o timeout
  Load warning: i/o timeout
  Load warning: i/o timeout
  Load warning: i/o timeout
  Load warning: i/o timeout
  Load warning: i/o timeout
  Load warning: i/o timeout
  Load warning: i/o timeout
  Load warning: i/o timeout
  Load warning: i/o timeout
  Load warning: i/o timeout
  Load warning: i/o timeout
  Load warning: i/o timeout
  Load warning: i/o timeout
  Load warning: i/o timeout
  Load warning: i/o timeout
  Load warning: i/o timeout
  Load warning: i/o timeout
  Load warning: i/o timeout
  Load warning: i/o timeout
  Load warning: i/o timeout
  Load warning: i/o timeout
  Load warning: i/o timeout
  Load warning: i/o timeout
  Load warning: i/o timeout
  Load warning: i/o timeout
  Load warning: i/o timeout
  Load warning: i/o timeout
  Load warning: i/o timeout
  Load warning: i/o timeout
  Load warning: i/o timeout
  Load warning: i/o timeout
  Load warning: i/o timeout
  Load warning: i/o timeout
  Load warning: i/o timeout
  Load warning: i/o timeout
  Load warning: i/o timeout
  Load warning: i/o timeout
  Load warning: i/o timeout
  Load warning: i/o timeout
  Load warning: i/o timeout
  Load warning: i/o timeout
  Load warning: i/o timeout
  Load warning: i/o timeout
  Load warning: i/o timeout
  Load warning: i/o timeout
  Load warning: i/o timeout
  Load warning: i/o timeout
  Load warning: i/o timeout
  Load warning: i/o timeout
  Load warning: i/o timeout
  Load warning: i/o timeout
  Load warning: i/o timeout
  Load warning: i/o timeout
  Load warning: i/o timeout
  Load warning: i/o timeout
  Load warning: i/o timeout
  Load warning: i/o timeout
  Load warning: i/o timeout
  Load warning: i/o timeout
  Load warning: i/o timeout
  Load warning: i/o timeout
  Load warning: i/o timeout
  Load warning: i/o timeout
  Load warning: i/o timeout
  Load warning: i/o timeout
  Load warning: i/o timeout
  Load warning: i/o timeout
  Load warning: i/o timeout
  Load warning: i/o timeout
  Load warning: i/o timeout
  Load warning: i/o timeout
  Load warning: i/o timeout
  Load warning: i/o timeout
  Load warning: i/o timeout
  Load warning: i/o timeout
  Load warning: i/o timeout
  Load warning: i/o timeout
  Load warning: i/o timeout
  Load warning: i/o timeout
  Load warning: i/o timeout
  Load warning: i/o timeout
  Load warning: i/o timeout
  Load warning: i/o timeout
  Load warning: i/o timeout
  Load warning: i/o timeout
  Load warning: i/o timeout
  Load warning: i/o timeout
  Load warning: i/o timeout
  Load warning: i/o timeout
  Load warning: i/o timeout
  Load warning: i/o timeout
  Load warning: i/o timeout
  Load warning: i/o timeout
  Load warning: i/o timeout
  Load warning: i/o timeout
  Load warning: i/o timeout
  Load warning: i/o timeout
  Load warning: i/o timeout
  Load warning: i/o timeout
  Load warning: i/o timeout
  Load warning: i/o timeout
  Load warning: i/o timeout
  Load warning: i/o timeout
  Load warning: i/o timeout
  Load warning: i/o timeout
  Load warning: i/o timeout
  Load warning: i/o timeout
  Load warning: i/o timeout
  Load warning: i/o timeout
  Load warning: i/o timeout
  Load warning: i/o timeout
  Load warning: i/o timeout
  Load warning: i/o timeout
  Load warning: i/o timeout
  Load warning: i/o timeout
  Load warning: i/o timeout
  Load warning: i/o timeout
  Load warning: i/o timeout
  Load warning: i/o timeout
  Load warning: i/o timeout
  Load warning: i/o timeout
  Load warning: i/o timeout
  Load warning: i/o timeout
  Load warning: i/o timeout
  Load warning: i/o timeout
  Load warning: i/o timeout
  Load warning: i/o timeout
  Load warning: i/o timeout
  Load warning: i/o timeout
  Load warning: i/o timeout
  Load warning: i/o timeout
  Load warning: i/o timeout
  Load warning: i/o timeout
  Load warning: i/o timeout
  Load warning: i/o timeout
  Load warning: i/o timeout
  Load warning: i/o timeout
  Load warning: i/o timeout
  Load warning: i/o timeout
  Load warning: i/o timeout
  Load warning: i/o timeout
  Load warning: i/o timeout
  Load warning: i/o timeout
  Load warning: i/o timeout
  Load warning: i/o timeout
  Load warning: i/o timeout
  Load warning: i/o timeout
  Load warning: i/o timeout
  Load warning: i/o timeout
  Load warning: i/o timeout
  Load warning: i/o timeout
  Load warning: i/o timeout
  Load warning: i/o timeout
  Load warning: i/o timeout
  Load warning: i/o timeout
  Load warning: i/o timeout
  Load warning: i/o timeout
  Load warning: i/o timeout
  Load warning: i/o timeout
  Load warning: i/o timeout
  Load warning: i/o timeout
  Load warning: i/o timeout
  Load warning: i/o timeout
  Load warning: i/o timeout
  Load warning: i/o timeout
  Load warning: i/o timeout
  Load warning: i/o timeout
  Load warning: i/o timeout
  Load warning: i/o timeout
  Load warning: i/o timeout
  Load warning: i/o timeout
  Load warning: i/o timeout
  Load warning: i/o timeout
  Load warning: i/o timeout
  Load warning: i/o timeout
  Load warning: i/o timeout
  Load warning: i/o timeout
  Load warning: i/o timeout
  Load warning: i/o timeout
  Load warning: i/o timeout
  Load warning: i/o timeout
  Load warning: i/o timeout
  Load warning: i/o timeout
  Load warning: i/o timeout
  Load warning: i/o timeout
  Load warning: i/o timeout
  Load warning: i/o timeout
  Load warning: i/o timeout
  Load warning: i/o timeout
  Load warning: i/o timeout
  Load warning: i/o timeout
  Load warning: i/o timeout
  Load warning: i/o timeout
  Load warning: i/o timeout
  Load warning: i/o timeout
  Load warning: i/o timeout
  Load warning: i/o timeout
  Load warning: i/o timeout
  Load warning: i/o timeout
  Load warning: i/o timeout
  Load warning: read tcp [::1]:55920->[::1]:6379: i/o timeout
  Load warning: i/o timeout
  Load warning: i/o timeout
  Load warning: i/o timeout
  Load warning: i/o timeout
  Load warning: i/o timeout
  Load warning: i/o timeout
  Load warning: i/o timeout
  Load warning: i/o timeout
  Load warning: i/o timeout
  Load warning: read: connection reset by peer
  Load warning: LOADING Redis is loading the dataset in memory
  Load warning: LOADING Redis is loading the dataset in memory
  Load warning: LOADING Redis is loading the dataset in memory
  Load warning: LOADING Redis is loading the dataset in memory
  Load warning: LOADING Redis is loading the dataset in memory
  Load warning: LOADING Redis is loading the dataset in memory
  Load warning: LOADING Redis is loading the dataset in memory
  Load warning: LOADING Redis is loading the dataset in memory
  Load warning: LOADING Redis is loading the dataset in memory
  Load warning: LOADING Redis is loading the dataset in memory
  Load warning: LOADING Redis is loading the dataset in memory
  Load warning: LOADING Redis is loading the dataset in memory
  Load warning: LOADING Redis is loading the dataset in memory
  Load warning: LOADING Redis is loading the dataset in memory
  Load warning: LOADING Redis is loading the dataset in memory
  Load warning: LOADING Redis is loading the dataset in memory
  Load warning: LOADING Redis is loading the dataset in memory
  Load warning: LOADING Redis is loading the dataset in memory
  Load warning: LOADING Redis is loading the dataset in memory
  Load warning: LOADING Redis is loading the dataset in memory
  Load warning: LOADING Redis is loading the dataset in memory
  Load warning: LOADING Redis is loading the dataset in memory
  Load warning: LOADING Redis is loading the dataset in memory
  Load warning: LOADING Redis is loading the dataset in memory
  Load warning: LOADING Redis is loading the dataset in memory
  Load warning: LOADING Redis is loading the dataset in memory
  Load warning: LOADING Redis is loading the dataset in memory
  Load warning: LOADING Redis is loading the dataset in memory
  Load warning: LOADING Redis is loading the dataset in memory
  Load warning: LOADING Redis is loading the dataset in memory
  Load warning: LOADING Redis is loading the dataset in memory
  Load warning: LOADING Redis is loading the dataset in memory
  Load warning: LOADING Redis is loading the dataset in memory
  Load warning: LOADING Redis is loading the dataset in memory
  Load warning: LOADING Redis is loading the dataset in memory
  Load warning: LOADING Redis is loading the dataset in memory
  Load warning: LOADING Redis is loading the dataset in memory
  Load warning: LOADING Redis is loading the dataset in memory
  Load warning: LOADING Redis is loading the dataset in memory
  Load warning: LOADING Redis is loading the dataset in memory
  Load warning: LOADING Redis is loading the dataset in memory
  Load warning: LOADING Redis is loading the dataset in memory
  Load warning: LOADING Redis is loading the dataset in memory
  Load warning: LOADING Redis is loading the dataset in memory
  Load warning: LOADING Redis is loading the dataset in memory
  Load warning: LOADING Redis is loading the dataset in memory
  Load warning: LOADING Redis is loading the dataset in memory
  Load warning: LOADING Redis is loading the dataset in memory
  Load warning: LOADING Redis is loading the dataset in memory
  Load warning: LOADING Redis is loading the dataset in memory
  Load warning: LOADING Redis is loading the dataset in memory
  Load warning: LOADING Redis is loading the dataset in memory
  Load warning: LOADING Redis is loading the dataset in memory
  Load warning: LOADING Redis is loading the dataset in memory
  Load warning: LOADING Redis is loading the dataset in memory
  Load warning: LOADING Redis is loading the dataset in memory
  Load warning: LOADING Redis is loading the dataset in memory
  Load warning: LOADING Redis is loading the dataset in memory
  Load warning: LOADING Redis is loading the dataset in memory
  Load warning: LOADING Redis is loading the dataset in memory
  Load warning: read tcp [::1]:55992->[::1]:6379: i/o timeout
  Load warning: i/o timeout
  Load warning: LOADING Redis is loading the dataset in memory
  Load warning: LOADING Redis is loading the dataset in memory
  Load warning: LOADING Redis is loading the dataset in memory
  Load warning: LOADING Redis is loading the dataset in memory
  Load warning: LOADING Redis is loading the dataset in memory
  Load warning: LOADING Redis is loading the dataset in memory
  Load warning: LOADING Redis is loading the dataset in memory
  Load warning: LOADING Redis is loading the dataset in memory
  Load warning: LOADING Redis is loading the dataset in memory
  Load warning: LOADING Redis is loading the dataset in memory
  Load warning: LOADING Redis is loading the dataset in memory
  Load warning: LOADING Redis is loading the dataset in memory
  Load warning: LOADING Redis is loading the dataset in memory
  Load warning: LOADING Redis is loading the dataset in memory
  Load warning: LOADING Redis is loading the dataset in memory
  Load warning: LOADING Redis is loading the dataset in memory
  Load warning: LOADING Redis is loading the dataset in memory
  Load warning: LOADING Redis is loading the dataset in memory
  Load warning: LOADING Redis is loading the dataset in memory
  Load warning: LOADING Redis is loading the dataset in memory
  Load warning: LOADING Redis is loading the dataset in memory
  Load warning: LOADING Redis is loading the dataset in memory
  Load warning: LOADING Redis is loading the dataset in memory
  Load warning: LOADING Redis is loading the dataset in memory
  Load warning: LOADING Redis is loading the dataset in memory
  Load warning: LOADING Redis is loading the dataset in memory
  Load warning: LOADING Redis is loading the dataset in memory
  Load warning: LOADING Redis is loading the dataset in memory
  Load warning: LOADING Redis is loading the dataset in memory
  Load warning: LOADING Redis is loading the dataset in memory
  Load warning: LOADING Redis is loading the dataset in memory
  Load warning: LOADING Redis is loading the dataset in memory
  Load warning: LOADING Redis is loading the dataset in memory
  Load warning: LOADING Redis is loading the dataset in memory
  Load warning: LOADING Redis is loading the dataset in memory
  Load warning: LOADING Redis is loading the dataset in memory
  Load warning: LOADING Redis is loading the dataset in memory
  Load warning: LOADING Redis is loading the dataset in memory
  Load warning: LOADING Redis is loading the dataset in memory
  Load warning: LOADING Redis is loading the dataset in memory
  Load warning: LOADING Redis is loading the dataset in memory
  Load warning: LOADING Redis is loading the dataset in memory
  Load warning: LOADING Redis is loading the dataset in memory
  Load warning: LOADING Redis is loading the dataset in memory
  Load warning: LOADING Redis is loading the dataset in memory
  Load warning: LOADING Redis is loading the dataset in memory
  Load warning: LOADING Redis is loading the dataset in memory
  Load warning: LOADING Redis is loading the dataset in memory
  Load warning: LOADING Redis is loading the dataset in memory
  Load warning: LOADING Redis is loading the dataset in memory
  Load warning: LOADING Redis is loading the dataset in memory
  Load warning: LOADING Redis is loading the dataset in memory
  Load warning: LOADING Redis is loading the dataset in memory
  Load warning: LOADING Redis is loading the dataset in memory
  Load warning: LOADING Redis is loading the dataset in memory
  Load warning: LOADING Redis is loading the dataset in memory
  Load warning: LOADING Redis is loading the dataset in memory
  Load warning: LOADING Redis is loading the dataset in memory
  Load warning: LOADING Redis is loading the dataset in memory
  Load warning: LOADING Redis is loading the dataset in memory
redis: 2026/05/24 05:53:24 pool.go:360: Conn has unread data
  Load warning: LOADING Redis is loading the dataset in memory
  Load warning: LOADING Redis is loading the dataset in memory
  Load warning: LOADING Redis is loading the dataset in memory
  Load warning: LOADING Redis is loading the dataset in memory
  Load warning: LOADING Redis is loading the dataset in memory
  Load warning: LOADING Redis is loading the dataset in memory
  Load warning: LOADING Redis is loading the dataset in memory
  Load warning: LOADING Redis is loading the dataset in memory
  Load warning: LOADING Redis is loading the dataset in memory
  Load warning: LOADING Redis is loading the dataset in memory
  Load warning: LOADING Redis is loading the dataset in memory
  Load warning: LOADING Redis is loading the dataset in memory
  Load warning: LOADING Redis is loading the dataset in memory
  Load warning: LOADING Redis is loading the dataset in memory
  Load warning: LOADING Redis is loading the dataset in memory
  Load warning: LOADING Redis is loading the dataset in memory
  Load warning: LOADING Redis is loading the dataset in memory
  Load warning: LOADING Redis is loading the dataset in memory
  Load warning: LOADING Redis is loading the dataset in memory
  Load warning: LOADING Redis is loading the dataset in memory
  Load warning: LOADING Redis is loading the dataset in memory
  Load warning: LOADING Redis is loading the dataset in memory
  Load warning: LOADING Redis is loading the dataset in memory
  Load warning: LOADING Redis is loading the dataset in memory
  Load warning: LOADING Redis is loading the dataset in memory
  Load warning: LOADING Redis is loading the dataset in memory
  Load warning: LOADING Redis is loading the dataset in memory
  Load warning: LOADING Redis is loading the dataset in memory
  Load warning: LOADING Redis is loading the dataset in memory
  Load warning: LOADING Redis is loading the dataset in memory
  Load warning: LOADING Redis is loading the dataset in memory
  Load warning: LOADING Redis is loading the dataset in memory
  Load warning: LOADING Redis is loading the dataset in memory
  Load warning: LOADING Redis is loading the dataset in memory
  Load warning: LOADING Redis is loading the dataset in memory
  Load warning: LOADING Redis is loading the dataset in memory
  Load warning: LOADING Redis is loading the dataset in memory
  Load warning: LOADING Redis is loading the dataset in memory
  Load warning: LOADING Redis is loading the dataset in memory
  Load warning: LOADING Redis is loading the dataset in memory
  Load warning: LOADING Redis is loading the dataset in memory
  Load warning: LOADING Redis is loading the dataset in memory
  Load warning: LOADING Redis is loading the dataset in memory
  Load warning: LOADING Redis is loading the dataset in memory
  Load warning: LOADING Redis is loading the dataset in memory
  Load warning: LOADING Redis is loading the dataset in memory
  Load warning: LOADING Redis is loading the dataset in memory
  Load warning: LOADING Redis is loading the dataset in memory
  Load warning: LOADING Redis is loading the dataset in memory
  Load warning: LOADING Redis is loading the dataset in memory
  Load warning: LOADING Redis is loading the dataset in memory
  Load warning: LOADING Redis is loading the dataset in memory
  Load warning: LOADING Redis is loading the dataset in memory
  Load warning: LOADING Redis is loading the dataset in memory
  Load warning: LOADING Redis is loading the dataset in memory
  Load warning: LOADING Redis is loading the dataset in memory
  Load warning: LOADING Redis is loading the dataset in memory
  Load warning: LOADING Redis is loading the dataset in memory
  Load warning: LOADING Redis is loading the dataset in memory
  Load warning: LOADING Redis is loading the dataset in memory
  Load warning: i/o timeout
  Load warning: i/o timeout
  Load warning: i/o timeout
  Load warning: read tcp [::1]:56064->[::1]:6379: i/o timeout
  Load warning: i/o timeout
  Load warning: i/o timeout
  Load warning: i/o timeout
  Load warning: i/o timeout
  Load warning: i/o timeout
  Load warning: read tcp [::1]:56117->[::1]:6379: i/o timeout
  Load warning: i/o timeout
  Load warning: read tcp [::1]:56133->[::1]:6379: i/o timeout
  Load warning: i/o timeout
  Load warning: i/o timeout
  Load warning: i/o timeout
  Load warning: i/o timeout
  Load warning: i/o timeout
  Load warning: i/o timeout
  Load warning: i/o timeout
  Load warning: i/o timeout
  Load warning: i/o timeout
  Load warning: i/o timeout
  Load warning: i/o timeout
  Load warning: i/o timeout
  Load warning: i/o timeout
  Load warning: i/o timeout
  Load warning: read tcp [::1]:56247->[::1]:6379: i/o timeout
  Load warning: i/o timeout
  Load warning: i/o timeout
  Load warning: i/o timeout
  Load warning: LOADING Redis is loading the dataset in memory
  Load warning: LOADING Redis is loading the dataset in memory
  Load warning: LOADING Redis is loading the dataset in memory
  Load warning: LOADING Redis is loading the dataset in memory
  Load warning: LOADING Redis is loading the dataset in memory
  Load warning: LOADING Redis is loading the dataset in memory
  Load warning: LOADING Redis is loading the dataset in memory
  Load warning: LOADING Redis is loading the dataset in memory
  Load warning: LOADING Redis is loading the dataset in memory
  Load warning: LOADING Redis is loading the dataset in memory
  Load warning: LOADING Redis is loading the dataset in memory
  Load warning: LOADING Redis is loading the dataset in memory
  Load warning: LOADING Redis is loading the dataset in memory
  Load warning: LOADING Redis is loading the dataset in memory
  Load warning: LOADING Redis is loading the dataset in memory
  Load warning: LOADING Redis is loading the dataset in memory
  Load warning: LOADING Redis is loading the dataset in memory
  Load warning: LOADING Redis is loading the dataset in memory
  Load warning: LOADING Redis is loading the dataset in memory
  Load warning: LOADING Redis is loading the dataset in memory
  Load warning: LOADING Redis is loading the dataset in memory
  Load warning: LOADING Redis is loading the dataset in memory
  Load warning: LOADING Redis is loading the dataset in memory
  Load warning: LOADING Redis is loading the dataset in memory
  Load warning: LOADING Redis is loading the dataset in memory
  Load warning: LOADING Redis is loading the dataset in memory
  Load warning: LOADING Redis is loading the dataset in memory
  Load warning: LOADING Redis is loading the dataset in memory
  Load warning: LOADING Redis is loading the dataset in memory
  Load warning: LOADING Redis is loading the dataset in memory
  Load warning: LOADING Redis is loading the dataset in memory
  Load warning: LOADING Redis is loading the dataset in memory
  Load warning: LOADING Redis is loading the dataset in memory
  Load warning: LOADING Redis is loading the dataset in memory
  Load warning: LOADING Redis is loading the dataset in memory
  Load warning: LOADING Redis is loading the dataset in memory
  Load warning: LOADING Redis is loading the dataset in memory
  Load warning: LOADING Redis is loading the dataset in memory
  Load warning: LOADING Redis is loading the dataset in memory
  Load warning: LOADING Redis is loading the dataset in memory
  Load warning: LOADING Redis is loading the dataset in memory
  Load warning: LOADING Redis is loading the dataset in memory
  Load warning: LOADING Redis is loading the dataset in memory
  Load warning: LOADING Redis is loading the dataset in memory
  Load warning: LOADING Redis is loading the dataset in memory
  Load warning: LOADING Redis is loading the dataset in memory
  Load warning: LOADING Redis is loading the dataset in memory
  Load warning: LOADING Redis is loading the dataset in memory
  Load warning: LOADING Redis is loading the dataset in memory
  Load warning: LOADING Redis is loading the dataset in memory
  Load warning: LOADING Redis is loading the dataset in memory
  Load warning: LOADING Redis is loading the dataset in memory
  Load warning: LOADING Redis is loading the dataset in memory
  Load warning: LOADING Redis is loading the dataset in memory
  Load warning: LOADING Redis is loading the dataset in memory
  Load warning: LOADING Redis is loading the dataset in memory
  Load warning: LOADING Redis is loading the dataset in memory
  Load warning: LOADING Redis is loading the dataset in memory
  Load warning: LOADING Redis is loading the dataset in memory
  Load warning: LOADING Redis is loading the dataset in memory
  Load warning: i/o timeout
  Load warning: i/o timeout
  Load warning: i/o timeout
  Load warning: i/o timeout
  Load warning: EOF
  Load warning: LOADING Redis is loading the dataset in memory
  Load warning: LOADING Redis is loading the dataset in memory
  Load warning: LOADING Redis is loading the dataset in memory
  Load warning: LOADING Redis is loading the dataset in memory
  Load warning: LOADING Redis is loading the dataset in memory
  Load warning: LOADING Redis is loading the dataset in memory
  Load warning: LOADING Redis is loading the dataset in memory
  Load warning: LOADING Redis is loading the dataset in memory
  Load warning: LOADING Redis is loading the dataset in memory
  Load warning: LOADING Redis is loading the dataset in memory
  Load warning: LOADING Redis is loading the dataset in memory
  Load warning: LOADING Redis is loading the dataset in memory
  Load warning: LOADING Redis is loading the dataset in memory
  Load warning: LOADING Redis is loading the dataset in memory
  Load warning: LOADING Redis is loading the dataset in memory
  Load warning: LOADING Redis is loading the dataset in memory
  Load warning: LOADING Redis is loading the dataset in memory
  Load warning: LOADING Redis is loading the dataset in memory
  Load warning: LOADING Redis is loading the dataset in memory
  Load warning: LOADING Redis is loading the dataset in memory
  Load warning: LOADING Redis is loading the dataset in memory
  Load warning: LOADING Redis is loading the dataset in memory
  Load warning: LOADING Redis is loading the dataset in memory
  Load warning: LOADING Redis is loading the dataset in memory
  Load warning: LOADING Redis is loading the dataset in memory
  Load warning: LOADING Redis is loading the dataset in memory
  Load warning: LOADING Redis is loading the dataset in memory
  Load warning: LOADING Redis is loading the dataset in memory
  Load warning: LOADING Redis is loading the dataset in memory
  Load warning: LOADING Redis is loading the dataset in memory
  Load warning: LOADING Redis is loading the dataset in memory
  Load warning: LOADING Redis is loading the dataset in memory
  Load warning: LOADING Redis is loading the dataset in memory
  Load warning: LOADING Redis is loading the dataset in memory
  Load warning: LOADING Redis is loading the dataset in memory
  Load warning: LOADING Redis is loading the dataset in memory
  Load warning: LOADING Redis is loading the dataset in memory
  Load warning: LOADING Redis is loading the dataset in memory
  Load warning: LOADING Redis is loading the dataset in memory
  Load warning: LOADING Redis is loading the dataset in memory
  Load warning: LOADING Redis is loading the dataset in memory
  Load warning: LOADING Redis is loading the dataset in memory
  Load warning: LOADING Redis is loading the dataset in memory
  Load warning: LOADING Redis is loading the dataset in memory
  Load warning: LOADING Redis is loading the dataset in memory
  Load warning: LOADING Redis is loading the dataset in memory
  Load warning: LOADING Redis is loading the dataset in memory
  Load warning: LOADING Redis is loading the dataset in memory
  Load warning: LOADING Redis is loading the dataset in memory
  Load warning: LOADING Redis is loading the dataset in memory
  Load warning: LOADING Redis is loading the dataset in memory
  Load warning: LOADING Redis is loading the dataset in memory
  Load warning: LOADING Redis is loading the dataset in memory
  Load warning: LOADING Redis is loading the dataset in memory
  Load warning: LOADING Redis is loading the dataset in memory
  Load warning: LOADING Redis is loading the dataset in memory
  Load warning: read tcp [::1]:56322->[::1]:6379: i/o timeout
  Load warning: i/o timeout
  Load warning: i/o timeout
  Load warning: i/o timeout
  Load warning: read: connection reset by peer
  Load warning: LOADING Redis is loading the dataset in memory
  Load warning: LOADING Redis is loading the dataset in memory
  Load warning: LOADING Redis is loading the dataset in memory
  Load warning: LOADING Redis is loading the dataset in memory
  Load warning: LOADING Redis is loading the dataset in memory
  Load warning: LOADING Redis is loading the dataset in memory
  Load warning: LOADING Redis is loading the dataset in memory
  Load warning: LOADING Redis is loading the dataset in memory
  Load warning: LOADING Redis is loading the dataset in memory
  Load warning: LOADING Redis is loading the dataset in memory
  Load warning: LOADING Redis is loading the dataset in memory
  Load warning: LOADING Redis is loading the dataset in memory
  Load warning: LOADING Redis is loading the dataset in memory
  Load warning: LOADING Redis is loading the dataset in memory
  Load warning: LOADING Redis is loading the dataset in memory
  Load warning: LOADING Redis is loading the dataset in memory
  Load warning: LOADING Redis is loading the dataset in memory
  Load warning: LOADING Redis is loading the dataset in memory
  Load warning: LOADING Redis is loading the dataset in memory
  Load warning: LOADING Redis is loading the dataset in memory
  Load warning: LOADING Redis is loading the dataset in memory
  Load warning: LOADING Redis is loading the dataset in memory
  Load warning: LOADING Redis is loading the dataset in memory
  Load warning: LOADING Redis is loading the dataset in memory
  Load warning: LOADING Redis is loading the dataset in memory
  Load warning: LOADING Redis is loading the dataset in memory
  Load warning: LOADING Redis is loading the dataset in memory
  Load warning: LOADING Redis is loading the dataset in memory
  Load warning: LOADING Redis is loading the dataset in memory
  Load warning: LOADING Redis is loading the dataset in memory
  Load warning: LOADING Redis is loading the dataset in memory
  Load warning: LOADING Redis is loading the dataset in memory
  Load warning: LOADING Redis is loading the dataset in memory
  Load warning: LOADING Redis is loading the dataset in memory
  Load warning: LOADING Redis is loading the dataset in memory
  Load warning: LOADING Redis is loading the dataset in memory
  Load warning: LOADING Redis is loading the dataset in memory
  Load warning: LOADING Redis is loading the dataset in memory
  Load warning: LOADING Redis is loading the dataset in memory
  Load warning: LOADING Redis is loading the dataset in memory
  Load warning: LOADING Redis is loading the dataset in memory
  Load warning: LOADING Redis is loading the dataset in memory
  Load warning: LOADING Redis is loading the dataset in memory
  Load warning: LOADING Redis is loading the dataset in memory
  Load warning: LOADING Redis is loading the dataset in memory
  Load warning: LOADING Redis is loading the dataset in memory
  Load warning: LOADING Redis is loading the dataset in memory
  Load warning: LOADING Redis is loading the dataset in memory
  Load warning: LOADING Redis is loading the dataset in memory
  Load warning: LOADING Redis is loading the dataset in memory
  Load warning: LOADING Redis is loading the dataset in memory
  Load warning: LOADING Redis is loading the dataset in memory
  Load warning: LOADING Redis is loading the dataset in memory
  Load warning: LOADING Redis is loading the dataset in memory
  Load warning: LOADING Redis is loading the dataset in memory
  Load warning: LOADING Redis is loading the dataset in memory
  Load warning: LOADING Redis is loading the dataset in memory
  Load warning: LOADING Redis is loading the dataset in memory
  Load warning: LOADING Redis is loading the dataset in memory
  Load warning: i/o timeout
  Load warning: i/o timeout
  Load warning: i/o timeout
  Load warning: i/o timeout
  Load warning: i/o timeout
  Load warning: i/o timeout
  Load warning: i/o timeout
  Load warning: i/o timeout
  Load warning: i/o timeout
  Load warning: i/o timeout
  Load warning: i/o timeout
  Load warning: i/o timeout
  Load warning: i/o timeout
  Load warning: i/o timeout
  Load warning: i/o timeout
  Load warning: i/o timeout
  Load warning: i/o timeout
  Load warning: i/o timeout
  Load warning: i/o timeout
  Load warning: i/o timeout
  Load warning: i/o timeout
  Load warning: i/o timeout
  Load warning: i/o timeout
  Load warning: i/o timeout
  Load warning: i/o timeout
  Load warning: i/o timeout
  Load warning: i/o timeout
  Load warning: i/o timeout
  Load warning: i/o timeout
  Load warning: i/o timeout
  Load warning: i/o timeout
  Load warning: i/o timeout
  Load warning: i/o timeout
  Load warning: i/o timeout
  Load warning: i/o timeout
  Load warning: i/o timeout
  Load warning: i/o timeout
  Load warning: i/o timeout
  Load warning: i/o timeout
  Load warning: i/o timeout
  Load warning: i/o timeout
  Load warning: i/o timeout
  Load warning: i/o timeout
  Load warning: i/o timeout
  Load warning: i/o timeout
  Load warning: i/o timeout
  Load warning: i/o timeout
  Load warning: i/o timeout
  Load warning: i/o timeout
  Load warning: i/o timeout
  Load warning: read tcp [::1]:56772->[::1]:6379: i/o timeout
  Load warning: i/o timeout
  Load warning: i/o timeout
  Load warning: i/o timeout
  Load warning: i/o timeout
  Load warning: i/o timeout
  Load warning: i/o timeout
  Load warning: i/o timeout
  Load warning: i/o timeout
  Load warning: i/o timeout
  Load warning: i/o timeout
  Load warning: i/o timeout
  Load warning: i/o timeout
  Load warning: i/o timeout
  Load warning: i/o timeout
  Load warning: i/o timeout
  Load warning: i/o timeout
  Load warning: i/o timeout
  Load warning: i/o timeout
  Load warning: i/o timeout
  Load warning: i/o timeout
  Load warning: i/o timeout
  Load warning: i/o timeout
  Load warning: i/o timeout
  Load warning: i/o timeout
  Load warning: i/o timeout
  Load warning: i/o timeout
  Load warning: i/o timeout
  Load warning: i/o timeout
  Load warning: i/o timeout
  Load warning: i/o timeout
  Load warning: i/o timeout
  Load warning: i/o timeout
  Load warning: i/o timeout
  Load warning: i/o timeout
  Load warning: i/o timeout
  Load warning: i/o timeout
  Load warning: i/o timeout
  Load warning: i/o timeout
  Load warning: i/o timeout
  Load warning: i/o timeout
  Load warning: i/o timeout
  Load warning: i/o timeout
  Load warning: i/o timeout
  Load warning: i/o timeout
  Load warning: i/o timeout
  Load warning: i/o timeout
  Load warning: i/o timeout
  Load warning: i/o timeout
  Load warning: i/o timeout
  Load warning: i/o timeout
  Load warning: i/o timeout
  Load warning: i/o timeout
  Load warning: i/o timeout
  Load warning: i/o timeout
  Load warning: i/o timeout
  Load warning: i/o timeout
  Load warning: i/o timeout
  Load warning: i/o timeout
  Load warning: i/o timeout
  Load warning: i/o timeout
  Load warning: i/o timeout
  Load warning: i/o timeout
  Load warning: i/o timeout
  Load warning: i/o timeout
  Load warning: i/o timeout
  Load warning: i/o timeout
  Load warning: i/o timeout
  Load warning: i/o timeout
  Load warning: i/o timeout
  Load warning: i/o timeout
  Load warning: i/o timeout
  Load warning: i/o timeout
  Load warning: i/o timeout
  Load warning: i/o timeout
  Load warning: i/o timeout
  Load warning: i/o timeout
  Load warning: i/o timeout
  Load warning: i/o timeout
  Load warning: i/o timeout
  Load warning: i/o timeout
  Load warning: i/o timeout
  Load warning: i/o timeout
  Load warning: i/o timeout
  Load warning: i/o timeout
  Load warning: i/o timeout
  Load warning: i/o timeout
  Load warning: i/o timeout
  Load warning: i/o timeout
  Load warning: i/o timeout
  Load warning: i/o timeout
  Load warning: i/o timeout
  Load warning: i/o timeout
  Load warning: i/o timeout
  Load warning: i/o timeout
  Load warning: i/o timeout
  Load warning: i/o timeout
  Load warning: i/o timeout
  Load warning: i/o timeout
  Load warning: i/o timeout
  Load warning: i/o timeout
  Load warning: i/o timeout
  Load warning: i/o timeout
  Load warning: i/o timeout
  Load warning: i/o timeout
  Load warning: i/o timeout
  Load warning: i/o timeout
  Load warning: i/o timeout
  Load warning: i/o timeout
  Load warning: i/o timeout
  Load warning: i/o timeout
  Load warning: i/o timeout
  Load warning: i/o timeout
  Load warning: i/o timeout
  Load warning: i/o timeout
  Load warning: i/o timeout
  Load warning: i/o timeout
  Load warning: i/o timeout
  Load warning: i/o timeout
  Load warning: i/o timeout
  Load warning: i/o timeout
  Load warning: i/o timeout
  Load warning: i/o timeout
  Load warning: i/o timeout
  Load warning: i/o timeout
  Load warning: read: connection reset by peer
  Load warning: LOADING Redis is loading the dataset in memory
  Load warning: LOADING Redis is loading the dataset in memory
  Load warning: LOADING Redis is loading the dataset in memory
  Load warning: LOADING Redis is loading the dataset in memory
  Load warning: LOADING Redis is loading the dataset in memory
  Load warning: LOADING Redis is loading the dataset in memory
  Load warning: LOADING Redis is loading the dataset in memory
  Load warning: LOADING Redis is loading the dataset in memory
  Load warning: LOADING Redis is loading the dataset in memory
  Load warning: LOADING Redis is loading the dataset in memory
  Load warning: LOADING Redis is loading the dataset in memory
  Load warning: LOADING Redis is loading the dataset in memory
  Load warning: LOADING Redis is loading the dataset in memory
  Load warning: LOADING Redis is loading the dataset in memory
  Load warning: LOADING Redis is loading the dataset in memory
  Load warning: LOADING Redis is loading the dataset in memory
  Load warning: LOADING Redis is loading the dataset in memory
  Load warning: LOADING Redis is loading the dataset in memory
  Load warning: LOADING Redis is loading the dataset in memory
  Load warning: LOADING Redis is loading the dataset in memory
  Load warning: LOADING Redis is loading the dataset in memory
  Load warning: LOADING Redis is loading the dataset in memory
  Load warning: LOADING Redis is loading the dataset in memory
  Load warning: LOADING Redis is loading the dataset in memory
  Load warning: LOADING Redis is loading the dataset in memory
  Load warning: LOADING Redis is loading the dataset in memory
  Load warning: LOADING Redis is loading the dataset in memory
  Load warning: LOADING Redis is loading the dataset in memory
  Load warning: LOADING Redis is loading the dataset in memory
  Load warning: LOADING Redis is loading the dataset in memory
  Load warning: LOADING Redis is loading the dataset in memory
  Load warning: LOADING Redis is loading the dataset in memory
  Load warning: LOADING Redis is loading the dataset in memory
  Load warning: LOADING Redis is loading the dataset in memory
  Load warning: LOADING Redis is loading the dataset in memory
  Load warning: LOADING Redis is loading the dataset in memory
  Load warning: LOADING Redis is loading the dataset in memory
  Load warning: LOADING Redis is loading the dataset in memory
  Load warning: LOADING Redis is loading the dataset in memory
  Load warning: LOADING Redis is loading the dataset in memory
  Load warning: LOADING Redis is loading the dataset in memory
  Load warning: LOADING Redis is loading the dataset in memory
  Load warning: LOADING Redis is loading the dataset in memory
  Load warning: LOADING Redis is loading the dataset in memory
  Load warning: LOADING Redis is loading the dataset in memory
  Load warning: LOADING Redis is loading the dataset in memory
  Load warning: LOADING Redis is loading the dataset in memory
  Load warning: LOADING Redis is loading the dataset in memory
  Load warning: LOADING Redis is loading the dataset in memory
  Load warning: LOADING Redis is loading the dataset in memory
  Load warning: LOADING Redis is loading the dataset in memory
  Load warning: LOADING Redis is loading the dataset in memory
  Load warning: LOADING Redis is loading the dataset in memory
  Load warning: LOADING Redis is loading the dataset in memory
  Load warning: LOADING Redis is loading the dataset in memory
  Load warning: LOADING Redis is loading the dataset in memory
  Load warning: LOADING Redis is loading the dataset in memory
  Load warning: LOADING Redis is loading the dataset in memory
  Load warning: LOADING Redis is loading the dataset in memory
  Load warning: LOADING Redis is loading the dataset in memory
  Load warning: read tcp [::1]:57759->[::1]:6379: i/o timeout
  Load warning: i/o timeout
  Load warning: i/o timeout
  Load warning: i/o timeout
  Load warning: i/o timeout
  Load warning: i/o timeout
  Load warning: i/o timeout
  Load warning: i/o timeout
  Load warning: i/o timeout
  Load warning: i/o timeout
  Load warning: i/o timeout
  Load warning: i/o timeout
  Load warning: i/o timeout
  Load warning: i/o timeout
  Load warning: i/o timeout
  Load warning: i/o timeout
  Load warning: i/o timeout
  Load warning: i/o timeout
  Load warning: i/o timeout
  Load warning: i/o timeout
  Load warning: i/o timeout
  Load warning: i/o timeout
  Load warning: i/o timeout
  Load warning: i/o timeout
  Load warning: i/o timeout
  Load warning: i/o timeout
  Load warning: i/o timeout
  Load warning: i/o timeout
  Load warning: i/o timeout
  Load warning: i/o timeout
  Load warning: i/o timeout
  Load warning: i/o timeout
  Load warning: i/o timeout
  Load warning: i/o timeout
  Load warning: i/o timeout
  Load warning: i/o timeout
  Load warning: i/o timeout
  Load warning: i/o timeout
  Load warning: i/o timeout
  Load warning: i/o timeout
  Load warning: i/o timeout
  Load warning: i/o timeout
  Load warning: i/o timeout
  Load warning: i/o timeout
  Load warning: i/o timeout
  Load warning: i/o timeout
  Load warning: i/o timeout
  Load warning: i/o timeout
  Load warning: i/o timeout
  Load warning: i/o timeout
  Load warning: i/o timeout
  Load warning: i/o timeout
  Load warning: i/o timeout
  Load warning: i/o timeout
  Load warning: i/o timeout
  Load warning: i/o timeout
  Load warning: i/o timeout
  Load warning: i/o timeout
  Load warning: i/o timeout
  Load warning: i/o timeout
  Load warning: i/o timeout
  Load warning: i/o timeout
  Load warning: i/o timeout
  Load warning: i/o timeout
  Load warning: i/o timeout
  Load warning: i/o timeout
  Load warning: i/o timeout
  Load warning: i/o timeout
  Load warning: i/o timeout
  Load warning: i/o timeout
  Load warning: i/o timeout
  Load warning: i/o timeout
  Load warning: i/o timeout
  Load warning: i/o timeout
  Load warning: i/o timeout
  Load warning: i/o timeout
  Load warning: i/o timeout
  Load warning: i/o timeout
  Load warning: i/o timeout
  Load warning: i/o timeout
  Load warning: i/o timeout
  Load warning: i/o timeout
  Load warning: i/o timeout
  Load warning: i/o timeout
  Load warning: i/o timeout
  Load warning: i/o timeout
  Load warning: read tcp [::1]:58442->[::1]:6379: i/o timeout
  Load warning: i/o timeout
  Load warning: i/o timeout
  Load warning: i/o timeout
  Load warning: i/o timeout
  Load warning: i/o timeout
  Load warning: i/o timeout
  Load warning: i/o timeout
  Load warning: i/o timeout
  Load warning: i/o timeout
  Load warning: i/o timeout
  Load warning: i/o timeout
  Load warning: i/o timeout
  Load warning: i/o timeout
  Load warning: i/o timeout
  Load warning: i/o timeout
  Load warning: i/o timeout
  Load warning: i/o timeout
  Load warning: i/o timeout
  Load warning: i/o timeout
  Load warning: i/o timeout
  Load warning: i/o timeout
  Load warning: i/o timeout
  Load warning: i/o timeout
  Load warning: i/o timeout
  Load warning: i/o timeout
  Load warning: i/o timeout
  Load warning: i/o timeout
  Load warning: i/o timeout
  Load warning: i/o timeout
  Load warning: i/o timeout
  Load warning: i/o timeout
  Load warning: i/o timeout
  Load warning: i/o timeout
  Load warning: i/o timeout
  Load warning: i/o timeout
  Load warning: i/o timeout
  Load warning: i/o timeout
  Load warning: i/o timeout
  Load warning: i/o timeout
  Load warning: i/o timeout
  Load warning: i/o timeout
  Load warning: i/o timeout
  Load warning: i/o timeout
  Load warning: i/o timeout
  Load warning: i/o timeout
  Load warning: i/o timeout
  Load warning: i/o timeout
  Load warning: i/o timeout
  Load warning: i/o timeout
  Load warning: i/o timeout
  Load warning: i/o timeout
  Load warning: i/o timeout
  Load warning: i/o timeout
  Load warning: i/o timeout
  Load warning: i/o timeout
  Load warning: i/o timeout
  Load warning: i/o timeout
  Load warning: i/o timeout
  Load warning: i/o timeout
  Load warning: i/o timeout
  Load warning: i/o timeout
  Load warning: i/o timeout
  Load warning: i/o timeout
  Load warning: i/o timeout
  Load warning: i/o timeout
  Load warning: i/o timeout
  Load warning: i/o timeout
  Load warning: i/o timeout
  Load warning: i/o timeout
  Load warning: i/o timeout
  Load warning: i/o timeout
  Load warning: i/o timeout
  Load warning: i/o timeout
  Load warning: i/o timeout
  Load warning: i/o timeout
  Load warning: i/o timeout
  Load warning: i/o timeout
  Load warning: i/o timeout
  Load warning: i/o timeout
  Load warning: i/o timeout
  Load warning: i/o timeout
  Load warning: i/o timeout
  Load warning: i/o timeout
  Load warning: i/o timeout
  Load warning: i/o timeout
  Load warning: i/o timeout
  Load warning: i/o timeout
  Load warning: i/o timeout
  Load warning: i/o timeout
  Load warning: i/o timeout
  Load warning: i/o timeout
  Load warning: i/o timeout
  Load warning: i/o timeout
  Load warning: i/o timeout
  Load warning: i/o timeout
  Load warning: i/o timeout
  Load warning: i/o timeout
  Load warning: i/o timeout
  Load warning: i/o timeout
  Load warning: i/o timeout
  Load warning: read tcp [::1]:59237->[::1]:6379: i/o timeout
  Load warning: i/o timeout
  Load warning: i/o timeout
  Load warning: i/o timeout
  Load warning: i/o timeout
  Load warning: i/o timeout
  Load warning: i/o timeout
  Load warning: i/o timeout
  Load warning: i/o timeout
  Load warning: i/o timeout
  Load warning: i/o timeout
  Load warning: i/o timeout
  Load warning: i/o timeout
  Load warning: i/o timeout
  Load warning: i/o timeout
  Load warning: i/o timeout
  Load warning: i/o timeout
  Load warning: i/o timeout
  Load warning: i/o timeout
  Load warning: i/o timeout
  Load warning: i/o timeout
  Load warning: i/o timeout
  Load warning: i/o timeout
  Load warning: i/o timeout
  Load warning: i/o timeout
  Load warning: i/o timeout
  Load warning: i/o timeout
  Load warning: i/o timeout
  Load warning: i/o timeout
  Load warning: i/o timeout
  Load warning: i/o timeout
  Load warning: i/o timeout
  Load warning: i/o timeout
  Load warning: i/o timeout
  Load warning: i/o timeout
  Load warning: i/o timeout
  Load warning: i/o timeout
  Load warning: i/o timeout
  Load warning: i/o timeout
  Load warning: i/o timeout
  Load warning: i/o timeout
  Load warning: i/o timeout
  Load warning: i/o timeout
  Load warning: i/o timeout
  Load warning: i/o timeout
  Load warning: i/o timeout
  Load warning: i/o timeout
  Load warning: i/o timeout
  ✓ Loaded 10000000 keys from queries/orders_redis_set.txt

============================================================
Redis Benchmark: users - GET (batch: 10000)
============================================================

Trial 1/3:
  Running 10000 queries...
  Warning: Query 1 failed: i/o timeout
  Warning: Query 2 failed: i/o timeout
  Warning: Query 3 failed: i/o timeout
  Warning: Query 4 failed: i/o timeout
  Warning: Query 5 failed: i/o timeout
redis: 2026/05/24 11:22:42 pool.go:360: Conn has unread data
  ✓ Time: 20742.64s (2074.26 ms/query)
  ✓ QPS: 0.48

Trial 2/3:
  Running 10000 queries...
  Warning: Query 1 failed: LOADING Redis is loading the dataset in memory
  Warning: Query 2 failed: LOADING Redis is loading the dataset in memory
  Warning: Query 3 failed: LOADING Redis is loading the dataset in memory
  Warning: Query 4 failed: LOADING Redis is loading the dataset in memory
  Warning: Query 5 failed: LOADING Redis is loading the dataset in memory
