╔═══════════════════════════════════════════════════════════════╗
║          Full Benchmark Experiment — 20260523_000915             ║
╚═══════════════════════════════════════════════════════════════╝
  Trials:                  3
  Batch (Phase B/fast):    10000
  Batch (Phase A/no-idx):  1000
  Skip Phase A @ largest:  true
  Database target:         all
  Skip generation:         0
  Skip reset:              0
  Skip notebook:           0
  Log file:                logs/run_20260523_000915.log

Data scales: 500_000, 1_000_000, 10_000_000  (per src/cmd/run_benchmarks/main.go)
Each scale runs in TWO phases (without indexes, then with indexes), so the
database is reset + reloaded twice per scale to keep tests independent.
With Phase A skipped at 10M (default) and tuned MySQL/Postgres buffers,
expected runtime is ~7–10 hours on a laptop.


[1m[1;33m▶ Step 1/6 — Reset Docker containers (volumes wiped)[0m

time="2026-05-23T00:09:15+02:00" level=warning msg="/Users/kacperko/University/zaawansowane-technologie-baz-danych/docker-compose.yml: the attribute `version` is obsolete, it will be ignored, please remove it to avoid potential confusion"
 Container bench-mongo  Stopping
 Container bench-redis  Stopping
 Container bench-mysql  Stopping
 Container bench-postgres  Stopping
 Container bench-mongo  Stopped
 Container bench-postgres  Stopped
 Container bench-postgres  Removing
 Container bench-mongo  Removing
 Container bench-redis  Stopped
 Container bench-redis  Removing
 Container bench-mysql  Stopped
 Container bench-mysql  Removing
 Container bench-mysql  Removed
 Container bench-postgres  Removed
 Container bench-redis  Removed
 Container bench-mongo  Removed
 Volume zaawansowane-technologie-baz-danych_mysql_data  Removing
 Volume zaawansowane-technologie-baz-danych_redis_data  Removing
 Volume zaawansowane-technologie-baz-danych_postgres_data  Removing
 Volume zaawansowane-technologie-baz-danych_mongo_data  Removing
 Network zaawansowane-technologie-baz-danych_default  Removing
 Volume zaawansowane-technologie-baz-danych_mysql_data  Removed
 Volume zaawansowane-technologie-baz-danych_postgres_data  Removed
 Volume zaawansowane-technologie-baz-danych_mongo_data  Removed
 Volume zaawansowane-technologie-baz-danych_redis_data  Removed
 Network zaawansowane-technologie-baz-danych_default  Removed
time="2026-05-23T00:09:17+02:00" level=warning msg="/Users/kacperko/University/zaawansowane-technologie-baz-danych/docker-compose.yml: the attribute `version` is obsolete, it will be ignored, please remove it to avoid potential confusion"
 Network zaawansowane-technologie-baz-danych_default  Creating
 Network zaawansowane-technologie-baz-danych_default  Created
 Volume zaawansowane-technologie-baz-danych_mysql_data  Creating
 Volume zaawansowane-technologie-baz-danych_mysql_data  Created
 Volume zaawansowane-technologie-baz-danych_postgres_data  Creating
 Volume zaawansowane-technologie-baz-danych_postgres_data  Created
 Volume zaawansowane-technologie-baz-danych_mongo_data  Creating
 Volume zaawansowane-technologie-baz-danych_mongo_data  Created
 Volume zaawansowane-technologie-baz-danych_redis_data  Creating
 Volume zaawansowane-technologie-baz-danych_redis_data  Created
 Container bench-redis  Creating
 Container bench-mongo  Creating
 Container bench-postgres  Creating
 Container bench-mysql  Creating
 Container bench-mongo  Created
 Container bench-redis  Created
 Container bench-mysql  Created
 Container bench-postgres  Created
 Container bench-mysql  Starting
 Container bench-postgres  Starting
 Container bench-mongo  Starting
 Container bench-redis  Starting
 Container bench-redis  Started
 Container bench-mysql  Started
 Container bench-postgres  Started
 Container bench-mongo  Started

[1m[1;33m▶ Step 2/6 — Waiting for databases to become ready[0m

  waiting (1/60): mysql=0 pg=0 mongo=1 redis=1
  waiting (2/60): mysql=0 pg=1 mongo=1 redis=1
  waiting (3/60): mysql=0 pg=1 mongo=1 redis=1
[0;32m✓ All four databases reachable.[0m

[1m[1;33m▶ Step 3/6 — Regenerate query files (this is slow at 10M scale)[0m

Starting benchmark data generation...

--- category SQL inserts ---

--- category Mongo inserts ---

--- category Redis sets ---

--- category SQL selects ---

--- category SQL updates ---

--- category SQL deletes ---

--- category Mongo finds ---

--- category Mongo updates ---

--- category Mongo deletes ---

--- category Redis updates ---

--- category Redis deletes ---

--- category Redis gets ---

--- user SQL inserts ---
  100000 / 10000000 user SQL inserts
  200000 / 10000000 user SQL inserts
  300000 / 10000000 user SQL inserts
  400000 / 10000000 user SQL inserts
  500000 / 10000000 user SQL inserts
  600000 / 10000000 user SQL inserts
  700000 / 10000000 user SQL inserts
  800000 / 10000000 user SQL inserts
  900000 / 10000000 user SQL inserts
  1000000 / 10000000 user SQL inserts
  1100000 / 10000000 user SQL inserts
  1200000 / 10000000 user SQL inserts
  1300000 / 10000000 user SQL inserts
  1400000 / 10000000 user SQL inserts
  1500000 / 10000000 user SQL inserts
  1600000 / 10000000 user SQL inserts
  1700000 / 10000000 user SQL inserts
  1800000 / 10000000 user SQL inserts
  1900000 / 10000000 user SQL inserts
  2000000 / 10000000 user SQL inserts
  2100000 / 10000000 user SQL inserts
  2200000 / 10000000 user SQL inserts
  2300000 / 10000000 user SQL inserts
  2400000 / 10000000 user SQL inserts
  2500000 / 10000000 user SQL inserts
  2600000 / 10000000 user SQL inserts
  2700000 / 10000000 user SQL inserts
  2800000 / 10000000 user SQL inserts
  2900000 / 10000000 user SQL inserts
  3000000 / 10000000 user SQL inserts
  3100000 / 10000000 user SQL inserts
  3200000 / 10000000 user SQL inserts
  3300000 / 10000000 user SQL inserts
  3400000 / 10000000 user SQL inserts
  3500000 / 10000000 user SQL inserts
  3600000 / 10000000 user SQL inserts
  3700000 / 10000000 user SQL inserts
  3800000 / 10000000 user SQL inserts
  3900000 / 10000000 user SQL inserts
  4000000 / 10000000 user SQL inserts
  4100000 / 10000000 user SQL inserts
  4200000 / 10000000 user SQL inserts
  4300000 / 10000000 user SQL inserts
  4400000 / 10000000 user SQL inserts
  4500000 / 10000000 user SQL inserts
  4600000 / 10000000 user SQL inserts
  4700000 / 10000000 user SQL inserts
  4800000 / 10000000 user SQL inserts
  4900000 / 10000000 user SQL inserts
  5000000 / 10000000 user SQL inserts
  5100000 / 10000000 user SQL inserts
  5200000 / 10000000 user SQL inserts
  5300000 / 10000000 user SQL inserts
  5400000 / 10000000 user SQL inserts
  5500000 / 10000000 user SQL inserts
  5600000 / 10000000 user SQL inserts
  5700000 / 10000000 user SQL inserts
  5800000 / 10000000 user SQL inserts
  5900000 / 10000000 user SQL inserts
  6000000 / 10000000 user SQL inserts
  6100000 / 10000000 user SQL inserts
  6200000 / 10000000 user SQL inserts
  6300000 / 10000000 user SQL inserts
  6400000 / 10000000 user SQL inserts
  6500000 / 10000000 user SQL inserts
  6600000 / 10000000 user SQL inserts
  6700000 / 10000000 user SQL inserts
  6800000 / 10000000 user SQL inserts
  6900000 / 10000000 user SQL inserts
  7000000 / 10000000 user SQL inserts
  7100000 / 10000000 user SQL inserts
  7200000 / 10000000 user SQL inserts
  7300000 / 10000000 user SQL inserts
  7400000 / 10000000 user SQL inserts
  7500000 / 10000000 user SQL inserts
  7600000 / 10000000 user SQL inserts
  7700000 / 10000000 user SQL inserts
  7800000 / 10000000 user SQL inserts
  7900000 / 10000000 user SQL inserts
  8000000 / 10000000 user SQL inserts
  8100000 / 10000000 user SQL inserts
  8200000 / 10000000 user SQL inserts
  8300000 / 10000000 user SQL inserts
  8400000 / 10000000 user SQL inserts
  8500000 / 10000000 user SQL inserts
  8600000 / 10000000 user SQL inserts
  8700000 / 10000000 user SQL inserts
  8800000 / 10000000 user SQL inserts
  8900000 / 10000000 user SQL inserts
  9000000 / 10000000 user SQL inserts
  9100000 / 10000000 user SQL inserts
  9200000 / 10000000 user SQL inserts
  9300000 / 10000000 user SQL inserts
  9400000 / 10000000 user SQL inserts
  9500000 / 10000000 user SQL inserts
  9600000 / 10000000 user SQL inserts
  9700000 / 10000000 user SQL inserts
  9800000 / 10000000 user SQL inserts
  9900000 / 10000000 user SQL inserts
  10000000 / 10000000 user SQL inserts

--- user SQL selects ---
  100000 / 10000000 user SQL selects
  200000 / 10000000 user SQL selects
  300000 / 10000000 user SQL selects
  400000 / 10000000 user SQL selects
  500000 / 10000000 user SQL selects
  600000 / 10000000 user SQL selects
  700000 / 10000000 user SQL selects
  800000 / 10000000 user SQL selects
  900000 / 10000000 user SQL selects
  1000000 / 10000000 user SQL selects
  1100000 / 10000000 user SQL selects
  1200000 / 10000000 user SQL selects
  1300000 / 10000000 user SQL selects
  1400000 / 10000000 user SQL selects
  1500000 / 10000000 user SQL selects
  1600000 / 10000000 user SQL selects
  1700000 / 10000000 user SQL selects
  1800000 / 10000000 user SQL selects
  1900000 / 10000000 user SQL selects
  2000000 / 10000000 user SQL selects
  2100000 / 10000000 user SQL selects
  2200000 / 10000000 user SQL selects
  2300000 / 10000000 user SQL selects
  2400000 / 10000000 user SQL selects
  2500000 / 10000000 user SQL selects
  2600000 / 10000000 user SQL selects
  2700000 / 10000000 user SQL selects
  2800000 / 10000000 user SQL selects
  2900000 / 10000000 user SQL selects
  3000000 / 10000000 user SQL selects
  3100000 / 10000000 user SQL selects
  3200000 / 10000000 user SQL selects
  3300000 / 10000000 user SQL selects
  3400000 / 10000000 user SQL selects
  3500000 / 10000000 user SQL selects
  3600000 / 10000000 user SQL selects
  3700000 / 10000000 user SQL selects
  3800000 / 10000000 user SQL selects
  3900000 / 10000000 user SQL selects
  4000000 / 10000000 user SQL selects
  4100000 / 10000000 user SQL selects
  4200000 / 10000000 user SQL selects
  4300000 / 10000000 user SQL selects
  4400000 / 10000000 user SQL selects
  4500000 / 10000000 user SQL selects
  4600000 / 10000000 user SQL selects
  4700000 / 10000000 user SQL selects
  4800000 / 10000000 user SQL selects
  4900000 / 10000000 user SQL selects
  5000000 / 10000000 user SQL selects
  5100000 / 10000000 user SQL selects
  5200000 / 10000000 user SQL selects
  5300000 / 10000000 user SQL selects
  5400000 / 10000000 user SQL selects
  5500000 / 10000000 user SQL selects
  5600000 / 10000000 user SQL selects
  5700000 / 10000000 user SQL selects
  5800000 / 10000000 user SQL selects
  5900000 / 10000000 user SQL selects
  6000000 / 10000000 user SQL selects
  6100000 / 10000000 user SQL selects
  6200000 / 10000000 user SQL selects
  6300000 / 10000000 user SQL selects
  6400000 / 10000000 user SQL selects
  6500000 / 10000000 user SQL selects
  6600000 / 10000000 user SQL selects
  6700000 / 10000000 user SQL selects
  6800000 / 10000000 user SQL selects
  6900000 / 10000000 user SQL selects
  7000000 / 10000000 user SQL selects
  7100000 / 10000000 user SQL selects
  7200000 / 10000000 user SQL selects
  7300000 / 10000000 user SQL selects
  7400000 / 10000000 user SQL selects
  7500000 / 10000000 user SQL selects
  7600000 / 10000000 user SQL selects
  7700000 / 10000000 user SQL selects
  7800000 / 10000000 user SQL selects
  7900000 / 10000000 user SQL selects
  8000000 / 10000000 user SQL selects
  8100000 / 10000000 user SQL selects
  8200000 / 10000000 user SQL selects
  8300000 / 10000000 user SQL selects
  8400000 / 10000000 user SQL selects
  8500000 / 10000000 user SQL selects
  8600000 / 10000000 user SQL selects
  8700000 / 10000000 user SQL selects
  8800000 / 10000000 user SQL selects
  8900000 / 10000000 user SQL selects
  9000000 / 10000000 user SQL selects
  9100000 / 10000000 user SQL selects
  9200000 / 10000000 user SQL selects
  9300000 / 10000000 user SQL selects
  9400000 / 10000000 user SQL selects
  9500000 / 10000000 user SQL selects
  9600000 / 10000000 user SQL selects
  9700000 / 10000000 user SQL selects
  9800000 / 10000000 user SQL selects
  9900000 / 10000000 user SQL selects
  10000000 / 10000000 user SQL selects

--- user SQL updates ---
  100000 / 10000000 user SQL updates
  200000 / 10000000 user SQL updates
  300000 / 10000000 user SQL updates
  400000 / 10000000 user SQL updates
  500000 / 10000000 user SQL updates
  600000 / 10000000 user SQL updates
  700000 / 10000000 user SQL updates
  800000 / 10000000 user SQL updates
  900000 / 10000000 user SQL updates
  1000000 / 10000000 user SQL updates
  1100000 / 10000000 user SQL updates
  1200000 / 10000000 user SQL updates
  1300000 / 10000000 user SQL updates
  1400000 / 10000000 user SQL updates
  1500000 / 10000000 user SQL updates
  1600000 / 10000000 user SQL updates
  1700000 / 10000000 user SQL updates
  1800000 / 10000000 user SQL updates
  1900000 / 10000000 user SQL updates
  2000000 / 10000000 user SQL updates
  2100000 / 10000000 user SQL updates
  2200000 / 10000000 user SQL updates
  2300000 / 10000000 user SQL updates
  2400000 / 10000000 user SQL updates
  2500000 / 10000000 user SQL updates
  2600000 / 10000000 user SQL updates
  2700000 / 10000000 user SQL updates
  2800000 / 10000000 user SQL updates
  2900000 / 10000000 user SQL updates
  3000000 / 10000000 user SQL updates
  3100000 / 10000000 user SQL updates
  3200000 / 10000000 user SQL updates
  3300000 / 10000000 user SQL updates
  3400000 / 10000000 user SQL updates
  3500000 / 10000000 user SQL updates
  3600000 / 10000000 user SQL updates
  3700000 / 10000000 user SQL updates
  3800000 / 10000000 user SQL updates
  3900000 / 10000000 user SQL updates
  4000000 / 10000000 user SQL updates
  4100000 / 10000000 user SQL updates
  4200000 / 10000000 user SQL updates
  4300000 / 10000000 user SQL updates
  4400000 / 10000000 user SQL updates
  4500000 / 10000000 user SQL updates
  4600000 / 10000000 user SQL updates
  4700000 / 10000000 user SQL updates
  4800000 / 10000000 user SQL updates
  4900000 / 10000000 user SQL updates
  5000000 / 10000000 user SQL updates
  5100000 / 10000000 user SQL updates
  5200000 / 10000000 user SQL updates
  5300000 / 10000000 user SQL updates
  5400000 / 10000000 user SQL updates
  5500000 / 10000000 user SQL updates
  5600000 / 10000000 user SQL updates
  5700000 / 10000000 user SQL updates
  5800000 / 10000000 user SQL updates
  5900000 / 10000000 user SQL updates
  6000000 / 10000000 user SQL updates
  6100000 / 10000000 user SQL updates
  6200000 / 10000000 user SQL updates
  6300000 / 10000000 user SQL updates
  6400000 / 10000000 user SQL updates
  6500000 / 10000000 user SQL updates
  6600000 / 10000000 user SQL updates
  6700000 / 10000000 user SQL updates
  6800000 / 10000000 user SQL updates
  6900000 / 10000000 user SQL updates
  7000000 / 10000000 user SQL updates
  7100000 / 10000000 user SQL updates
  7200000 / 10000000 user SQL updates
  7300000 / 10000000 user SQL updates
  7400000 / 10000000 user SQL updates
  7500000 / 10000000 user SQL updates
  7600000 / 10000000 user SQL updates
  7700000 / 10000000 user SQL updates
  7800000 / 10000000 user SQL updates
  7900000 / 10000000 user SQL updates
  8000000 / 10000000 user SQL updates
  8100000 / 10000000 user SQL updates
  8200000 / 10000000 user SQL updates
  8300000 / 10000000 user SQL updates
  8400000 / 10000000 user SQL updates
  8500000 / 10000000 user SQL updates
  8600000 / 10000000 user SQL updates
  8700000 / 10000000 user SQL updates
  8800000 / 10000000 user SQL updates
  8900000 / 10000000 user SQL updates
  9000000 / 10000000 user SQL updates
  9100000 / 10000000 user SQL updates
  9200000 / 10000000 user SQL updates
  9300000 / 10000000 user SQL updates
  9400000 / 10000000 user SQL updates
  9500000 / 10000000 user SQL updates
  9600000 / 10000000 user SQL updates
  9700000 / 10000000 user SQL updates
  9800000 / 10000000 user SQL updates
  9900000 / 10000000 user SQL updates
  10000000 / 10000000 user SQL updates

--- user SQL deletes ---
  100000 / 10000000 user SQL deletes
  200000 / 10000000 user SQL deletes
  300000 / 10000000 user SQL deletes
  400000 / 10000000 user SQL deletes
  500000 / 10000000 user SQL deletes
  600000 / 10000000 user SQL deletes
  700000 / 10000000 user SQL deletes
  800000 / 10000000 user SQL deletes
  900000 / 10000000 user SQL deletes
  1000000 / 10000000 user SQL deletes
  1100000 / 10000000 user SQL deletes
  1200000 / 10000000 user SQL deletes
  1300000 / 10000000 user SQL deletes
  1400000 / 10000000 user SQL deletes
  1500000 / 10000000 user SQL deletes
  1600000 / 10000000 user SQL deletes
  1700000 / 10000000 user SQL deletes
  1800000 / 10000000 user SQL deletes
  1900000 / 10000000 user SQL deletes
  2000000 / 10000000 user SQL deletes
  2100000 / 10000000 user SQL deletes
  2200000 / 10000000 user SQL deletes
  2300000 / 10000000 user SQL deletes
  2400000 / 10000000 user SQL deletes
  2500000 / 10000000 user SQL deletes
  2600000 / 10000000 user SQL deletes
  2700000 / 10000000 user SQL deletes
  2800000 / 10000000 user SQL deletes
  2900000 / 10000000 user SQL deletes
  3000000 / 10000000 user SQL deletes
  3100000 / 10000000 user SQL deletes
  3200000 / 10000000 user SQL deletes
  3300000 / 10000000 user SQL deletes
  3400000 / 10000000 user SQL deletes
  3500000 / 10000000 user SQL deletes
  3600000 / 10000000 user SQL deletes
  3700000 / 10000000 user SQL deletes
  3800000 / 10000000 user SQL deletes
  3900000 / 10000000 user SQL deletes
  4000000 / 10000000 user SQL deletes
  4100000 / 10000000 user SQL deletes
  4200000 / 10000000 user SQL deletes
  4300000 / 10000000 user SQL deletes
  4400000 / 10000000 user SQL deletes
  4500000 / 10000000 user SQL deletes
  4600000 / 10000000 user SQL deletes
  4700000 / 10000000 user SQL deletes
  4800000 / 10000000 user SQL deletes
  4900000 / 10000000 user SQL deletes
  5000000 / 10000000 user SQL deletes
  5100000 / 10000000 user SQL deletes
  5200000 / 10000000 user SQL deletes
  5300000 / 10000000 user SQL deletes
  5400000 / 10000000 user SQL deletes
  5500000 / 10000000 user SQL deletes
  5600000 / 10000000 user SQL deletes
  5700000 / 10000000 user SQL deletes
  5800000 / 10000000 user SQL deletes
  5900000 / 10000000 user SQL deletes
  6000000 / 10000000 user SQL deletes
  6100000 / 10000000 user SQL deletes
  6200000 / 10000000 user SQL deletes
  6300000 / 10000000 user SQL deletes
  6400000 / 10000000 user SQL deletes
  6500000 / 10000000 user SQL deletes
  6600000 / 10000000 user SQL deletes
  6700000 / 10000000 user SQL deletes
  6800000 / 10000000 user SQL deletes
  6900000 / 10000000 user SQL deletes
  7000000 / 10000000 user SQL deletes
  7100000 / 10000000 user SQL deletes
  7200000 / 10000000 user SQL deletes
  7300000 / 10000000 user SQL deletes
  7400000 / 10000000 user SQL deletes
  7500000 / 10000000 user SQL deletes
  7600000 / 10000000 user SQL deletes
  7700000 / 10000000 user SQL deletes
  7800000 / 10000000 user SQL deletes
  7900000 / 10000000 user SQL deletes
  8000000 / 10000000 user SQL deletes
  8100000 / 10000000 user SQL deletes
  8200000 / 10000000 user SQL deletes
  8300000 / 10000000 user SQL deletes
  8400000 / 10000000 user SQL deletes
  8500000 / 10000000 user SQL deletes
  8600000 / 10000000 user SQL deletes
  8700000 / 10000000 user SQL deletes
  8800000 / 10000000 user SQL deletes
  8900000 / 10000000 user SQL deletes
  9000000 / 10000000 user SQL deletes
  9100000 / 10000000 user SQL deletes
  9200000 / 10000000 user SQL deletes
  9300000 / 10000000 user SQL deletes
  9400000 / 10000000 user SQL deletes
  9500000 / 10000000 user SQL deletes
  9600000 / 10000000 user SQL deletes
  9700000 / 10000000 user SQL deletes
  9800000 / 10000000 user SQL deletes
  9900000 / 10000000 user SQL deletes
  10000000 / 10000000 user SQL deletes

--- user Mongo inserts ---
  100000 / 10000000 user Mongo inserts
  200000 / 10000000 user Mongo inserts
  300000 / 10000000 user Mongo inserts
  400000 / 10000000 user Mongo inserts
  500000 / 10000000 user Mongo inserts
  600000 / 10000000 user Mongo inserts
  700000 / 10000000 user Mongo inserts
  800000 / 10000000 user Mongo inserts
  900000 / 10000000 user Mongo inserts
  1000000 / 10000000 user Mongo inserts
  1100000 / 10000000 user Mongo inserts
  1200000 / 10000000 user Mongo inserts
  1300000 / 10000000 user Mongo inserts
  1400000 / 10000000 user Mongo inserts
  1500000 / 10000000 user Mongo inserts
  1600000 / 10000000 user Mongo inserts
  1700000 / 10000000 user Mongo inserts
  1800000 / 10000000 user Mongo inserts
  1900000 / 10000000 user Mongo inserts
  2000000 / 10000000 user Mongo inserts
  2100000 / 10000000 user Mongo inserts
  2200000 / 10000000 user Mongo inserts
  2300000 / 10000000 user Mongo inserts
  2400000 / 10000000 user Mongo inserts
  2500000 / 10000000 user Mongo inserts
  2600000 / 10000000 user Mongo inserts
  2700000 / 10000000 user Mongo inserts
  2800000 / 10000000 user Mongo inserts
  2900000 / 10000000 user Mongo inserts
  3000000 / 10000000 user Mongo inserts
  3100000 / 10000000 user Mongo inserts
  3200000 / 10000000 user Mongo inserts
  3300000 / 10000000 user Mongo inserts
  3400000 / 10000000 user Mongo inserts
  3500000 / 10000000 user Mongo inserts
  3600000 / 10000000 user Mongo inserts
  3700000 / 10000000 user Mongo inserts
  3800000 / 10000000 user Mongo inserts
  3900000 / 10000000 user Mongo inserts
  4000000 / 10000000 user Mongo inserts
  4100000 / 10000000 user Mongo inserts
  4200000 / 10000000 user Mongo inserts
  4300000 / 10000000 user Mongo inserts
  4400000 / 10000000 user Mongo inserts
  4500000 / 10000000 user Mongo inserts
  4600000 / 10000000 user Mongo inserts
  4700000 / 10000000 user Mongo inserts
  4800000 / 10000000 user Mongo inserts
  4900000 / 10000000 user Mongo inserts
  5000000 / 10000000 user Mongo inserts
  5100000 / 10000000 user Mongo inserts
  5200000 / 10000000 user Mongo inserts
  5300000 / 10000000 user Mongo inserts
  5400000 / 10000000 user Mongo inserts
  5500000 / 10000000 user Mongo inserts
  5600000 / 10000000 user Mongo inserts
  5700000 / 10000000 user Mongo inserts
  5800000 / 10000000 user Mongo inserts
  5900000 / 10000000 user Mongo inserts
  6000000 / 10000000 user Mongo inserts
  6100000 / 10000000 user Mongo inserts
  6200000 / 10000000 user Mongo inserts
  6300000 / 10000000 user Mongo inserts
  6400000 / 10000000 user Mongo inserts
  6500000 / 10000000 user Mongo inserts
  6600000 / 10000000 user Mongo inserts
  6700000 / 10000000 user Mongo inserts
  6800000 / 10000000 user Mongo inserts
  6900000 / 10000000 user Mongo inserts
  7000000 / 10000000 user Mongo inserts
  7100000 / 10000000 user Mongo inserts
  7200000 / 10000000 user Mongo inserts
  7300000 / 10000000 user Mongo inserts
  7400000 / 10000000 user Mongo inserts
  7500000 / 10000000 user Mongo inserts
  7600000 / 10000000 user Mongo inserts
  7700000 / 10000000 user Mongo inserts
  7800000 / 10000000 user Mongo inserts
  7900000 / 10000000 user Mongo inserts
  8000000 / 10000000 user Mongo inserts
  8100000 / 10000000 user Mongo inserts
  8200000 / 10000000 user Mongo inserts
  8300000 / 10000000 user Mongo inserts
  8400000 / 10000000 user Mongo inserts
  8500000 / 10000000 user Mongo inserts
  8600000 / 10000000 user Mongo inserts
  8700000 / 10000000 user Mongo inserts
  8800000 / 10000000 user Mongo inserts
  8900000 / 10000000 user Mongo inserts
  9000000 / 10000000 user Mongo inserts
  9100000 / 10000000 user Mongo inserts
  9200000 / 10000000 user Mongo inserts
  9300000 / 10000000 user Mongo inserts
  9400000 / 10000000 user Mongo inserts
  9500000 / 10000000 user Mongo inserts
  9600000 / 10000000 user Mongo inserts
  9700000 / 10000000 user Mongo inserts
  9800000 / 10000000 user Mongo inserts
  9900000 / 10000000 user Mongo inserts
  10000000 / 10000000 user Mongo inserts

--- user Mongo finds ---
  100000 / 10000000 user Mongo finds
  200000 / 10000000 user Mongo finds
  300000 / 10000000 user Mongo finds
  400000 / 10000000 user Mongo finds
  500000 / 10000000 user Mongo finds
  600000 / 10000000 user Mongo finds
  700000 / 10000000 user Mongo finds
  800000 / 10000000 user Mongo finds
  900000 / 10000000 user Mongo finds
  1000000 / 10000000 user Mongo finds
  1100000 / 10000000 user Mongo finds
  1200000 / 10000000 user Mongo finds
  1300000 / 10000000 user Mongo finds
  1400000 / 10000000 user Mongo finds
  1500000 / 10000000 user Mongo finds
  1600000 / 10000000 user Mongo finds
  1700000 / 10000000 user Mongo finds
  1800000 / 10000000 user Mongo finds
  1900000 / 10000000 user Mongo finds
  2000000 / 10000000 user Mongo finds
  2100000 / 10000000 user Mongo finds
  2200000 / 10000000 user Mongo finds
  2300000 / 10000000 user Mongo finds
  2400000 / 10000000 user Mongo finds
  2500000 / 10000000 user Mongo finds
  2600000 / 10000000 user Mongo finds
  2700000 / 10000000 user Mongo finds
  2800000 / 10000000 user Mongo finds
  2900000 / 10000000 user Mongo finds
  3000000 / 10000000 user Mongo finds
  3100000 / 10000000 user Mongo finds
  3200000 / 10000000 user Mongo finds
  3300000 / 10000000 user Mongo finds
  3400000 / 10000000 user Mongo finds
  3500000 / 10000000 user Mongo finds
  3600000 / 10000000 user Mongo finds
  3700000 / 10000000 user Mongo finds
  3800000 / 10000000 user Mongo finds
  3900000 / 10000000 user Mongo finds
  4000000 / 10000000 user Mongo finds
  4100000 / 10000000 user Mongo finds
  4200000 / 10000000 user Mongo finds
  4300000 / 10000000 user Mongo finds
  4400000 / 10000000 user Mongo finds
  4500000 / 10000000 user Mongo finds
  4600000 / 10000000 user Mongo finds
  4700000 / 10000000 user Mongo finds
  4800000 / 10000000 user Mongo finds
  4900000 / 10000000 user Mongo finds
  5000000 / 10000000 user Mongo finds
  5100000 / 10000000 user Mongo finds
  5200000 / 10000000 user Mongo finds
  5300000 / 10000000 user Mongo finds
  5400000 / 10000000 user Mongo finds
  5500000 / 10000000 user Mongo finds
  5600000 / 10000000 user Mongo finds
  5700000 / 10000000 user Mongo finds
  5800000 / 10000000 user Mongo finds
  5900000 / 10000000 user Mongo finds
  6000000 / 10000000 user Mongo finds
  6100000 / 10000000 user Mongo finds
  6200000 / 10000000 user Mongo finds
  6300000 / 10000000 user Mongo finds
  6400000 / 10000000 user Mongo finds
  6500000 / 10000000 user Mongo finds
  6600000 / 10000000 user Mongo finds
  6700000 / 10000000 user Mongo finds
  6800000 / 10000000 user Mongo finds
  6900000 / 10000000 user Mongo finds
  7000000 / 10000000 user Mongo finds
  7100000 / 10000000 user Mongo finds
  7200000 / 10000000 user Mongo finds
  7300000 / 10000000 user Mongo finds
  7400000 / 10000000 user Mongo finds
  7500000 / 10000000 user Mongo finds
  7600000 / 10000000 user Mongo finds
  7700000 / 10000000 user Mongo finds
  7800000 / 10000000 user Mongo finds
  7900000 / 10000000 user Mongo finds
  8000000 / 10000000 user Mongo finds
  8100000 / 10000000 user Mongo finds
  8200000 / 10000000 user Mongo finds
  8300000 / 10000000 user Mongo finds
  8400000 / 10000000 user Mongo finds
  8500000 / 10000000 user Mongo finds
  8600000 / 10000000 user Mongo finds
  8700000 / 10000000 user Mongo finds
  8800000 / 10000000 user Mongo finds
  8900000 / 10000000 user Mongo finds
  9000000 / 10000000 user Mongo finds
  9100000 / 10000000 user Mongo finds
  9200000 / 10000000 user Mongo finds
  9300000 / 10000000 user Mongo finds
  9400000 / 10000000 user Mongo finds
  9500000 / 10000000 user Mongo finds
  9600000 / 10000000 user Mongo finds
  9700000 / 10000000 user Mongo finds
  9800000 / 10000000 user Mongo finds
  9900000 / 10000000 user Mongo finds
  10000000 / 10000000 user Mongo finds

--- user Mongo updates ---
  100000 / 10000000 user Mongo updates
  200000 / 10000000 user Mongo updates
  300000 / 10000000 user Mongo updates
  400000 / 10000000 user Mongo updates
  500000 / 10000000 user Mongo updates
  600000 / 10000000 user Mongo updates
  700000 / 10000000 user Mongo updates
  800000 / 10000000 user Mongo updates
  900000 / 10000000 user Mongo updates
  1000000 / 10000000 user Mongo updates
  1100000 / 10000000 user Mongo updates
  1200000 / 10000000 user Mongo updates
  1300000 / 10000000 user Mongo updates
  1400000 / 10000000 user Mongo updates
  1500000 / 10000000 user Mongo updates
  1600000 / 10000000 user Mongo updates
  1700000 / 10000000 user Mongo updates
  1800000 / 10000000 user Mongo updates
  1900000 / 10000000 user Mongo updates
  2000000 / 10000000 user Mongo updates
  2100000 / 10000000 user Mongo updates
  2200000 / 10000000 user Mongo updates
  2300000 / 10000000 user Mongo updates
  2400000 / 10000000 user Mongo updates
  2500000 / 10000000 user Mongo updates
  2600000 / 10000000 user Mongo updates
  2700000 / 10000000 user Mongo updates
  2800000 / 10000000 user Mongo updates
  2900000 / 10000000 user Mongo updates
  3000000 / 10000000 user Mongo updates
  3100000 / 10000000 user Mongo updates
  3200000 / 10000000 user Mongo updates
  3300000 / 10000000 user Mongo updates
  3400000 / 10000000 user Mongo updates
  3500000 / 10000000 user Mongo updates
  3600000 / 10000000 user Mongo updates
  3700000 / 10000000 user Mongo updates
  3800000 / 10000000 user Mongo updates
  3900000 / 10000000 user Mongo updates
  4000000 / 10000000 user Mongo updates
  4100000 / 10000000 user Mongo updates
  4200000 / 10000000 user Mongo updates
  4300000 / 10000000 user Mongo updates
  4400000 / 10000000 user Mongo updates
  4500000 / 10000000 user Mongo updates
  4600000 / 10000000 user Mongo updates
  4700000 / 10000000 user Mongo updates
  4800000 / 10000000 user Mongo updates
  4900000 / 10000000 user Mongo updates
  5000000 / 10000000 user Mongo updates
  5100000 / 10000000 user Mongo updates
  5200000 / 10000000 user Mongo updates
  5300000 / 10000000 user Mongo updates
  5400000 / 10000000 user Mongo updates
  5500000 / 10000000 user Mongo updates
  5600000 / 10000000 user Mongo updates
  5700000 / 10000000 user Mongo updates
  5800000 / 10000000 user Mongo updates
  5900000 / 10000000 user Mongo updates
  6000000 / 10000000 user Mongo updates
  6100000 / 10000000 user Mongo updates
  6200000 / 10000000 user Mongo updates
  6300000 / 10000000 user Mongo updates
  6400000 / 10000000 user Mongo updates
  6500000 / 10000000 user Mongo updates
  6600000 / 10000000 user Mongo updates
  6700000 / 10000000 user Mongo updates
  6800000 / 10000000 user Mongo updates
  6900000 / 10000000 user Mongo updates
  7000000 / 10000000 user Mongo updates
  7100000 / 10000000 user Mongo updates
  7200000 / 10000000 user Mongo updates
  7300000 / 10000000 user Mongo updates
  7400000 / 10000000 user Mongo updates
  7500000 / 10000000 user Mongo updates
  7600000 / 10000000 user Mongo updates
  7700000 / 10000000 user Mongo updates
  7800000 / 10000000 user Mongo updates
  7900000 / 10000000 user Mongo updates
  8000000 / 10000000 user Mongo updates
  8100000 / 10000000 user Mongo updates
  8200000 / 10000000 user Mongo updates
  8300000 / 10000000 user Mongo updates
  8400000 / 10000000 user Mongo updates
  8500000 / 10000000 user Mongo updates
  8600000 / 10000000 user Mongo updates
  8700000 / 10000000 user Mongo updates
  8800000 / 10000000 user Mongo updates
  8900000 / 10000000 user Mongo updates
  9000000 / 10000000 user Mongo updates
  9100000 / 10000000 user Mongo updates
  9200000 / 10000000 user Mongo updates
  9300000 / 10000000 user Mongo updates
  9400000 / 10000000 user Mongo updates
  9500000 / 10000000 user Mongo updates
  9600000 / 10000000 user Mongo updates
  9700000 / 10000000 user Mongo updates
  9800000 / 10000000 user Mongo updates
  9900000 / 10000000 user Mongo updates
  10000000 / 10000000 user Mongo updates

--- user Mongo deletes ---
  100000 / 10000000 user Mongo deletes
  200000 / 10000000 user Mongo deletes
  300000 / 10000000 user Mongo deletes
  400000 / 10000000 user Mongo deletes
  500000 / 10000000 user Mongo deletes
  600000 / 10000000 user Mongo deletes
  700000 / 10000000 user Mongo deletes
  800000 / 10000000 user Mongo deletes
  900000 / 10000000 user Mongo deletes
  1000000 / 10000000 user Mongo deletes
  1100000 / 10000000 user Mongo deletes
  1200000 / 10000000 user Mongo deletes
  1300000 / 10000000 user Mongo deletes
  1400000 / 10000000 user Mongo deletes
  1500000 / 10000000 user Mongo deletes
  1600000 / 10000000 user Mongo deletes
  1700000 / 10000000 user Mongo deletes
  1800000 / 10000000 user Mongo deletes
  1900000 / 10000000 user Mongo deletes
  2000000 / 10000000 user Mongo deletes
  2100000 / 10000000 user Mongo deletes
  2200000 / 10000000 user Mongo deletes
  2300000 / 10000000 user Mongo deletes
  2400000 / 10000000 user Mongo deletes
  2500000 / 10000000 user Mongo deletes
  2600000 / 10000000 user Mongo deletes
  2700000 / 10000000 user Mongo deletes
  2800000 / 10000000 user Mongo deletes
  2900000 / 10000000 user Mongo deletes
  3000000 / 10000000 user Mongo deletes
  3100000 / 10000000 user Mongo deletes
  3200000 / 10000000 user Mongo deletes
  3300000 / 10000000 user Mongo deletes
  3400000 / 10000000 user Mongo deletes
  3500000 / 10000000 user Mongo deletes
  3600000 / 10000000 user Mongo deletes
  3700000 / 10000000 user Mongo deletes
  3800000 / 10000000 user Mongo deletes
  3900000 / 10000000 user Mongo deletes
  4000000 / 10000000 user Mongo deletes
  4100000 / 10000000 user Mongo deletes
  4200000 / 10000000 user Mongo deletes
  4300000 / 10000000 user Mongo deletes
  4400000 / 10000000 user Mongo deletes
  4500000 / 10000000 user Mongo deletes
  4600000 / 10000000 user Mongo deletes
  4700000 / 10000000 user Mongo deletes
  4800000 / 10000000 user Mongo deletes
  4900000 / 10000000 user Mongo deletes
  5000000 / 10000000 user Mongo deletes
  5100000 / 10000000 user Mongo deletes
  5200000 / 10000000 user Mongo deletes
  5300000 / 10000000 user Mongo deletes
  5400000 / 10000000 user Mongo deletes
  5500000 / 10000000 user Mongo deletes
  5600000 / 10000000 user Mongo deletes
  5700000 / 10000000 user Mongo deletes
  5800000 / 10000000 user Mongo deletes
  5900000 / 10000000 user Mongo deletes
  6000000 / 10000000 user Mongo deletes
  6100000 / 10000000 user Mongo deletes
  6200000 / 10000000 user Mongo deletes
  6300000 / 10000000 user Mongo deletes
  6400000 / 10000000 user Mongo deletes
  6500000 / 10000000 user Mongo deletes
  6600000 / 10000000 user Mongo deletes
  6700000 / 10000000 user Mongo deletes
  6800000 / 10000000 user Mongo deletes
  6900000 / 10000000 user Mongo deletes
  7000000 / 10000000 user Mongo deletes
  7100000 / 10000000 user Mongo deletes
  7200000 / 10000000 user Mongo deletes
  7300000 / 10000000 user Mongo deletes
  7400000 / 10000000 user Mongo deletes
  7500000 / 10000000 user Mongo deletes
  7600000 / 10000000 user Mongo deletes
  7700000 / 10000000 user Mongo deletes
  7800000 / 10000000 user Mongo deletes
  7900000 / 10000000 user Mongo deletes
  8000000 / 10000000 user Mongo deletes
  8100000 / 10000000 user Mongo deletes
  8200000 / 10000000 user Mongo deletes
  8300000 / 10000000 user Mongo deletes
  8400000 / 10000000 user Mongo deletes
  8500000 / 10000000 user Mongo deletes
  8600000 / 10000000 user Mongo deletes
  8700000 / 10000000 user Mongo deletes
  8800000 / 10000000 user Mongo deletes
  8900000 / 10000000 user Mongo deletes
  9000000 / 10000000 user Mongo deletes
  9100000 / 10000000 user Mongo deletes
  9200000 / 10000000 user Mongo deletes
  9300000 / 10000000 user Mongo deletes
  9400000 / 10000000 user Mongo deletes
  9500000 / 10000000 user Mongo deletes
  9600000 / 10000000 user Mongo deletes
  9700000 / 10000000 user Mongo deletes
  9800000 / 10000000 user Mongo deletes
  9900000 / 10000000 user Mongo deletes
  10000000 / 10000000 user Mongo deletes

--- user Redis sets ---
  100000 / 10000000 user Redis sets
  200000 / 10000000 user Redis sets
  300000 / 10000000 user Redis sets
  400000 / 10000000 user Redis sets
  500000 / 10000000 user Redis sets
  600000 / 10000000 user Redis sets
  700000 / 10000000 user Redis sets
  800000 / 10000000 user Redis sets
  900000 / 10000000 user Redis sets
  1000000 / 10000000 user Redis sets
  1100000 / 10000000 user Redis sets
  1200000 / 10000000 user Redis sets
  1300000 / 10000000 user Redis sets
  1400000 / 10000000 user Redis sets
  1500000 / 10000000 user Redis sets
  1600000 / 10000000 user Redis sets
  1700000 / 10000000 user Redis sets
  1800000 / 10000000 user Redis sets
  1900000 / 10000000 user Redis sets
  2000000 / 10000000 user Redis sets
  2100000 / 10000000 user Redis sets
  2200000 / 10000000 user Redis sets
  2300000 / 10000000 user Redis sets
  2400000 / 10000000 user Redis sets
  2500000 / 10000000 user Redis sets
  2600000 / 10000000 user Redis sets
  2700000 / 10000000 user Redis sets
  2800000 / 10000000 user Redis sets
  2900000 / 10000000 user Redis sets
  3000000 / 10000000 user Redis sets
  3100000 / 10000000 user Redis sets
  3200000 / 10000000 user Redis sets
  3300000 / 10000000 user Redis sets
  3400000 / 10000000 user Redis sets
  3500000 / 10000000 user Redis sets
  3600000 / 10000000 user Redis sets
  3700000 / 10000000 user Redis sets
  3800000 / 10000000 user Redis sets
  3900000 / 10000000 user Redis sets
  4000000 / 10000000 user Redis sets
  4100000 / 10000000 user Redis sets
  4200000 / 10000000 user Redis sets
  4300000 / 10000000 user Redis sets
  4400000 / 10000000 user Redis sets
  4500000 / 10000000 user Redis sets
  4600000 / 10000000 user Redis sets
  4700000 / 10000000 user Redis sets
  4800000 / 10000000 user Redis sets
  4900000 / 10000000 user Redis sets
  5000000 / 10000000 user Redis sets
  5100000 / 10000000 user Redis sets
  5200000 / 10000000 user Redis sets
  5300000 / 10000000 user Redis sets
  5400000 / 10000000 user Redis sets
  5500000 / 10000000 user Redis sets
  5600000 / 10000000 user Redis sets
  5700000 / 10000000 user Redis sets
  5800000 / 10000000 user Redis sets
  5900000 / 10000000 user Redis sets
  6000000 / 10000000 user Redis sets
  6100000 / 10000000 user Redis sets
  6200000 / 10000000 user Redis sets
  6300000 / 10000000 user Redis sets
  6400000 / 10000000 user Redis sets
  6500000 / 10000000 user Redis sets
  6600000 / 10000000 user Redis sets
  6700000 / 10000000 user Redis sets
  6800000 / 10000000 user Redis sets
  6900000 / 10000000 user Redis sets
  7000000 / 10000000 user Redis sets
  7100000 / 10000000 user Redis sets
  7200000 / 10000000 user Redis sets
  7300000 / 10000000 user Redis sets
  7400000 / 10000000 user Redis sets
  7500000 / 10000000 user Redis sets
  7600000 / 10000000 user Redis sets
  7700000 / 10000000 user Redis sets
  7800000 / 10000000 user Redis sets
  7900000 / 10000000 user Redis sets
  8000000 / 10000000 user Redis sets
  8100000 / 10000000 user Redis sets
  8200000 / 10000000 user Redis sets
  8300000 / 10000000 user Redis sets
  8400000 / 10000000 user Redis sets
  8500000 / 10000000 user Redis sets
  8600000 / 10000000 user Redis sets
  8700000 / 10000000 user Redis sets
  8800000 / 10000000 user Redis sets
  8900000 / 10000000 user Redis sets
  9000000 / 10000000 user Redis sets
  9100000 / 10000000 user Redis sets
  9200000 / 10000000 user Redis sets
  9300000 / 10000000 user Redis sets
  9400000 / 10000000 user Redis sets
  9500000 / 10000000 user Redis sets
  9600000 / 10000000 user Redis sets
  9700000 / 10000000 user Redis sets
  9800000 / 10000000 user Redis sets
  9900000 / 10000000 user Redis sets
  10000000 / 10000000 user Redis sets

--- user Redis gets ---
  100000 / 10000000 user Redis gets
  200000 / 10000000 user Redis gets
  300000 / 10000000 user Redis gets
  400000 / 10000000 user Redis gets
  500000 / 10000000 user Redis gets
  600000 / 10000000 user Redis gets
  700000 / 10000000 user Redis gets
  800000 / 10000000 user Redis gets
  900000 / 10000000 user Redis gets
  1000000 / 10000000 user Redis gets
  1100000 / 10000000 user Redis gets
  1200000 / 10000000 user Redis gets
  1300000 / 10000000 user Redis gets
  1400000 / 10000000 user Redis gets
  1500000 / 10000000 user Redis gets
  1600000 / 10000000 user Redis gets
  1700000 / 10000000 user Redis gets
  1800000 / 10000000 user Redis gets
  1900000 / 10000000 user Redis gets
  2000000 / 10000000 user Redis gets
  2100000 / 10000000 user Redis gets
  2200000 / 10000000 user Redis gets
  2300000 / 10000000 user Redis gets
  2400000 / 10000000 user Redis gets
  2500000 / 10000000 user Redis gets
  2600000 / 10000000 user Redis gets
  2700000 / 10000000 user Redis gets
  2800000 / 10000000 user Redis gets
  2900000 / 10000000 user Redis gets
  3000000 / 10000000 user Redis gets
  3100000 / 10000000 user Redis gets
  3200000 / 10000000 user Redis gets
  3300000 / 10000000 user Redis gets
  3400000 / 10000000 user Redis gets
  3500000 / 10000000 user Redis gets
  3600000 / 10000000 user Redis gets
  3700000 / 10000000 user Redis gets
  3800000 / 10000000 user Redis gets
  3900000 / 10000000 user Redis gets
  4000000 / 10000000 user Redis gets
  4100000 / 10000000 user Redis gets
  4200000 / 10000000 user Redis gets
  4300000 / 10000000 user Redis gets
  4400000 / 10000000 user Redis gets
  4500000 / 10000000 user Redis gets
  4600000 / 10000000 user Redis gets
  4700000 / 10000000 user Redis gets
  4800000 / 10000000 user Redis gets
  4900000 / 10000000 user Redis gets
  5000000 / 10000000 user Redis gets
  5100000 / 10000000 user Redis gets
  5200000 / 10000000 user Redis gets
  5300000 / 10000000 user Redis gets
  5400000 / 10000000 user Redis gets
  5500000 / 10000000 user Redis gets
  5600000 / 10000000 user Redis gets
  5700000 / 10000000 user Redis gets
  5800000 / 10000000 user Redis gets
  5900000 / 10000000 user Redis gets
  6000000 / 10000000 user Redis gets
  6100000 / 10000000 user Redis gets
  6200000 / 10000000 user Redis gets
  6300000 / 10000000 user Redis gets
  6400000 / 10000000 user Redis gets
  6500000 / 10000000 user Redis gets
  6600000 / 10000000 user Redis gets
  6700000 / 10000000 user Redis gets
  6800000 / 10000000 user Redis gets
  6900000 / 10000000 user Redis gets
  7000000 / 10000000 user Redis gets
  7100000 / 10000000 user Redis gets
  7200000 / 10000000 user Redis gets
  7300000 / 10000000 user Redis gets
  7400000 / 10000000 user Redis gets
  7500000 / 10000000 user Redis gets
  7600000 / 10000000 user Redis gets
  7700000 / 10000000 user Redis gets
  7800000 / 10000000 user Redis gets
  7900000 / 10000000 user Redis gets
  8000000 / 10000000 user Redis gets
  8100000 / 10000000 user Redis gets
  8200000 / 10000000 user Redis gets
  8300000 / 10000000 user Redis gets
  8400000 / 10000000 user Redis gets
  8500000 / 10000000 user Redis gets
  8600000 / 10000000 user Redis gets
  8700000 / 10000000 user Redis gets
  8800000 / 10000000 user Redis gets
  8900000 / 10000000 user Redis gets
  9000000 / 10000000 user Redis gets
  9100000 / 10000000 user Redis gets
  9200000 / 10000000 user Redis gets
  9300000 / 10000000 user Redis gets
  9400000 / 10000000 user Redis gets
  9500000 / 10000000 user Redis gets
  9600000 / 10000000 user Redis gets
  9700000 / 10000000 user Redis gets
  9800000 / 10000000 user Redis gets
  9900000 / 10000000 user Redis gets
  10000000 / 10000000 user Redis gets

--- user Redis updates ---
  100000 / 10000000 user Redis updates
  200000 / 10000000 user Redis updates
  300000 / 10000000 user Redis updates
  400000 / 10000000 user Redis updates
  500000 / 10000000 user Redis updates
  600000 / 10000000 user Redis updates
  700000 / 10000000 user Redis updates
  800000 / 10000000 user Redis updates
  900000 / 10000000 user Redis updates
  1000000 / 10000000 user Redis updates
  1100000 / 10000000 user Redis updates
  1200000 / 10000000 user Redis updates
  1300000 / 10000000 user Redis updates
  1400000 / 10000000 user Redis updates
  1500000 / 10000000 user Redis updates
  1600000 / 10000000 user Redis updates
  1700000 / 10000000 user Redis updates
  1800000 / 10000000 user Redis updates
  1900000 / 10000000 user Redis updates
  2000000 / 10000000 user Redis updates
  2100000 / 10000000 user Redis updates
  2200000 / 10000000 user Redis updates
  2300000 / 10000000 user Redis updates
  2400000 / 10000000 user Redis updates
  2500000 / 10000000 user Redis updates
  2600000 / 10000000 user Redis updates
  2700000 / 10000000 user Redis updates
  2800000 / 10000000 user Redis updates
  2900000 / 10000000 user Redis updates
  3000000 / 10000000 user Redis updates
  3100000 / 10000000 user Redis updates
  3200000 / 10000000 user Redis updates
  3300000 / 10000000 user Redis updates
  3400000 / 10000000 user Redis updates
  3500000 / 10000000 user Redis updates
  3600000 / 10000000 user Redis updates
  3700000 / 10000000 user Redis updates
  3800000 / 10000000 user Redis updates
  3900000 / 10000000 user Redis updates
  4000000 / 10000000 user Redis updates
  4100000 / 10000000 user Redis updates
  4200000 / 10000000 user Redis updates
  4300000 / 10000000 user Redis updates
  4400000 / 10000000 user Redis updates
  4500000 / 10000000 user Redis updates
  4600000 / 10000000 user Redis updates
  4700000 / 10000000 user Redis updates
  4800000 / 10000000 user Redis updates
  4900000 / 10000000 user Redis updates
  5000000 / 10000000 user Redis updates
  5100000 / 10000000 user Redis updates
  5200000 / 10000000 user Redis updates
  5300000 / 10000000 user Redis updates
  5400000 / 10000000 user Redis updates
  5500000 / 10000000 user Redis updates
  5600000 / 10000000 user Redis updates
  5700000 / 10000000 user Redis updates
  5800000 / 10000000 user Redis updates
  5900000 / 10000000 user Redis updates
  6000000 / 10000000 user Redis updates
  6100000 / 10000000 user Redis updates
  6200000 / 10000000 user Redis updates
  6300000 / 10000000 user Redis updates
  6400000 / 10000000 user Redis updates
  6500000 / 10000000 user Redis updates
  6600000 / 10000000 user Redis updates
  6700000 / 10000000 user Redis updates
  6800000 / 10000000 user Redis updates
  6900000 / 10000000 user Redis updates
  7000000 / 10000000 user Redis updates
  7100000 / 10000000 user Redis updates
  7200000 / 10000000 user Redis updates
  7300000 / 10000000 user Redis updates
  7400000 / 10000000 user Redis updates
  7500000 / 10000000 user Redis updates
  7600000 / 10000000 user Redis updates
  7700000 / 10000000 user Redis updates
  7800000 / 10000000 user Redis updates
  7900000 / 10000000 user Redis updates
  8000000 / 10000000 user Redis updates
  8100000 / 10000000 user Redis updates
  8200000 / 10000000 user Redis updates
  8300000 / 10000000 user Redis updates
  8400000 / 10000000 user Redis updates
  8500000 / 10000000 user Redis updates
  8600000 / 10000000 user Redis updates
  8700000 / 10000000 user Redis updates
  8800000 / 10000000 user Redis updates
  8900000 / 10000000 user Redis updates
  9000000 / 10000000 user Redis updates
  9100000 / 10000000 user Redis updates
  9200000 / 10000000 user Redis updates
  9300000 / 10000000 user Redis updates
  9400000 / 10000000 user Redis updates
  9500000 / 10000000 user Redis updates
  9600000 / 10000000 user Redis updates
  9700000 / 10000000 user Redis updates
  9800000 / 10000000 user Redis updates
  9900000 / 10000000 user Redis updates
  10000000 / 10000000 user Redis updates

--- user Redis deletes ---
  100000 / 10000000 user Redis deletes
  200000 / 10000000 user Redis deletes
  300000 / 10000000 user Redis deletes
  400000 / 10000000 user Redis deletes
  500000 / 10000000 user Redis deletes
  600000 / 10000000 user Redis deletes
  700000 / 10000000 user Redis deletes
  800000 / 10000000 user Redis deletes
  900000 / 10000000 user Redis deletes
  1000000 / 10000000 user Redis deletes
  1100000 / 10000000 user Redis deletes
  1200000 / 10000000 user Redis deletes
  1300000 / 10000000 user Redis deletes
  1400000 / 10000000 user Redis deletes
  1500000 / 10000000 user Redis deletes
  1600000 / 10000000 user Redis deletes
  1700000 / 10000000 user Redis deletes
  1800000 / 10000000 user Redis deletes
  1900000 / 10000000 user Redis deletes
  2000000 / 10000000 user Redis deletes
  2100000 / 10000000 user Redis deletes
  2200000 / 10000000 user Redis deletes
  2300000 / 10000000 user Redis deletes
  2400000 / 10000000 user Redis deletes
  2500000 / 10000000 user Redis deletes
  2600000 / 10000000 user Redis deletes
  2700000 / 10000000 user Redis deletes
  2800000 / 10000000 user Redis deletes
  2900000 / 10000000 user Redis deletes
  3000000 / 10000000 user Redis deletes
  3100000 / 10000000 user Redis deletes
  3200000 / 10000000 user Redis deletes
  3300000 / 10000000 user Redis deletes
  3400000 / 10000000 user Redis deletes
  3500000 / 10000000 user Redis deletes
  3600000 / 10000000 user Redis deletes
  3700000 / 10000000 user Redis deletes
  3800000 / 10000000 user Redis deletes
  3900000 / 10000000 user Redis deletes
  4000000 / 10000000 user Redis deletes
  4100000 / 10000000 user Redis deletes
  4200000 / 10000000 user Redis deletes
  4300000 / 10000000 user Redis deletes
  4400000 / 10000000 user Redis deletes
  4500000 / 10000000 user Redis deletes
  4600000 / 10000000 user Redis deletes
  4700000 / 10000000 user Redis deletes
  4800000 / 10000000 user Redis deletes
  4900000 / 10000000 user Redis deletes
  5000000 / 10000000 user Redis deletes
  5100000 / 10000000 user Redis deletes
  5200000 / 10000000 user Redis deletes
  5300000 / 10000000 user Redis deletes
  5400000 / 10000000 user Redis deletes
  5500000 / 10000000 user Redis deletes
  5600000 / 10000000 user Redis deletes
  5700000 / 10000000 user Redis deletes
  5800000 / 10000000 user Redis deletes
  5900000 / 10000000 user Redis deletes
  6000000 / 10000000 user Redis deletes
  6100000 / 10000000 user Redis deletes
  6200000 / 10000000 user Redis deletes
  6300000 / 10000000 user Redis deletes
  6400000 / 10000000 user Redis deletes
  6500000 / 10000000 user Redis deletes
  6600000 / 10000000 user Redis deletes
  6700000 / 10000000 user Redis deletes
  6800000 / 10000000 user Redis deletes
  6900000 / 10000000 user Redis deletes
  7000000 / 10000000 user Redis deletes
  7100000 / 10000000 user Redis deletes
  7200000 / 10000000 user Redis deletes
  7300000 / 10000000 user Redis deletes
  7400000 / 10000000 user Redis deletes
  7500000 / 10000000 user Redis deletes
  7600000 / 10000000 user Redis deletes
  7700000 / 10000000 user Redis deletes
  7800000 / 10000000 user Redis deletes
  7900000 / 10000000 user Redis deletes
  8000000 / 10000000 user Redis deletes
  8100000 / 10000000 user Redis deletes
  8200000 / 10000000 user Redis deletes
  8300000 / 10000000 user Redis deletes
  8400000 / 10000000 user Redis deletes
  8500000 / 10000000 user Redis deletes
  8600000 / 10000000 user Redis deletes
  8700000 / 10000000 user Redis deletes
  8800000 / 10000000 user Redis deletes
  8900000 / 10000000 user Redis deletes
  9000000 / 10000000 user Redis deletes
  9100000 / 10000000 user Redis deletes
  9200000 / 10000000 user Redis deletes
  9300000 / 10000000 user Redis deletes
  9400000 / 10000000 user Redis deletes
  9500000 / 10000000 user Redis deletes
  9600000 / 10000000 user Redis deletes
  9700000 / 10000000 user Redis deletes
  9800000 / 10000000 user Redis deletes
  9900000 / 10000000 user Redis deletes
  10000000 / 10000000 user Redis deletes

--- address SQL inserts ---
  100000 / 10000000 address SQL inserts
  200000 / 10000000 address SQL inserts
  300000 / 10000000 address SQL inserts
  400000 / 10000000 address SQL inserts
  500000 / 10000000 address SQL inserts
  600000 / 10000000 address SQL inserts
  700000 / 10000000 address SQL inserts
  800000 / 10000000 address SQL inserts
  900000 / 10000000 address SQL inserts
  1000000 / 10000000 address SQL inserts
  1100000 / 10000000 address SQL inserts
  1200000 / 10000000 address SQL inserts
  1300000 / 10000000 address SQL inserts
  1400000 / 10000000 address SQL inserts
  1500000 / 10000000 address SQL inserts
  1600000 / 10000000 address SQL inserts
  1700000 / 10000000 address SQL inserts
  1800000 / 10000000 address SQL inserts
  1900000 / 10000000 address SQL inserts
  2000000 / 10000000 address SQL inserts
  2100000 / 10000000 address SQL inserts
  2200000 / 10000000 address SQL inserts
  2300000 / 10000000 address SQL inserts
  2400000 / 10000000 address SQL inserts
  2500000 / 10000000 address SQL inserts
  2600000 / 10000000 address SQL inserts
  2700000 / 10000000 address SQL inserts
  2800000 / 10000000 address SQL inserts
  2900000 / 10000000 address SQL inserts
  3000000 / 10000000 address SQL inserts
  3100000 / 10000000 address SQL inserts
  3200000 / 10000000 address SQL inserts
  3300000 / 10000000 address SQL inserts
  3400000 / 10000000 address SQL inserts
  3500000 / 10000000 address SQL inserts
  3600000 / 10000000 address SQL inserts
  3700000 / 10000000 address SQL inserts
  3800000 / 10000000 address SQL inserts
  3900000 / 10000000 address SQL inserts
  4000000 / 10000000 address SQL inserts
  4100000 / 10000000 address SQL inserts
  4200000 / 10000000 address SQL inserts
  4300000 / 10000000 address SQL inserts
  4400000 / 10000000 address SQL inserts
  4500000 / 10000000 address SQL inserts
  4600000 / 10000000 address SQL inserts
  4700000 / 10000000 address SQL inserts
  4800000 / 10000000 address SQL inserts
  4900000 / 10000000 address SQL inserts
  5000000 / 10000000 address SQL inserts
  5100000 / 10000000 address SQL inserts
  5200000 / 10000000 address SQL inserts
  5300000 / 10000000 address SQL inserts
  5400000 / 10000000 address SQL inserts
  5500000 / 10000000 address SQL inserts
  5600000 / 10000000 address SQL inserts
  5700000 / 10000000 address SQL inserts
  5800000 / 10000000 address SQL inserts
  5900000 / 10000000 address SQL inserts
  6000000 / 10000000 address SQL inserts
  6100000 / 10000000 address SQL inserts
  6200000 / 10000000 address SQL inserts
  6300000 / 10000000 address SQL inserts
  6400000 / 10000000 address SQL inserts
  6500000 / 10000000 address SQL inserts
  6600000 / 10000000 address SQL inserts
  6700000 / 10000000 address SQL inserts
  6800000 / 10000000 address SQL inserts
  6900000 / 10000000 address SQL inserts
  7000000 / 10000000 address SQL inserts
  7100000 / 10000000 address SQL inserts
  7200000 / 10000000 address SQL inserts
  7300000 / 10000000 address SQL inserts
  7400000 / 10000000 address SQL inserts
  7500000 / 10000000 address SQL inserts
  7600000 / 10000000 address SQL inserts
  7700000 / 10000000 address SQL inserts
  7800000 / 10000000 address SQL inserts
  7900000 / 10000000 address SQL inserts
  8000000 / 10000000 address SQL inserts
  8100000 / 10000000 address SQL inserts
  8200000 / 10000000 address SQL inserts
  8300000 / 10000000 address SQL inserts
  8400000 / 10000000 address SQL inserts
  8500000 / 10000000 address SQL inserts
  8600000 / 10000000 address SQL inserts
  8700000 / 10000000 address SQL inserts
  8800000 / 10000000 address SQL inserts
  8900000 / 10000000 address SQL inserts
  9000000 / 10000000 address SQL inserts
  9100000 / 10000000 address SQL inserts
  9200000 / 10000000 address SQL inserts
  9300000 / 10000000 address SQL inserts
  9400000 / 10000000 address SQL inserts
  9500000 / 10000000 address SQL inserts
  9600000 / 10000000 address SQL inserts
  9700000 / 10000000 address SQL inserts
  9800000 / 10000000 address SQL inserts
  9900000 / 10000000 address SQL inserts
  10000000 / 10000000 address SQL inserts

--- address SQL selects ---
  100000 / 10000000 address SQL selects
  200000 / 10000000 address SQL selects
  300000 / 10000000 address SQL selects
  400000 / 10000000 address SQL selects
  500000 / 10000000 address SQL selects
  600000 / 10000000 address SQL selects
  700000 / 10000000 address SQL selects
  800000 / 10000000 address SQL selects
  900000 / 10000000 address SQL selects
  1000000 / 10000000 address SQL selects
  1100000 / 10000000 address SQL selects
  1200000 / 10000000 address SQL selects
  1300000 / 10000000 address SQL selects
  1400000 / 10000000 address SQL selects
  1500000 / 10000000 address SQL selects
  1600000 / 10000000 address SQL selects
  1700000 / 10000000 address SQL selects
  1800000 / 10000000 address SQL selects
  1900000 / 10000000 address SQL selects
  2000000 / 10000000 address SQL selects
  2100000 / 10000000 address SQL selects
  2200000 / 10000000 address SQL selects
  2300000 / 10000000 address SQL selects
  2400000 / 10000000 address SQL selects
  2500000 / 10000000 address SQL selects
  2600000 / 10000000 address SQL selects
  2700000 / 10000000 address SQL selects
  2800000 / 10000000 address SQL selects
  2900000 / 10000000 address SQL selects
  3000000 / 10000000 address SQL selects
  3100000 / 10000000 address SQL selects
  3200000 / 10000000 address SQL selects
  3300000 / 10000000 address SQL selects
  3400000 / 10000000 address SQL selects
  3500000 / 10000000 address SQL selects
  3600000 / 10000000 address SQL selects
  3700000 / 10000000 address SQL selects
  3800000 / 10000000 address SQL selects
  3900000 / 10000000 address SQL selects
  4000000 / 10000000 address SQL selects
  4100000 / 10000000 address SQL selects
  4200000 / 10000000 address SQL selects
  4300000 / 10000000 address SQL selects
  4400000 / 10000000 address SQL selects
  4500000 / 10000000 address SQL selects
  4600000 / 10000000 address SQL selects
  4700000 / 10000000 address SQL selects
  4800000 / 10000000 address SQL selects
  4900000 / 10000000 address SQL selects
  5000000 / 10000000 address SQL selects
  5100000 / 10000000 address SQL selects
  5200000 / 10000000 address SQL selects
  5300000 / 10000000 address SQL selects
  5400000 / 10000000 address SQL selects
  5500000 / 10000000 address SQL selects
  5600000 / 10000000 address SQL selects
  5700000 / 10000000 address SQL selects
  5800000 / 10000000 address SQL selects
  5900000 / 10000000 address SQL selects
  6000000 / 10000000 address SQL selects
  6100000 / 10000000 address SQL selects
  6200000 / 10000000 address SQL selects
  6300000 / 10000000 address SQL selects
  6400000 / 10000000 address SQL selects
  6500000 / 10000000 address SQL selects
  6600000 / 10000000 address SQL selects
  6700000 / 10000000 address SQL selects
  6800000 / 10000000 address SQL selects
  6900000 / 10000000 address SQL selects
  7000000 / 10000000 address SQL selects
  7100000 / 10000000 address SQL selects
  7200000 / 10000000 address SQL selects
  7300000 / 10000000 address SQL selects
  7400000 / 10000000 address SQL selects
  7500000 / 10000000 address SQL selects
  7600000 / 10000000 address SQL selects
  7700000 / 10000000 address SQL selects
  7800000 / 10000000 address SQL selects
  7900000 / 10000000 address SQL selects
  8000000 / 10000000 address SQL selects
  8100000 / 10000000 address SQL selects
  8200000 / 10000000 address SQL selects
  8300000 / 10000000 address SQL selects
  8400000 / 10000000 address SQL selects
  8500000 / 10000000 address SQL selects
  8600000 / 10000000 address SQL selects
  8700000 / 10000000 address SQL selects
  8800000 / 10000000 address SQL selects
  8900000 / 10000000 address SQL selects
  9000000 / 10000000 address SQL selects
  9100000 / 10000000 address SQL selects
  9200000 / 10000000 address SQL selects
  9300000 / 10000000 address SQL selects
  9400000 / 10000000 address SQL selects
  9500000 / 10000000 address SQL selects
  9600000 / 10000000 address SQL selects
  9700000 / 10000000 address SQL selects
  9800000 / 10000000 address SQL selects
  9900000 / 10000000 address SQL selects
  10000000 / 10000000 address SQL selects

--- address SQL updates ---
  100000 / 10000000 address SQL updates
  200000 / 10000000 address SQL updates
  300000 / 10000000 address SQL updates
  400000 / 10000000 address SQL updates
  500000 / 10000000 address SQL updates
  600000 / 10000000 address SQL updates
  700000 / 10000000 address SQL updates
  800000 / 10000000 address SQL updates
  900000 / 10000000 address SQL updates
  1000000 / 10000000 address SQL updates
  1100000 / 10000000 address SQL updates
  1200000 / 10000000 address SQL updates
  1300000 / 10000000 address SQL updates
  1400000 / 10000000 address SQL updates
  1500000 / 10000000 address SQL updates
  1600000 / 10000000 address SQL updates
  1700000 / 10000000 address SQL updates
  1800000 / 10000000 address SQL updates
  1900000 / 10000000 address SQL updates
  2000000 / 10000000 address SQL updates
  2100000 / 10000000 address SQL updates
  2200000 / 10000000 address SQL updates
  2300000 / 10000000 address SQL updates
  2400000 / 10000000 address SQL updates
  2500000 / 10000000 address SQL updates
  2600000 / 10000000 address SQL updates
  2700000 / 10000000 address SQL updates
  2800000 / 10000000 address SQL updates
  2900000 / 10000000 address SQL updates
  3000000 / 10000000 address SQL updates
  3100000 / 10000000 address SQL updates
  3200000 / 10000000 address SQL updates
  3300000 / 10000000 address SQL updates
  3400000 / 10000000 address SQL updates
  3500000 / 10000000 address SQL updates
  3600000 / 10000000 address SQL updates
  3700000 / 10000000 address SQL updates
  3800000 / 10000000 address SQL updates
  3900000 / 10000000 address SQL updates
  4000000 / 10000000 address SQL updates
  4100000 / 10000000 address SQL updates
  4200000 / 10000000 address SQL updates
  4300000 / 10000000 address SQL updates
  4400000 / 10000000 address SQL updates
  4500000 / 10000000 address SQL updates
  4600000 / 10000000 address SQL updates
  4700000 / 10000000 address SQL updates
  4800000 / 10000000 address SQL updates
  4900000 / 10000000 address SQL updates
  5000000 / 10000000 address SQL updates
  5100000 / 10000000 address SQL updates
  5200000 / 10000000 address SQL updates
  5300000 / 10000000 address SQL updates
  5400000 / 10000000 address SQL updates
  5500000 / 10000000 address SQL updates
  5600000 / 10000000 address SQL updates
  5700000 / 10000000 address SQL updates
  5800000 / 10000000 address SQL updates
  5900000 / 10000000 address SQL updates
  6000000 / 10000000 address SQL updates
  6100000 / 10000000 address SQL updates
  6200000 / 10000000 address SQL updates
  6300000 / 10000000 address SQL updates
  6400000 / 10000000 address SQL updates
  6500000 / 10000000 address SQL updates
  6600000 / 10000000 address SQL updates
  6700000 / 10000000 address SQL updates
  6800000 / 10000000 address SQL updates
  6900000 / 10000000 address SQL updates
  7000000 / 10000000 address SQL updates
  7100000 / 10000000 address SQL updates
  7200000 / 10000000 address SQL updates
  7300000 / 10000000 address SQL updates
  7400000 / 10000000 address SQL updates
  7500000 / 10000000 address SQL updates
  7600000 / 10000000 address SQL updates
  7700000 / 10000000 address SQL updates
  7800000 / 10000000 address SQL updates
  7900000 / 10000000 address SQL updates
  8000000 / 10000000 address SQL updates
  8100000 / 10000000 address SQL updates
  8200000 / 10000000 address SQL updates
  8300000 / 10000000 address SQL updates
  8400000 / 10000000 address SQL updates
  8500000 / 10000000 address SQL updates
  8600000 / 10000000 address SQL updates
  8700000 / 10000000 address SQL updates
  8800000 / 10000000 address SQL updates
  8900000 / 10000000 address SQL updates
  9000000 / 10000000 address SQL updates
  9100000 / 10000000 address SQL updates
  9200000 / 10000000 address SQL updates
  9300000 / 10000000 address SQL updates
  9400000 / 10000000 address SQL updates
  9500000 / 10000000 address SQL updates
  9600000 / 10000000 address SQL updates
  9700000 / 10000000 address SQL updates
  9800000 / 10000000 address SQL updates
  9900000 / 10000000 address SQL updates
  10000000 / 10000000 address SQL updates

--- address SQL deletes ---
  100000 / 10000000 address SQL deletes
  200000 / 10000000 address SQL deletes
  300000 / 10000000 address SQL deletes
  400000 / 10000000 address SQL deletes
  500000 / 10000000 address SQL deletes
  600000 / 10000000 address SQL deletes
  700000 / 10000000 address SQL deletes
  800000 / 10000000 address SQL deletes
  900000 / 10000000 address SQL deletes
  1000000 / 10000000 address SQL deletes
  1100000 / 10000000 address SQL deletes
  1200000 / 10000000 address SQL deletes
  1300000 / 10000000 address SQL deletes
  1400000 / 10000000 address SQL deletes
  1500000 / 10000000 address SQL deletes
  1600000 / 10000000 address SQL deletes
  1700000 / 10000000 address SQL deletes
  1800000 / 10000000 address SQL deletes
  1900000 / 10000000 address SQL deletes
  2000000 / 10000000 address SQL deletes
  2100000 / 10000000 address SQL deletes
  2200000 / 10000000 address SQL deletes
  2300000 / 10000000 address SQL deletes
  2400000 / 10000000 address SQL deletes
  2500000 / 10000000 address SQL deletes
  2600000 / 10000000 address SQL deletes
  2700000 / 10000000 address SQL deletes
  2800000 / 10000000 address SQL deletes
  2900000 / 10000000 address SQL deletes
  3000000 / 10000000 address SQL deletes
  3100000 / 10000000 address SQL deletes
  3200000 / 10000000 address SQL deletes
  3300000 / 10000000 address SQL deletes
  3400000 / 10000000 address SQL deletes
  3500000 / 10000000 address SQL deletes
  3600000 / 10000000 address SQL deletes
  3700000 / 10000000 address SQL deletes
  3800000 / 10000000 address SQL deletes
  3900000 / 10000000 address SQL deletes
  4000000 / 10000000 address SQL deletes
  4100000 / 10000000 address SQL deletes
  4200000 / 10000000 address SQL deletes
  4300000 / 10000000 address SQL deletes
  4400000 / 10000000 address SQL deletes
  4500000 / 10000000 address SQL deletes
  4600000 / 10000000 address SQL deletes
  4700000 / 10000000 address SQL deletes
  4800000 / 10000000 address SQL deletes
  4900000 / 10000000 address SQL deletes
  5000000 / 10000000 address SQL deletes
  5100000 / 10000000 address SQL deletes
  5200000 / 10000000 address SQL deletes
  5300000 / 10000000 address SQL deletes
  5400000 / 10000000 address SQL deletes
  5500000 / 10000000 address SQL deletes
  5600000 / 10000000 address SQL deletes
  5700000 / 10000000 address SQL deletes
  5800000 / 10000000 address SQL deletes
  5900000 / 10000000 address SQL deletes
  6000000 / 10000000 address SQL deletes
  6100000 / 10000000 address SQL deletes
  6200000 / 10000000 address SQL deletes
  6300000 / 10000000 address SQL deletes
  6400000 / 10000000 address SQL deletes
  6500000 / 10000000 address SQL deletes
  6600000 / 10000000 address SQL deletes
  6700000 / 10000000 address SQL deletes
  6800000 / 10000000 address SQL deletes
  6900000 / 10000000 address SQL deletes
  7000000 / 10000000 address SQL deletes
  7100000 / 10000000 address SQL deletes
  7200000 / 10000000 address SQL deletes
  7300000 / 10000000 address SQL deletes
  7400000 / 10000000 address SQL deletes
  7500000 / 10000000 address SQL deletes
  7600000 / 10000000 address SQL deletes
  7700000 / 10000000 address SQL deletes
  7800000 / 10000000 address SQL deletes
  7900000 / 10000000 address SQL deletes
  8000000 / 10000000 address SQL deletes
  8100000 / 10000000 address SQL deletes
  8200000 / 10000000 address SQL deletes
  8300000 / 10000000 address SQL deletes
  8400000 / 10000000 address SQL deletes
  8500000 / 10000000 address SQL deletes
  8600000 / 10000000 address SQL deletes
  8700000 / 10000000 address SQL deletes
  8800000 / 10000000 address SQL deletes
  8900000 / 10000000 address SQL deletes
  9000000 / 10000000 address SQL deletes
  9100000 / 10000000 address SQL deletes
  9200000 / 10000000 address SQL deletes
  9300000 / 10000000 address SQL deletes
  9400000 / 10000000 address SQL deletes
  9500000 / 10000000 address SQL deletes
  9600000 / 10000000 address SQL deletes
  9700000 / 10000000 address SQL deletes
  9800000 / 10000000 address SQL deletes
  9900000 / 10000000 address SQL deletes
  10000000 / 10000000 address SQL deletes

--- address Mongo inserts ---
  100000 / 10000000 address Mongo inserts
  200000 / 10000000 address Mongo inserts
  300000 / 10000000 address Mongo inserts
  400000 / 10000000 address Mongo inserts
  500000 / 10000000 address Mongo inserts
  600000 / 10000000 address Mongo inserts
  700000 / 10000000 address Mongo inserts
  800000 / 10000000 address Mongo inserts
  900000 / 10000000 address Mongo inserts
  1000000 / 10000000 address Mongo inserts
  1100000 / 10000000 address Mongo inserts
  1200000 / 10000000 address Mongo inserts
  1300000 / 10000000 address Mongo inserts
  1400000 / 10000000 address Mongo inserts
  1500000 / 10000000 address Mongo inserts
  1600000 / 10000000 address Mongo inserts
  1700000 / 10000000 address Mongo inserts
  1800000 / 10000000 address Mongo inserts
  1900000 / 10000000 address Mongo inserts
  2000000 / 10000000 address Mongo inserts
  2100000 / 10000000 address Mongo inserts
  2200000 / 10000000 address Mongo inserts
  2300000 / 10000000 address Mongo inserts
  2400000 / 10000000 address Mongo inserts
  2500000 / 10000000 address Mongo inserts
  2600000 / 10000000 address Mongo inserts
  2700000 / 10000000 address Mongo inserts
  2800000 / 10000000 address Mongo inserts
  2900000 / 10000000 address Mongo inserts
  3000000 / 10000000 address Mongo inserts
  3100000 / 10000000 address Mongo inserts
  3200000 / 10000000 address Mongo inserts
  3300000 / 10000000 address Mongo inserts
  3400000 / 10000000 address Mongo inserts
  3500000 / 10000000 address Mongo inserts
  3600000 / 10000000 address Mongo inserts
  3700000 / 10000000 address Mongo inserts
  3800000 / 10000000 address Mongo inserts
  3900000 / 10000000 address Mongo inserts
  4000000 / 10000000 address Mongo inserts
  4100000 / 10000000 address Mongo inserts
  4200000 / 10000000 address Mongo inserts
  4300000 / 10000000 address Mongo inserts
  4400000 / 10000000 address Mongo inserts
  4500000 / 10000000 address Mongo inserts
  4600000 / 10000000 address Mongo inserts
  4700000 / 10000000 address Mongo inserts
  4800000 / 10000000 address Mongo inserts
  4900000 / 10000000 address Mongo inserts
  5000000 / 10000000 address Mongo inserts
  5100000 / 10000000 address Mongo inserts
  5200000 / 10000000 address Mongo inserts
  5300000 / 10000000 address Mongo inserts
  5400000 / 10000000 address Mongo inserts
  5500000 / 10000000 address Mongo inserts
  5600000 / 10000000 address Mongo inserts
  5700000 / 10000000 address Mongo inserts
  5800000 / 10000000 address Mongo inserts
  5900000 / 10000000 address Mongo inserts
  6000000 / 10000000 address Mongo inserts
  6100000 / 10000000 address Mongo inserts
  6200000 / 10000000 address Mongo inserts
  6300000 / 10000000 address Mongo inserts
  6400000 / 10000000 address Mongo inserts
  6500000 / 10000000 address Mongo inserts
  6600000 / 10000000 address Mongo inserts
  6700000 / 10000000 address Mongo inserts
  6800000 / 10000000 address Mongo inserts
  6900000 / 10000000 address Mongo inserts
  7000000 / 10000000 address Mongo inserts
  7100000 / 10000000 address Mongo inserts
  7200000 / 10000000 address Mongo inserts
  7300000 / 10000000 address Mongo inserts
  7400000 / 10000000 address Mongo inserts
  7500000 / 10000000 address Mongo inserts
  7600000 / 10000000 address Mongo inserts
  7700000 / 10000000 address Mongo inserts
  7800000 / 10000000 address Mongo inserts
  7900000 / 10000000 address Mongo inserts
  8000000 / 10000000 address Mongo inserts
  8100000 / 10000000 address Mongo inserts
  8200000 / 10000000 address Mongo inserts
  8300000 / 10000000 address Mongo inserts
  8400000 / 10000000 address Mongo inserts
  8500000 / 10000000 address Mongo inserts
  8600000 / 10000000 address Mongo inserts
  8700000 / 10000000 address Mongo inserts
  8800000 / 10000000 address Mongo inserts
  8900000 / 10000000 address Mongo inserts
  9000000 / 10000000 address Mongo inserts
  9100000 / 10000000 address Mongo inserts
  9200000 / 10000000 address Mongo inserts
  9300000 / 10000000 address Mongo inserts
  9400000 / 10000000 address Mongo inserts
  9500000 / 10000000 address Mongo inserts
  9600000 / 10000000 address Mongo inserts
  9700000 / 10000000 address Mongo inserts
  9800000 / 10000000 address Mongo inserts
  9900000 / 10000000 address Mongo inserts
  10000000 / 10000000 address Mongo inserts

--- address Redis sets ---
  100000 / 10000000 address Redis sets
  200000 / 10000000 address Redis sets
  300000 / 10000000 address Redis sets
  400000 / 10000000 address Redis sets
  500000 / 10000000 address Redis sets
  600000 / 10000000 address Redis sets
  700000 / 10000000 address Redis sets
  800000 / 10000000 address Redis sets
  900000 / 10000000 address Redis sets
  1000000 / 10000000 address Redis sets
  1100000 / 10000000 address Redis sets
  1200000 / 10000000 address Redis sets
  1300000 / 10000000 address Redis sets
  1400000 / 10000000 address Redis sets
  1500000 / 10000000 address Redis sets
  1600000 / 10000000 address Redis sets
  1700000 / 10000000 address Redis sets
  1800000 / 10000000 address Redis sets
  1900000 / 10000000 address Redis sets
  2000000 / 10000000 address Redis sets
  2100000 / 10000000 address Redis sets
  2200000 / 10000000 address Redis sets
  2300000 / 10000000 address Redis sets
  2400000 / 10000000 address Redis sets
  2500000 / 10000000 address Redis sets
  2600000 / 10000000 address Redis sets
  2700000 / 10000000 address Redis sets
  2800000 / 10000000 address Redis sets
  2900000 / 10000000 address Redis sets
  3000000 / 10000000 address Redis sets
  3100000 / 10000000 address Redis sets
  3200000 / 10000000 address Redis sets
  3300000 / 10000000 address Redis sets
  3400000 / 10000000 address Redis sets
  3500000 / 10000000 address Redis sets
  3600000 / 10000000 address Redis sets
  3700000 / 10000000 address Redis sets
  3800000 / 10000000 address Redis sets
  3900000 / 10000000 address Redis sets
  4000000 / 10000000 address Redis sets
  4100000 / 10000000 address Redis sets
  4200000 / 10000000 address Redis sets
  4300000 / 10000000 address Redis sets
  4400000 / 10000000 address Redis sets
  4500000 / 10000000 address Redis sets
  4600000 / 10000000 address Redis sets
  4700000 / 10000000 address Redis sets
  4800000 / 10000000 address Redis sets
  4900000 / 10000000 address Redis sets
  5000000 / 10000000 address Redis sets
  5100000 / 10000000 address Redis sets
  5200000 / 10000000 address Redis sets
  5300000 / 10000000 address Redis sets
  5400000 / 10000000 address Redis sets
  5500000 / 10000000 address Redis sets
  5600000 / 10000000 address Redis sets
  5700000 / 10000000 address Redis sets
  5800000 / 10000000 address Redis sets
  5900000 / 10000000 address Redis sets
  6000000 / 10000000 address Redis sets
  6100000 / 10000000 address Redis sets
  6200000 / 10000000 address Redis sets
  6300000 / 10000000 address Redis sets
  6400000 / 10000000 address Redis sets
  6500000 / 10000000 address Redis sets
  6600000 / 10000000 address Redis sets
  6700000 / 10000000 address Redis sets
  6800000 / 10000000 address Redis sets
  6900000 / 10000000 address Redis sets
  7000000 / 10000000 address Redis sets
  7100000 / 10000000 address Redis sets
  7200000 / 10000000 address Redis sets
  7300000 / 10000000 address Redis sets
  7400000 / 10000000 address Redis sets
  7500000 / 10000000 address Redis sets
  7600000 / 10000000 address Redis sets
  7700000 / 10000000 address Redis sets
  7800000 / 10000000 address Redis sets
  7900000 / 10000000 address Redis sets
  8000000 / 10000000 address Redis sets
  8100000 / 10000000 address Redis sets
  8200000 / 10000000 address Redis sets
  8300000 / 10000000 address Redis sets
  8400000 / 10000000 address Redis sets
  8500000 / 10000000 address Redis sets
  8600000 / 10000000 address Redis sets
  8700000 / 10000000 address Redis sets
  8800000 / 10000000 address Redis sets
  8900000 / 10000000 address Redis sets
  9000000 / 10000000 address Redis sets
  9100000 / 10000000 address Redis sets
  9200000 / 10000000 address Redis sets
  9300000 / 10000000 address Redis sets
  9400000 / 10000000 address Redis sets
  9500000 / 10000000 address Redis sets
  9600000 / 10000000 address Redis sets
  9700000 / 10000000 address Redis sets
  9800000 / 10000000 address Redis sets
  9900000 / 10000000 address Redis sets
  10000000 / 10000000 address Redis sets

--- product SQL inserts ---
  100000 / 100000 product SQL inserts

--- product SQL selects ---
  100000 / 100000 product SQL selects

--- product SQL updates ---
  100000 / 100000 product SQL updates

--- product SQL deletes ---
  100000 / 100000 product SQL deletes

--- product Mongo inserts ---
  100000 / 100000 product Mongo inserts

--- product Mongo finds ---
  100000 / 100000 product Mongo finds

--- product Mongo updates ---
  100000 / 100000 product Mongo updates

--- product Mongo deletes ---
  100000 / 100000 product Mongo deletes

--- product Redis sets ---
  100000 / 100000 product Redis sets

--- product Redis gets ---
  100000 / 100000 product Redis gets

--- product Redis updates ---
  100000 / 100000 product Redis updates

--- product Redis deletes ---
  100000 / 100000 product Redis deletes

--- product image SQL inserts ---
  100000 / 100000 product image SQL inserts

--- product image Mongo inserts ---
  100000 / 100000 product image Mongo inserts

--- order SQL inserts ---
  100000 / 10000000 order SQL inserts
  200000 / 10000000 order SQL inserts
  300000 / 10000000 order SQL inserts
  400000 / 10000000 order SQL inserts
  500000 / 10000000 order SQL inserts
  600000 / 10000000 order SQL inserts
  700000 / 10000000 order SQL inserts
  800000 / 10000000 order SQL inserts
  900000 / 10000000 order SQL inserts
  1000000 / 10000000 order SQL inserts
  1100000 / 10000000 order SQL inserts
  1200000 / 10000000 order SQL inserts
  1300000 / 10000000 order SQL inserts
  1400000 / 10000000 order SQL inserts
  1500000 / 10000000 order SQL inserts
  1600000 / 10000000 order SQL inserts
  1700000 / 10000000 order SQL inserts
  1800000 / 10000000 order SQL inserts
  1900000 / 10000000 order SQL inserts
  2000000 / 10000000 order SQL inserts
  2100000 / 10000000 order SQL inserts
  2200000 / 10000000 order SQL inserts
  2300000 / 10000000 order SQL inserts
  2400000 / 10000000 order SQL inserts
  2500000 / 10000000 order SQL inserts
  2600000 / 10000000 order SQL inserts
  2700000 / 10000000 order SQL inserts
  2800000 / 10000000 order SQL inserts
  2900000 / 10000000 order SQL inserts
  3000000 / 10000000 order SQL inserts
  3100000 / 10000000 order SQL inserts
  3200000 / 10000000 order SQL inserts
  3300000 / 10000000 order SQL inserts
  3400000 / 10000000 order SQL inserts
  3500000 / 10000000 order SQL inserts
  3600000 / 10000000 order SQL inserts
  3700000 / 10000000 order SQL inserts
  3800000 / 10000000 order SQL inserts
  3900000 / 10000000 order SQL inserts
  4000000 / 10000000 order SQL inserts
  4100000 / 10000000 order SQL inserts
  4200000 / 10000000 order SQL inserts
  4300000 / 10000000 order SQL inserts
  4400000 / 10000000 order SQL inserts
  4500000 / 10000000 order SQL inserts
  4600000 / 10000000 order SQL inserts
  4700000 / 10000000 order SQL inserts
  4800000 / 10000000 order SQL inserts
  4900000 / 10000000 order SQL inserts
  5000000 / 10000000 order SQL inserts
  5100000 / 10000000 order SQL inserts
  5200000 / 10000000 order SQL inserts
  5300000 / 10000000 order SQL inserts
  5400000 / 10000000 order SQL inserts
  5500000 / 10000000 order SQL inserts
  5600000 / 10000000 order SQL inserts
  5700000 / 10000000 order SQL inserts
  5800000 / 10000000 order SQL inserts
  5900000 / 10000000 order SQL inserts
  6000000 / 10000000 order SQL inserts
  6100000 / 10000000 order SQL inserts
  6200000 / 10000000 order SQL inserts
  6300000 / 10000000 order SQL inserts
  6400000 / 10000000 order SQL inserts
  6500000 / 10000000 order SQL inserts
  6600000 / 10000000 order SQL inserts
  6700000 / 10000000 order SQL inserts
  6800000 / 10000000 order SQL inserts
  6900000 / 10000000 order SQL inserts
  7000000 / 10000000 order SQL inserts
  7100000 / 10000000 order SQL inserts
  7200000 / 10000000 order SQL inserts
  7300000 / 10000000 order SQL inserts
  7400000 / 10000000 order SQL inserts
  7500000 / 10000000 order SQL inserts
  7600000 / 10000000 order SQL inserts
  7700000 / 10000000 order SQL inserts
  7800000 / 10000000 order SQL inserts
  7900000 / 10000000 order SQL inserts
  8000000 / 10000000 order SQL inserts
  8100000 / 10000000 order SQL inserts
  8200000 / 10000000 order SQL inserts
  8300000 / 10000000 order SQL inserts
  8400000 / 10000000 order SQL inserts
  8500000 / 10000000 order SQL inserts
  8600000 / 10000000 order SQL inserts
  8700000 / 10000000 order SQL inserts
  8800000 / 10000000 order SQL inserts
  8900000 / 10000000 order SQL inserts
  9000000 / 10000000 order SQL inserts
  9100000 / 10000000 order SQL inserts
  9200000 / 10000000 order SQL inserts
  9300000 / 10000000 order SQL inserts
  9400000 / 10000000 order SQL inserts
  9500000 / 10000000 order SQL inserts
  9600000 / 10000000 order SQL inserts
  9700000 / 10000000 order SQL inserts
  9800000 / 10000000 order SQL inserts
  9900000 / 10000000 order SQL inserts
  10000000 / 10000000 order SQL inserts

--- order SQL selects ---
  100000 / 10000000 order SQL selects
  200000 / 10000000 order SQL selects
  300000 / 10000000 order SQL selects
  400000 / 10000000 order SQL selects
  500000 / 10000000 order SQL selects
  600000 / 10000000 order SQL selects
  700000 / 10000000 order SQL selects
  800000 / 10000000 order SQL selects
  900000 / 10000000 order SQL selects
  1000000 / 10000000 order SQL selects
  1100000 / 10000000 order SQL selects
  1200000 / 10000000 order SQL selects
  1300000 / 10000000 order SQL selects
  1400000 / 10000000 order SQL selects
  1500000 / 10000000 order SQL selects
  1600000 / 10000000 order SQL selects
  1700000 / 10000000 order SQL selects
  1800000 / 10000000 order SQL selects
  1900000 / 10000000 order SQL selects
  2000000 / 10000000 order SQL selects
  2100000 / 10000000 order SQL selects
  2200000 / 10000000 order SQL selects
  2300000 / 10000000 order SQL selects
  2400000 / 10000000 order SQL selects
  2500000 / 10000000 order SQL selects
  2600000 / 10000000 order SQL selects
  2700000 / 10000000 order SQL selects
  2800000 / 10000000 order SQL selects
  2900000 / 10000000 order SQL selects
  3000000 / 10000000 order SQL selects
  3100000 / 10000000 order SQL selects
  3200000 / 10000000 order SQL selects
  3300000 / 10000000 order SQL selects
  3400000 / 10000000 order SQL selects
  3500000 / 10000000 order SQL selects
  3600000 / 10000000 order SQL selects
  3700000 / 10000000 order SQL selects
  3800000 / 10000000 order SQL selects
  3900000 / 10000000 order SQL selects
  4000000 / 10000000 order SQL selects
  4100000 / 10000000 order SQL selects
  4200000 / 10000000 order SQL selects
  4300000 / 10000000 order SQL selects
  4400000 / 10000000 order SQL selects
  4500000 / 10000000 order SQL selects
  4600000 / 10000000 order SQL selects
  4700000 / 10000000 order SQL selects
  4800000 / 10000000 order SQL selects
  4900000 / 10000000 order SQL selects
  5000000 / 10000000 order SQL selects
  5100000 / 10000000 order SQL selects
  5200000 / 10000000 order SQL selects
  5300000 / 10000000 order SQL selects
  5400000 / 10000000 order SQL selects
  5500000 / 10000000 order SQL selects
  5600000 / 10000000 order SQL selects
  5700000 / 10000000 order SQL selects
  5800000 / 10000000 order SQL selects
  5900000 / 10000000 order SQL selects
  6000000 / 10000000 order SQL selects
  6100000 / 10000000 order SQL selects
  6200000 / 10000000 order SQL selects
  6300000 / 10000000 order SQL selects
  6400000 / 10000000 order SQL selects
  6500000 / 10000000 order SQL selects
  6600000 / 10000000 order SQL selects
  6700000 / 10000000 order SQL selects
  6800000 / 10000000 order SQL selects
  6900000 / 10000000 order SQL selects
  7000000 / 10000000 order SQL selects
  7100000 / 10000000 order SQL selects
  7200000 / 10000000 order SQL selects
  7300000 / 10000000 order SQL selects
  7400000 / 10000000 order SQL selects
  7500000 / 10000000 order SQL selects
  7600000 / 10000000 order SQL selects
  7700000 / 10000000 order SQL selects
  7800000 / 10000000 order SQL selects
  7900000 / 10000000 order SQL selects
  8000000 / 10000000 order SQL selects
  8100000 / 10000000 order SQL selects
  8200000 / 10000000 order SQL selects
  8300000 / 10000000 order SQL selects
  8400000 / 10000000 order SQL selects
  8500000 / 10000000 order SQL selects
  8600000 / 10000000 order SQL selects
  8700000 / 10000000 order SQL selects
  8800000 / 10000000 order SQL selects
  8900000 / 10000000 order SQL selects
  9000000 / 10000000 order SQL selects
  9100000 / 10000000 order SQL selects
  9200000 / 10000000 order SQL selects
  9300000 / 10000000 order SQL selects
  9400000 / 10000000 order SQL selects
  9500000 / 10000000 order SQL selects
  9600000 / 10000000 order SQL selects
  9700000 / 10000000 order SQL selects
  9800000 / 10000000 order SQL selects
  9900000 / 10000000 order SQL selects
  10000000 / 10000000 order SQL selects

--- order SQL updates ---
  100000 / 10000000 order SQL updates
  200000 / 10000000 order SQL updates
  300000 / 10000000 order SQL updates
  400000 / 10000000 order SQL updates
  500000 / 10000000 order SQL updates
  600000 / 10000000 order SQL updates
  700000 / 10000000 order SQL updates
  800000 / 10000000 order SQL updates
  900000 / 10000000 order SQL updates
  1000000 / 10000000 order SQL updates
  1100000 / 10000000 order SQL updates
  1200000 / 10000000 order SQL updates
  1300000 / 10000000 order SQL updates
  1400000 / 10000000 order SQL updates
  1500000 / 10000000 order SQL updates
  1600000 / 10000000 order SQL updates
  1700000 / 10000000 order SQL updates
  1800000 / 10000000 order SQL updates
  1900000 / 10000000 order SQL updates
  2000000 / 10000000 order SQL updates
  2100000 / 10000000 order SQL updates
  2200000 / 10000000 order SQL updates
  2300000 / 10000000 order SQL updates
  2400000 / 10000000 order SQL updates
  2500000 / 10000000 order SQL updates
  2600000 / 10000000 order SQL updates
  2700000 / 10000000 order SQL updates
  2800000 / 10000000 order SQL updates
  2900000 / 10000000 order SQL updates
  3000000 / 10000000 order SQL updates
  3100000 / 10000000 order SQL updates
  3200000 / 10000000 order SQL updates
  3300000 / 10000000 order SQL updates
  3400000 / 10000000 order SQL updates
  3500000 / 10000000 order SQL updates
  3600000 / 10000000 order SQL updates
  3700000 / 10000000 order SQL updates
  3800000 / 10000000 order SQL updates
  3900000 / 10000000 order SQL updates
  4000000 / 10000000 order SQL updates
  4100000 / 10000000 order SQL updates
  4200000 / 10000000 order SQL updates
  4300000 / 10000000 order SQL updates
  4400000 / 10000000 order SQL updates
  4500000 / 10000000 order SQL updates
  4600000 / 10000000 order SQL updates
  4700000 / 10000000 order SQL updates
  4800000 / 10000000 order SQL updates
  4900000 / 10000000 order SQL updates
  5000000 / 10000000 order SQL updates
  5100000 / 10000000 order SQL updates
  5200000 / 10000000 order SQL updates
  5300000 / 10000000 order SQL updates
  5400000 / 10000000 order SQL updates
  5500000 / 10000000 order SQL updates
  5600000 / 10000000 order SQL updates
  5700000 / 10000000 order SQL updates
  5800000 / 10000000 order SQL updates
  5900000 / 10000000 order SQL updates
  6000000 / 10000000 order SQL updates
  6100000 / 10000000 order SQL updates
  6200000 / 10000000 order SQL updates
  6300000 / 10000000 order SQL updates
  6400000 / 10000000 order SQL updates
  6500000 / 10000000 order SQL updates
  6600000 / 10000000 order SQL updates
  6700000 / 10000000 order SQL updates
  6800000 / 10000000 order SQL updates
  6900000 / 10000000 order SQL updates
  7000000 / 10000000 order SQL updates
  7100000 / 10000000 order SQL updates
  7200000 / 10000000 order SQL updates
  7300000 / 10000000 order SQL updates
  7400000 / 10000000 order SQL updates
  7500000 / 10000000 order SQL updates
  7600000 / 10000000 order SQL updates
  7700000 / 10000000 order SQL updates
  7800000 / 10000000 order SQL updates
  7900000 / 10000000 order SQL updates
  8000000 / 10000000 order SQL updates
  8100000 / 10000000 order SQL updates
  8200000 / 10000000 order SQL updates
  8300000 / 10000000 order SQL updates
  8400000 / 10000000 order SQL updates
  8500000 / 10000000 order SQL updates
  8600000 / 10000000 order SQL updates
  8700000 / 10000000 order SQL updates
  8800000 / 10000000 order SQL updates
  8900000 / 10000000 order SQL updates
  9000000 / 10000000 order SQL updates
  9100000 / 10000000 order SQL updates
  9200000 / 10000000 order SQL updates
  9300000 / 10000000 order SQL updates
  9400000 / 10000000 order SQL updates
  9500000 / 10000000 order SQL updates
  9600000 / 10000000 order SQL updates
  9700000 / 10000000 order SQL updates
  9800000 / 10000000 order SQL updates
  9900000 / 10000000 order SQL updates
  10000000 / 10000000 order SQL updates

--- order SQL deletes ---
  100000 / 10000000 order SQL deletes
  200000 / 10000000 order SQL deletes
  300000 / 10000000 order SQL deletes
  400000 / 10000000 order SQL deletes
  500000 / 10000000 order SQL deletes
  600000 / 10000000 order SQL deletes
  700000 / 10000000 order SQL deletes
  800000 / 10000000 order SQL deletes
  900000 / 10000000 order SQL deletes
  1000000 / 10000000 order SQL deletes
  1100000 / 10000000 order SQL deletes
  1200000 / 10000000 order SQL deletes
  1300000 / 10000000 order SQL deletes
  1400000 / 10000000 order SQL deletes
  1500000 / 10000000 order SQL deletes
  1600000 / 10000000 order SQL deletes
  1700000 / 10000000 order SQL deletes
  1800000 / 10000000 order SQL deletes
  1900000 / 10000000 order SQL deletes
  2000000 / 10000000 order SQL deletes
  2100000 / 10000000 order SQL deletes
  2200000 / 10000000 order SQL deletes
  2300000 / 10000000 order SQL deletes
  2400000 / 10000000 order SQL deletes
  2500000 / 10000000 order SQL deletes
  2600000 / 10000000 order SQL deletes
  2700000 / 10000000 order SQL deletes
  2800000 / 10000000 order SQL deletes
  2900000 / 10000000 order SQL deletes
  3000000 / 10000000 order SQL deletes
  3100000 / 10000000 order SQL deletes
  3200000 / 10000000 order SQL deletes
  3300000 / 10000000 order SQL deletes
  3400000 / 10000000 order SQL deletes
  3500000 / 10000000 order SQL deletes
  3600000 / 10000000 order SQL deletes
  3700000 / 10000000 order SQL deletes
  3800000 / 10000000 order SQL deletes
  3900000 / 10000000 order SQL deletes
  4000000 / 10000000 order SQL deletes
  4100000 / 10000000 order SQL deletes
  4200000 / 10000000 order SQL deletes
  4300000 / 10000000 order SQL deletes
  4400000 / 10000000 order SQL deletes
  4500000 / 10000000 order SQL deletes
  4600000 / 10000000 order SQL deletes
  4700000 / 10000000 order SQL deletes
  4800000 / 10000000 order SQL deletes
  4900000 / 10000000 order SQL deletes
  5000000 / 10000000 order SQL deletes
  5100000 / 10000000 order SQL deletes
  5200000 / 10000000 order SQL deletes
  5300000 / 10000000 order SQL deletes
  5400000 / 10000000 order SQL deletes
  5500000 / 10000000 order SQL deletes
  5600000 / 10000000 order SQL deletes
  5700000 / 10000000 order SQL deletes
  5800000 / 10000000 order SQL deletes
  5900000 / 10000000 order SQL deletes
  6000000 / 10000000 order SQL deletes
  6100000 / 10000000 order SQL deletes
  6200000 / 10000000 order SQL deletes
  6300000 / 10000000 order SQL deletes
  6400000 / 10000000 order SQL deletes
  6500000 / 10000000 order SQL deletes
  6600000 / 10000000 order SQL deletes
  6700000 / 10000000 order SQL deletes
  6800000 / 10000000 order SQL deletes
  6900000 / 10000000 order SQL deletes
  7000000 / 10000000 order SQL deletes
  7100000 / 10000000 order SQL deletes
  7200000 / 10000000 order SQL deletes
  7300000 / 10000000 order SQL deletes
  7400000 / 10000000 order SQL deletes
  7500000 / 10000000 order SQL deletes
  7600000 / 10000000 order SQL deletes
  7700000 / 10000000 order SQL deletes
  7800000 / 10000000 order SQL deletes
  7900000 / 10000000 order SQL deletes
  8000000 / 10000000 order SQL deletes
  8100000 / 10000000 order SQL deletes
  8200000 / 10000000 order SQL deletes
  8300000 / 10000000 order SQL deletes
  8400000 / 10000000 order SQL deletes
  8500000 / 10000000 order SQL deletes
  8600000 / 10000000 order SQL deletes
  8700000 / 10000000 order SQL deletes
  8800000 / 10000000 order SQL deletes
  8900000 / 10000000 order SQL deletes
  9000000 / 10000000 order SQL deletes
  9100000 / 10000000 order SQL deletes
  9200000 / 10000000 order SQL deletes
  9300000 / 10000000 order SQL deletes
  9400000 / 10000000 order SQL deletes
  9500000 / 10000000 order SQL deletes
  9600000 / 10000000 order SQL deletes
  9700000 / 10000000 order SQL deletes
  9800000 / 10000000 order SQL deletes
  9900000 / 10000000 order SQL deletes
  10000000 / 10000000 order SQL deletes

--- order Mongo inserts ---
  100000 / 10000000 order Mongo inserts
  200000 / 10000000 order Mongo inserts
  300000 / 10000000 order Mongo inserts
  400000 / 10000000 order Mongo inserts
  500000 / 10000000 order Mongo inserts
  600000 / 10000000 order Mongo inserts
  700000 / 10000000 order Mongo inserts
  800000 / 10000000 order Mongo inserts
  900000 / 10000000 order Mongo inserts
  1000000 / 10000000 order Mongo inserts
  1100000 / 10000000 order Mongo inserts
  1200000 / 10000000 order Mongo inserts
  1300000 / 10000000 order Mongo inserts
  1400000 / 10000000 order Mongo inserts
  1500000 / 10000000 order Mongo inserts
  1600000 / 10000000 order Mongo inserts
  1700000 / 10000000 order Mongo inserts
  1800000 / 10000000 order Mongo inserts
  1900000 / 10000000 order Mongo inserts
  2000000 / 10000000 order Mongo inserts
  2100000 / 10000000 order Mongo inserts
  2200000 / 10000000 order Mongo inserts
  2300000 / 10000000 order Mongo inserts
  2400000 / 10000000 order Mongo inserts
  2500000 / 10000000 order Mongo inserts
  2600000 / 10000000 order Mongo inserts
  2700000 / 10000000 order Mongo inserts
  2800000 / 10000000 order Mongo inserts
  2900000 / 10000000 order Mongo inserts
  3000000 / 10000000 order Mongo inserts
  3100000 / 10000000 order Mongo inserts
  3200000 / 10000000 order Mongo inserts
  3300000 / 10000000 order Mongo inserts
  3400000 / 10000000 order Mongo inserts
  3500000 / 10000000 order Mongo inserts
  3600000 / 10000000 order Mongo inserts
  3700000 / 10000000 order Mongo inserts
  3800000 / 10000000 order Mongo inserts
  3900000 / 10000000 order Mongo inserts
  4000000 / 10000000 order Mongo inserts
  4100000 / 10000000 order Mongo inserts
  4200000 / 10000000 order Mongo inserts
  4300000 / 10000000 order Mongo inserts
  4400000 / 10000000 order Mongo inserts
  4500000 / 10000000 order Mongo inserts
  4600000 / 10000000 order Mongo inserts
  4700000 / 10000000 order Mongo inserts
  4800000 / 10000000 order Mongo inserts
  4900000 / 10000000 order Mongo inserts
  5000000 / 10000000 order Mongo inserts
  5100000 / 10000000 order Mongo inserts
  5200000 / 10000000 order Mongo inserts
  5300000 / 10000000 order Mongo inserts
  5400000 / 10000000 order Mongo inserts
  5500000 / 10000000 order Mongo inserts
  5600000 / 10000000 order Mongo inserts
  5700000 / 10000000 order Mongo inserts
  5800000 / 10000000 order Mongo inserts
  5900000 / 10000000 order Mongo inserts
  6000000 / 10000000 order Mongo inserts
  6100000 / 10000000 order Mongo inserts
  6200000 / 10000000 order Mongo inserts
  6300000 / 10000000 order Mongo inserts
  6400000 / 10000000 order Mongo inserts
  6500000 / 10000000 order Mongo inserts
  6600000 / 10000000 order Mongo inserts
  6700000 / 10000000 order Mongo inserts
  6800000 / 10000000 order Mongo inserts
  6900000 / 10000000 order Mongo inserts
  7000000 / 10000000 order Mongo inserts
  7100000 / 10000000 order Mongo inserts
  7200000 / 10000000 order Mongo inserts
  7300000 / 10000000 order Mongo inserts
  7400000 / 10000000 order Mongo inserts
  7500000 / 10000000 order Mongo inserts
  7600000 / 10000000 order Mongo inserts
  7700000 / 10000000 order Mongo inserts
  7800000 / 10000000 order Mongo inserts
  7900000 / 10000000 order Mongo inserts
  8000000 / 10000000 order Mongo inserts
  8100000 / 10000000 order Mongo inserts
  8200000 / 10000000 order Mongo inserts
  8300000 / 10000000 order Mongo inserts
  8400000 / 10000000 order Mongo inserts
  8500000 / 10000000 order Mongo inserts
  8600000 / 10000000 order Mongo inserts
  8700000 / 10000000 order Mongo inserts
  8800000 / 10000000 order Mongo inserts
  8900000 / 10000000 order Mongo inserts
  9000000 / 10000000 order Mongo inserts
  9100000 / 10000000 order Mongo inserts
  9200000 / 10000000 order Mongo inserts
  9300000 / 10000000 order Mongo inserts
  9400000 / 10000000 order Mongo inserts
  9500000 / 10000000 order Mongo inserts
  9600000 / 10000000 order Mongo inserts
  9700000 / 10000000 order Mongo inserts
  9800000 / 10000000 order Mongo inserts
  9900000 / 10000000 order Mongo inserts
  10000000 / 10000000 order Mongo inserts

--- order Mongo finds ---
  100000 / 10000000 order Mongo finds
  200000 / 10000000 order Mongo finds
  300000 / 10000000 order Mongo finds
  400000 / 10000000 order Mongo finds
  500000 / 10000000 order Mongo finds
  600000 / 10000000 order Mongo finds
  700000 / 10000000 order Mongo finds
  800000 / 10000000 order Mongo finds
  900000 / 10000000 order Mongo finds
  1000000 / 10000000 order Mongo finds
  1100000 / 10000000 order Mongo finds
  1200000 / 10000000 order Mongo finds
  1300000 / 10000000 order Mongo finds
  1400000 / 10000000 order Mongo finds
  1500000 / 10000000 order Mongo finds
  1600000 / 10000000 order Mongo finds
  1700000 / 10000000 order Mongo finds
  1800000 / 10000000 order Mongo finds
  1900000 / 10000000 order Mongo finds
  2000000 / 10000000 order Mongo finds
  2100000 / 10000000 order Mongo finds
  2200000 / 10000000 order Mongo finds
  2300000 / 10000000 order Mongo finds
  2400000 / 10000000 order Mongo finds
  2500000 / 10000000 order Mongo finds
  2600000 / 10000000 order Mongo finds
  2700000 / 10000000 order Mongo finds
  2800000 / 10000000 order Mongo finds
  2900000 / 10000000 order Mongo finds
  3000000 / 10000000 order Mongo finds
  3100000 / 10000000 order Mongo finds
  3200000 / 10000000 order Mongo finds
  3300000 / 10000000 order Mongo finds
  3400000 / 10000000 order Mongo finds
  3500000 / 10000000 order Mongo finds
  3600000 / 10000000 order Mongo finds
  3700000 / 10000000 order Mongo finds
  3800000 / 10000000 order Mongo finds
  3900000 / 10000000 order Mongo finds
  4000000 / 10000000 order Mongo finds
  4100000 / 10000000 order Mongo finds
  4200000 / 10000000 order Mongo finds
  4300000 / 10000000 order Mongo finds
  4400000 / 10000000 order Mongo finds
  4500000 / 10000000 order Mongo finds
  4600000 / 10000000 order Mongo finds
  4700000 / 10000000 order Mongo finds
  4800000 / 10000000 order Mongo finds
  4900000 / 10000000 order Mongo finds
  5000000 / 10000000 order Mongo finds
  5100000 / 10000000 order Mongo finds
  5200000 / 10000000 order Mongo finds
  5300000 / 10000000 order Mongo finds
  5400000 / 10000000 order Mongo finds
  5500000 / 10000000 order Mongo finds
  5600000 / 10000000 order Mongo finds
  5700000 / 10000000 order Mongo finds
  5800000 / 10000000 order Mongo finds
  5900000 / 10000000 order Mongo finds
  6000000 / 10000000 order Mongo finds
  6100000 / 10000000 order Mongo finds
  6200000 / 10000000 order Mongo finds
  6300000 / 10000000 order Mongo finds
  6400000 / 10000000 order Mongo finds
  6500000 / 10000000 order Mongo finds
  6600000 / 10000000 order Mongo finds
  6700000 / 10000000 order Mongo finds
  6800000 / 10000000 order Mongo finds
  6900000 / 10000000 order Mongo finds
  7000000 / 10000000 order Mongo finds
  7100000 / 10000000 order Mongo finds
  7200000 / 10000000 order Mongo finds
  7300000 / 10000000 order Mongo finds
  7400000 / 10000000 order Mongo finds
  7500000 / 10000000 order Mongo finds
  7600000 / 10000000 order Mongo finds
  7700000 / 10000000 order Mongo finds
  7800000 / 10000000 order Mongo finds
  7900000 / 10000000 order Mongo finds
  8000000 / 10000000 order Mongo finds
  8100000 / 10000000 order Mongo finds
  8200000 / 10000000 order Mongo finds
  8300000 / 10000000 order Mongo finds
  8400000 / 10000000 order Mongo finds
  8500000 / 10000000 order Mongo finds
  8600000 / 10000000 order Mongo finds
  8700000 / 10000000 order Mongo finds
  8800000 / 10000000 order Mongo finds
  8900000 / 10000000 order Mongo finds
  9000000 / 10000000 order Mongo finds
  9100000 / 10000000 order Mongo finds
  9200000 / 10000000 order Mongo finds
  9300000 / 10000000 order Mongo finds
  9400000 / 10000000 order Mongo finds
  9500000 / 10000000 order Mongo finds
  9600000 / 10000000 order Mongo finds
  9700000 / 10000000 order Mongo finds
  9800000 / 10000000 order Mongo finds
  9900000 / 10000000 order Mongo finds
  10000000 / 10000000 order Mongo finds

--- order Redis sets ---
  100000 / 10000000 order Redis sets
  200000 / 10000000 order Redis sets
  300000 / 10000000 order Redis sets
  400000 / 10000000 order Redis sets
  500000 / 10000000 order Redis sets
  600000 / 10000000 order Redis sets
  700000 / 10000000 order Redis sets
  800000 / 10000000 order Redis sets
  900000 / 10000000 order Redis sets
  1000000 / 10000000 order Redis sets
  1100000 / 10000000 order Redis sets
  1200000 / 10000000 order Redis sets
  1300000 / 10000000 order Redis sets
  1400000 / 10000000 order Redis sets
  1500000 / 10000000 order Redis sets
  1600000 / 10000000 order Redis sets
  1700000 / 10000000 order Redis sets
  1800000 / 10000000 order Redis sets
  1900000 / 10000000 order Redis sets
  2000000 / 10000000 order Redis sets
  2100000 / 10000000 order Redis sets
  2200000 / 10000000 order Redis sets
  2300000 / 10000000 order Redis sets
  2400000 / 10000000 order Redis sets
  2500000 / 10000000 order Redis sets
  2600000 / 10000000 order Redis sets
  2700000 / 10000000 order Redis sets
  2800000 / 10000000 order Redis sets
  2900000 / 10000000 order Redis sets
  3000000 / 10000000 order Redis sets
  3100000 / 10000000 order Redis sets
  3200000 / 10000000 order Redis sets
  3300000 / 10000000 order Redis sets
  3400000 / 10000000 order Redis sets
  3500000 / 10000000 order Redis sets
  3600000 / 10000000 order Redis sets
  3700000 / 10000000 order Redis sets
  3800000 / 10000000 order Redis sets
  3900000 / 10000000 order Redis sets
  4000000 / 10000000 order Redis sets
  4100000 / 10000000 order Redis sets
  4200000 / 10000000 order Redis sets
  4300000 / 10000000 order Redis sets
  4400000 / 10000000 order Redis sets
  4500000 / 10000000 order Redis sets
  4600000 / 10000000 order Redis sets
  4700000 / 10000000 order Redis sets
  4800000 / 10000000 order Redis sets
  4900000 / 10000000 order Redis sets
  5000000 / 10000000 order Redis sets
  5100000 / 10000000 order Redis sets
  5200000 / 10000000 order Redis sets
  5300000 / 10000000 order Redis sets
  5400000 / 10000000 order Redis sets
  5500000 / 10000000 order Redis sets
  5600000 / 10000000 order Redis sets
  5700000 / 10000000 order Redis sets
  5800000 / 10000000 order Redis sets
  5900000 / 10000000 order Redis sets
  6000000 / 10000000 order Redis sets
  6100000 / 10000000 order Redis sets
  6200000 / 10000000 order Redis sets
  6300000 / 10000000 order Redis sets
  6400000 / 10000000 order Redis sets
  6500000 / 10000000 order Redis sets
  6600000 / 10000000 order Redis sets
  6700000 / 10000000 order Redis sets
  6800000 / 10000000 order Redis sets
  6900000 / 10000000 order Redis sets
  7000000 / 10000000 order Redis sets
  7100000 / 10000000 order Redis sets
  7200000 / 10000000 order Redis sets
  7300000 / 10000000 order Redis sets
  7400000 / 10000000 order Redis sets
  7500000 / 10000000 order Redis sets
  7600000 / 10000000 order Redis sets
  7700000 / 10000000 order Redis sets
  7800000 / 10000000 order Redis sets
  7900000 / 10000000 order Redis sets
  8000000 / 10000000 order Redis sets
  8100000 / 10000000 order Redis sets
  8200000 / 10000000 order Redis sets
  8300000 / 10000000 order Redis sets
  8400000 / 10000000 order Redis sets
  8500000 / 10000000 order Redis sets
  8600000 / 10000000 order Redis sets
  8700000 / 10000000 order Redis sets
  8800000 / 10000000 order Redis sets
  8900000 / 10000000 order Redis sets
  9000000 / 10000000 order Redis sets
  9100000 / 10000000 order Redis sets
  9200000 / 10000000 order Redis sets
  9300000 / 10000000 order Redis sets
  9400000 / 10000000 order Redis sets
  9500000 / 10000000 order Redis sets
  9600000 / 10000000 order Redis sets
  9700000 / 10000000 order Redis sets
  9800000 / 10000000 order Redis sets
  9900000 / 10000000 order Redis sets
  10000000 / 10000000 order Redis sets

--- order Redis gets ---
  100000 / 10000000 order Redis gets
  200000 / 10000000 order Redis gets
  300000 / 10000000 order Redis gets
  400000 / 10000000 order Redis gets
  500000 / 10000000 order Redis gets
  600000 / 10000000 order Redis gets
  700000 / 10000000 order Redis gets
  800000 / 10000000 order Redis gets
  900000 / 10000000 order Redis gets
  1000000 / 10000000 order Redis gets
  1100000 / 10000000 order Redis gets
  1200000 / 10000000 order Redis gets
  1300000 / 10000000 order Redis gets
  1400000 / 10000000 order Redis gets
  1500000 / 10000000 order Redis gets
  1600000 / 10000000 order Redis gets
  1700000 / 10000000 order Redis gets
  1800000 / 10000000 order Redis gets
  1900000 / 10000000 order Redis gets
  2000000 / 10000000 order Redis gets
  2100000 / 10000000 order Redis gets
  2200000 / 10000000 order Redis gets
  2300000 / 10000000 order Redis gets
  2400000 / 10000000 order Redis gets
  2500000 / 10000000 order Redis gets
  2600000 / 10000000 order Redis gets
  2700000 / 10000000 order Redis gets
  2800000 / 10000000 order Redis gets
  2900000 / 10000000 order Redis gets
  3000000 / 10000000 order Redis gets
  3100000 / 10000000 order Redis gets
  3200000 / 10000000 order Redis gets
  3300000 / 10000000 order Redis gets
  3400000 / 10000000 order Redis gets
  3500000 / 10000000 order Redis gets
  3600000 / 10000000 order Redis gets
  3700000 / 10000000 order Redis gets
  3800000 / 10000000 order Redis gets
  3900000 / 10000000 order Redis gets
  4000000 / 10000000 order Redis gets
  4100000 / 10000000 order Redis gets
  4200000 / 10000000 order Redis gets
  4300000 / 10000000 order Redis gets
  4400000 / 10000000 order Redis gets
  4500000 / 10000000 order Redis gets
  4600000 / 10000000 order Redis gets
  4700000 / 10000000 order Redis gets
  4800000 / 10000000 order Redis gets
  4900000 / 10000000 order Redis gets
  5000000 / 10000000 order Redis gets
  5100000 / 10000000 order Redis gets
  5200000 / 10000000 order Redis gets
  5300000 / 10000000 order Redis gets
  5400000 / 10000000 order Redis gets
  5500000 / 10000000 order Redis gets
  5600000 / 10000000 order Redis gets
  5700000 / 10000000 order Redis gets
  5800000 / 10000000 order Redis gets
  5900000 / 10000000 order Redis gets
  6000000 / 10000000 order Redis gets
  6100000 / 10000000 order Redis gets
  6200000 / 10000000 order Redis gets
  6300000 / 10000000 order Redis gets
  6400000 / 10000000 order Redis gets
  6500000 / 10000000 order Redis gets
  6600000 / 10000000 order Redis gets
  6700000 / 10000000 order Redis gets
  6800000 / 10000000 order Redis gets
  6900000 / 10000000 order Redis gets
  7000000 / 10000000 order Redis gets
  7100000 / 10000000 order Redis gets
  7200000 / 10000000 order Redis gets
  7300000 / 10000000 order Redis gets
  7400000 / 10000000 order Redis gets
  7500000 / 10000000 order Redis gets
  7600000 / 10000000 order Redis gets
  7700000 / 10000000 order Redis gets
  7800000 / 10000000 order Redis gets
  7900000 / 10000000 order Redis gets
  8000000 / 10000000 order Redis gets
  8100000 / 10000000 order Redis gets
  8200000 / 10000000 order Redis gets
  8300000 / 10000000 order Redis gets
  8400000 / 10000000 order Redis gets
  8500000 / 10000000 order Redis gets
  8600000 / 10000000 order Redis gets
  8700000 / 10000000 order Redis gets
  8800000 / 10000000 order Redis gets
  8900000 / 10000000 order Redis gets
  9000000 / 10000000 order Redis gets
  9100000 / 10000000 order Redis gets
  9200000 / 10000000 order Redis gets
  9300000 / 10000000 order Redis gets
  9400000 / 10000000 order Redis gets
  9500000 / 10000000 order Redis gets
  9600000 / 10000000 order Redis gets
  9700000 / 10000000 order Redis gets
  9800000 / 10000000 order Redis gets
  9900000 / 10000000 order Redis gets
  10000000 / 10000000 order Redis gets

--- order Redis updates ---
  100000 / 10000000 order Redis updates
  200000 / 10000000 order Redis updates
  300000 / 10000000 order Redis updates
  400000 / 10000000 order Redis updates
  500000 / 10000000 order Redis updates
  600000 / 10000000 order Redis updates
  700000 / 10000000 order Redis updates
  800000 / 10000000 order Redis updates
  900000 / 10000000 order Redis updates
  1000000 / 10000000 order Redis updates
  1100000 / 10000000 order Redis updates
  1200000 / 10000000 order Redis updates
  1300000 / 10000000 order Redis updates
  1400000 / 10000000 order Redis updates
  1500000 / 10000000 order Redis updates
  1600000 / 10000000 order Redis updates
  1700000 / 10000000 order Redis updates
  1800000 / 10000000 order Redis updates
  1900000 / 10000000 order Redis updates
  2000000 / 10000000 order Redis updates
  2100000 / 10000000 order Redis updates
  2200000 / 10000000 order Redis updates
  2300000 / 10000000 order Redis updates
  2400000 / 10000000 order Redis updates
  2500000 / 10000000 order Redis updates
  2600000 / 10000000 order Redis updates
  2700000 / 10000000 order Redis updates
  2800000 / 10000000 order Redis updates
  2900000 / 10000000 order Redis updates
  3000000 / 10000000 order Redis updates
  3100000 / 10000000 order Redis updates
  3200000 / 10000000 order Redis updates
  3300000 / 10000000 order Redis updates
  3400000 / 10000000 order Redis updates
  3500000 / 10000000 order Redis updates
  3600000 / 10000000 order Redis updates
  3700000 / 10000000 order Redis updates
  3800000 / 10000000 order Redis updates
  3900000 / 10000000 order Redis updates
  4000000 / 10000000 order Redis updates
  4100000 / 10000000 order Redis updates
  4200000 / 10000000 order Redis updates
  4300000 / 10000000 order Redis updates
  4400000 / 10000000 order Redis updates
  4500000 / 10000000 order Redis updates
  4600000 / 10000000 order Redis updates
  4700000 / 10000000 order Redis updates
  4800000 / 10000000 order Redis updates
  4900000 / 10000000 order Redis updates
  5000000 / 10000000 order Redis updates
  5100000 / 10000000 order Redis updates
  5200000 / 10000000 order Redis updates
  5300000 / 10000000 order Redis updates
  5400000 / 10000000 order Redis updates
  5500000 / 10000000 order Redis updates
  5600000 / 10000000 order Redis updates
  5700000 / 10000000 order Redis updates
  5800000 / 10000000 order Redis updates
  5900000 / 10000000 order Redis updates
  6000000 / 10000000 order Redis updates
  6100000 / 10000000 order Redis updates
  6200000 / 10000000 order Redis updates
  6300000 / 10000000 order Redis updates
  6400000 / 10000000 order Redis updates
  6500000 / 10000000 order Redis updates
  6600000 / 10000000 order Redis updates
  6700000 / 10000000 order Redis updates
  6800000 / 10000000 order Redis updates
  6900000 / 10000000 order Redis updates
  7000000 / 10000000 order Redis updates
  7100000 / 10000000 order Redis updates
  7200000 / 10000000 order Redis updates
  7300000 / 10000000 order Redis updates
  7400000 / 10000000 order Redis updates
  7500000 / 10000000 order Redis updates
  7600000 / 10000000 order Redis updates
  7700000 / 10000000 order Redis updates
  7800000 / 10000000 order Redis updates
  7900000 / 10000000 order Redis updates
  8000000 / 10000000 order Redis updates
  8100000 / 10000000 order Redis updates
  8200000 / 10000000 order Redis updates
  8300000 / 10000000 order Redis updates
  8400000 / 10000000 order Redis updates
  8500000 / 10000000 order Redis updates
  8600000 / 10000000 order Redis updates
  8700000 / 10000000 order Redis updates
  8800000 / 10000000 order Redis updates
  8900000 / 10000000 order Redis updates
  9000000 / 10000000 order Redis updates
  9100000 / 10000000 order Redis updates
  9200000 / 10000000 order Redis updates
  9300000 / 10000000 order Redis updates
  9400000 / 10000000 order Redis updates
  9500000 / 10000000 order Redis updates
  9600000 / 10000000 order Redis updates
  9700000 / 10000000 order Redis updates
  9800000 / 10000000 order Redis updates
  9900000 / 10000000 order Redis updates
  10000000 / 10000000 order Redis updates

--- order Redis deletes ---
  100000 / 10000000 order Redis deletes
  200000 / 10000000 order Redis deletes
  300000 / 10000000 order Redis deletes
  400000 / 10000000 order Redis deletes
  500000 / 10000000 order Redis deletes
  600000 / 10000000 order Redis deletes
  700000 / 10000000 order Redis deletes
  800000 / 10000000 order Redis deletes
  900000 / 10000000 order Redis deletes
  1000000 / 10000000 order Redis deletes
  1100000 / 10000000 order Redis deletes
  1200000 / 10000000 order Redis deletes
  1300000 / 10000000 order Redis deletes
  1400000 / 10000000 order Redis deletes
  1500000 / 10000000 order Redis deletes
  1600000 / 10000000 order Redis deletes
  1700000 / 10000000 order Redis deletes
  1800000 / 10000000 order Redis deletes
  1900000 / 10000000 order Redis deletes
  2000000 / 10000000 order Redis deletes
  2100000 / 10000000 order Redis deletes
  2200000 / 10000000 order Redis deletes
  2300000 / 10000000 order Redis deletes
  2400000 / 10000000 order Redis deletes
  2500000 / 10000000 order Redis deletes
  2600000 / 10000000 order Redis deletes
  2700000 / 10000000 order Redis deletes
  2800000 / 10000000 order Redis deletes
  2900000 / 10000000 order Redis deletes
  3000000 / 10000000 order Redis deletes
  3100000 / 10000000 order Redis deletes
  3200000 / 10000000 order Redis deletes
  3300000 / 10000000 order Redis deletes
  3400000 / 10000000 order Redis deletes
  3500000 / 10000000 order Redis deletes
  3600000 / 10000000 order Redis deletes
  3700000 / 10000000 order Redis deletes
  3800000 / 10000000 order Redis deletes
  3900000 / 10000000 order Redis deletes
  4000000 / 10000000 order Redis deletes
  4100000 / 10000000 order Redis deletes
  4200000 / 10000000 order Redis deletes
  4300000 / 10000000 order Redis deletes
  4400000 / 10000000 order Redis deletes
  4500000 / 10000000 order Redis deletes
  4600000 / 10000000 order Redis deletes
  4700000 / 10000000 order Redis deletes
  4800000 / 10000000 order Redis deletes
  4900000 / 10000000 order Redis deletes
  5000000 / 10000000 order Redis deletes
  5100000 / 10000000 order Redis deletes
  5200000 / 10000000 order Redis deletes
  5300000 / 10000000 order Redis deletes
  5400000 / 10000000 order Redis deletes
  5500000 / 10000000 order Redis deletes
  5600000 / 10000000 order Redis deletes
  5700000 / 10000000 order Redis deletes
  5800000 / 10000000 order Redis deletes
  5900000 / 10000000 order Redis deletes
  6000000 / 10000000 order Redis deletes
  6100000 / 10000000 order Redis deletes
  6200000 / 10000000 order Redis deletes
  6300000 / 10000000 order Redis deletes
  6400000 / 10000000 order Redis deletes
  6500000 / 10000000 order Redis deletes
  6600000 / 10000000 order Redis deletes
  6700000 / 10000000 order Redis deletes
  6800000 / 10000000 order Redis deletes
  6900000 / 10000000 order Redis deletes
  7000000 / 10000000 order Redis deletes
  7100000 / 10000000 order Redis deletes
  7200000 / 10000000 order Redis deletes
  7300000 / 10000000 order Redis deletes
  7400000 / 10000000 order Redis deletes
  7500000 / 10000000 order Redis deletes
  7600000 / 10000000 order Redis deletes
  7700000 / 10000000 order Redis deletes
  7800000 / 10000000 order Redis deletes
  7900000 / 10000000 order Redis deletes
  8000000 / 10000000 order Redis deletes
  8100000 / 10000000 order Redis deletes
  8200000 / 10000000 order Redis deletes
  8300000 / 10000000 order Redis deletes
  8400000 / 10000000 order Redis deletes
  8500000 / 10000000 order Redis deletes
  8600000 / 10000000 order Redis deletes
  8700000 / 10000000 order Redis deletes
  8800000 / 10000000 order Redis deletes
  8900000 / 10000000 order Redis deletes
  9000000 / 10000000 order Redis deletes
  9100000 / 10000000 order Redis deletes
  9200000 / 10000000 order Redis deletes
  9300000 / 10000000 order Redis deletes
  9400000 / 10000000 order Redis deletes
  9500000 / 10000000 order Redis deletes
  9600000 / 10000000 order Redis deletes
  9700000 / 10000000 order Redis deletes
  9800000 / 10000000 order Redis deletes
  9900000 / 10000000 order Redis deletes
  10000000 / 10000000 order Redis deletes

--- order item SQL inserts ---
  100000 / 10000000 order item SQL inserts
  200000 / 10000000 order item SQL inserts
  300000 / 10000000 order item SQL inserts
  400000 / 10000000 order item SQL inserts
  500000 / 10000000 order item SQL inserts
  600000 / 10000000 order item SQL inserts
  700000 / 10000000 order item SQL inserts
  800000 / 10000000 order item SQL inserts
  900000 / 10000000 order item SQL inserts
  1000000 / 10000000 order item SQL inserts
  1100000 / 10000000 order item SQL inserts
  1200000 / 10000000 order item SQL inserts
  1300000 / 10000000 order item SQL inserts
  1400000 / 10000000 order item SQL inserts
  1500000 / 10000000 order item SQL inserts
  1600000 / 10000000 order item SQL inserts
  1700000 / 10000000 order item SQL inserts
  1800000 / 10000000 order item SQL inserts
  1900000 / 10000000 order item SQL inserts
  2000000 / 10000000 order item SQL inserts
  2100000 / 10000000 order item SQL inserts
  2200000 / 10000000 order item SQL inserts
  2300000 / 10000000 order item SQL inserts
  2400000 / 10000000 order item SQL inserts
  2500000 / 10000000 order item SQL inserts
  2600000 / 10000000 order item SQL inserts
  2700000 / 10000000 order item SQL inserts
  2800000 / 10000000 order item SQL inserts
  2900000 / 10000000 order item SQL inserts
  3000000 / 10000000 order item SQL inserts
  3100000 / 10000000 order item SQL inserts
  3200000 / 10000000 order item SQL inserts
  3300000 / 10000000 order item SQL inserts
  3400000 / 10000000 order item SQL inserts
  3500000 / 10000000 order item SQL inserts
  3600000 / 10000000 order item SQL inserts
  3700000 / 10000000 order item SQL inserts
  3800000 / 10000000 order item SQL inserts
  3900000 / 10000000 order item SQL inserts
  4000000 / 10000000 order item SQL inserts
  4100000 / 10000000 order item SQL inserts
  4200000 / 10000000 order item SQL inserts
  4300000 / 10000000 order item SQL inserts
  4400000 / 10000000 order item SQL inserts
  4500000 / 10000000 order item SQL inserts
  4600000 / 10000000 order item SQL inserts
  4700000 / 10000000 order item SQL inserts
  4800000 / 10000000 order item SQL inserts
  4900000 / 10000000 order item SQL inserts
  5000000 / 10000000 order item SQL inserts
  5100000 / 10000000 order item SQL inserts
  5200000 / 10000000 order item SQL inserts
  5300000 / 10000000 order item SQL inserts
  5400000 / 10000000 order item SQL inserts
  5500000 / 10000000 order item SQL inserts
  5600000 / 10000000 order item SQL inserts
  5700000 / 10000000 order item SQL inserts
  5800000 / 10000000 order item SQL inserts
  5900000 / 10000000 order item SQL inserts
  6000000 / 10000000 order item SQL inserts
  6100000 / 10000000 order item SQL inserts
  6200000 / 10000000 order item SQL inserts
  6300000 / 10000000 order item SQL inserts
  6400000 / 10000000 order item SQL inserts
  6500000 / 10000000 order item SQL inserts
  6600000 / 10000000 order item SQL inserts
  6700000 / 10000000 order item SQL inserts
  6800000 / 10000000 order item SQL inserts
  6900000 / 10000000 order item SQL inserts
  7000000 / 10000000 order item SQL inserts
  7100000 / 10000000 order item SQL inserts
  7200000 / 10000000 order item SQL inserts
  7300000 / 10000000 order item SQL inserts
  7400000 / 10000000 order item SQL inserts
  7500000 / 10000000 order item SQL inserts
  7600000 / 10000000 order item SQL inserts
  7700000 / 10000000 order item SQL inserts
  7800000 / 10000000 order item SQL inserts
  7900000 / 10000000 order item SQL inserts
  8000000 / 10000000 order item SQL inserts
  8100000 / 10000000 order item SQL inserts
  8200000 / 10000000 order item SQL inserts
  8300000 / 10000000 order item SQL inserts
  8400000 / 10000000 order item SQL inserts
  8500000 / 10000000 order item SQL inserts
  8600000 / 10000000 order item SQL inserts
  8700000 / 10000000 order item SQL inserts
  8800000 / 10000000 order item SQL inserts
  8900000 / 10000000 order item SQL inserts
  9000000 / 10000000 order item SQL inserts
  9100000 / 10000000 order item SQL inserts
  9200000 / 10000000 order item SQL inserts
  9300000 / 10000000 order item SQL inserts
  9400000 / 10000000 order item SQL inserts
  9500000 / 10000000 order item SQL inserts
  9600000 / 10000000 order item SQL inserts
  9700000 / 10000000 order item SQL inserts
  9800000 / 10000000 order item SQL inserts
  9900000 / 10000000 order item SQL inserts
  10000000 / 10000000 order item SQL inserts

--- order item Mongo inserts ---
  100000 / 10000000 order item Mongo inserts
  200000 / 10000000 order item Mongo inserts
  300000 / 10000000 order item Mongo inserts
  400000 / 10000000 order item Mongo inserts
  500000 / 10000000 order item Mongo inserts
  600000 / 10000000 order item Mongo inserts
  700000 / 10000000 order item Mongo inserts
  800000 / 10000000 order item Mongo inserts
  900000 / 10000000 order item Mongo inserts
  1000000 / 10000000 order item Mongo inserts
  1100000 / 10000000 order item Mongo inserts
  1200000 / 10000000 order item Mongo inserts
  1300000 / 10000000 order item Mongo inserts
  1400000 / 10000000 order item Mongo inserts
  1500000 / 10000000 order item Mongo inserts
  1600000 / 10000000 order item Mongo inserts
  1700000 / 10000000 order item Mongo inserts
  1800000 / 10000000 order item Mongo inserts
  1900000 / 10000000 order item Mongo inserts
  2000000 / 10000000 order item Mongo inserts
  2100000 / 10000000 order item Mongo inserts
  2200000 / 10000000 order item Mongo inserts
  2300000 / 10000000 order item Mongo inserts
  2400000 / 10000000 order item Mongo inserts
  2500000 / 10000000 order item Mongo inserts
  2600000 / 10000000 order item Mongo inserts
  2700000 / 10000000 order item Mongo inserts
  2800000 / 10000000 order item Mongo inserts
  2900000 / 10000000 order item Mongo inserts
  3000000 / 10000000 order item Mongo inserts
  3100000 / 10000000 order item Mongo inserts
  3200000 / 10000000 order item Mongo inserts
  3300000 / 10000000 order item Mongo inserts
  3400000 / 10000000 order item Mongo inserts
  3500000 / 10000000 order item Mongo inserts
  3600000 / 10000000 order item Mongo inserts
  3700000 / 10000000 order item Mongo inserts
  3800000 / 10000000 order item Mongo inserts
  3900000 / 10000000 order item Mongo inserts
  4000000 / 10000000 order item Mongo inserts
  4100000 / 10000000 order item Mongo inserts
  4200000 / 10000000 order item Mongo inserts
  4300000 / 10000000 order item Mongo inserts
  4400000 / 10000000 order item Mongo inserts
  4500000 / 10000000 order item Mongo inserts
  4600000 / 10000000 order item Mongo inserts
  4700000 / 10000000 order item Mongo inserts
  4800000 / 10000000 order item Mongo inserts
  4900000 / 10000000 order item Mongo inserts
  5000000 / 10000000 order item Mongo inserts
  5100000 / 10000000 order item Mongo inserts
  5200000 / 10000000 order item Mongo inserts
  5300000 / 10000000 order item Mongo inserts
  5400000 / 10000000 order item Mongo inserts
  5500000 / 10000000 order item Mongo inserts
  5600000 / 10000000 order item Mongo inserts
  5700000 / 10000000 order item Mongo inserts
  5800000 / 10000000 order item Mongo inserts
  5900000 / 10000000 order item Mongo inserts
  6000000 / 10000000 order item Mongo inserts
  6100000 / 10000000 order item Mongo inserts
  6200000 / 10000000 order item Mongo inserts
  6300000 / 10000000 order item Mongo inserts
  6400000 / 10000000 order item Mongo inserts
  6500000 / 10000000 order item Mongo inserts
  6600000 / 10000000 order item Mongo inserts
  6700000 / 10000000 order item Mongo inserts
  6800000 / 10000000 order item Mongo inserts
  6900000 / 10000000 order item Mongo inserts
  7000000 / 10000000 order item Mongo inserts
  7100000 / 10000000 order item Mongo inserts
  7200000 / 10000000 order item Mongo inserts
  7300000 / 10000000 order item Mongo inserts
  7400000 / 10000000 order item Mongo inserts
  7500000 / 10000000 order item Mongo inserts
  7600000 / 10000000 order item Mongo inserts
  7700000 / 10000000 order item Mongo inserts
  7800000 / 10000000 order item Mongo inserts
  7900000 / 10000000 order item Mongo inserts
  8000000 / 10000000 order item Mongo inserts
  8100000 / 10000000 order item Mongo inserts
  8200000 / 10000000 order item Mongo inserts
  8300000 / 10000000 order item Mongo inserts
  8400000 / 10000000 order item Mongo inserts
  8500000 / 10000000 order item Mongo inserts
  8600000 / 10000000 order item Mongo inserts
  8700000 / 10000000 order item Mongo inserts
  8800000 / 10000000 order item Mongo inserts
  8900000 / 10000000 order item Mongo inserts
  9000000 / 10000000 order item Mongo inserts
  9100000 / 10000000 order item Mongo inserts
  9200000 / 10000000 order item Mongo inserts
  9300000 / 10000000 order item Mongo inserts
  9400000 / 10000000 order item Mongo inserts
  9500000 / 10000000 order item Mongo inserts
  9600000 / 10000000 order item Mongo inserts
  9700000 / 10000000 order item Mongo inserts
  9800000 / 10000000 order item Mongo inserts
  9900000 / 10000000 order item Mongo inserts
  10000000 / 10000000 order item Mongo inserts

--- payment SQL inserts ---
  100000 / 10000000 payment SQL inserts
  200000 / 10000000 payment SQL inserts
  300000 / 10000000 payment SQL inserts
  400000 / 10000000 payment SQL inserts
  500000 / 10000000 payment SQL inserts
  600000 / 10000000 payment SQL inserts
  700000 / 10000000 payment SQL inserts
  800000 / 10000000 payment SQL inserts
  900000 / 10000000 payment SQL inserts
  1000000 / 10000000 payment SQL inserts
  1100000 / 10000000 payment SQL inserts
  1200000 / 10000000 payment SQL inserts
  1300000 / 10000000 payment SQL inserts
  1400000 / 10000000 payment SQL inserts
  1500000 / 10000000 payment SQL inserts
  1600000 / 10000000 payment SQL inserts
  1700000 / 10000000 payment SQL inserts
  1800000 / 10000000 payment SQL inserts
  1900000 / 10000000 payment SQL inserts
  2000000 / 10000000 payment SQL inserts
  2100000 / 10000000 payment SQL inserts
  2200000 / 10000000 payment SQL inserts
  2300000 / 10000000 payment SQL inserts
  2400000 / 10000000 payment SQL inserts
  2500000 / 10000000 payment SQL inserts
  2600000 / 10000000 payment SQL inserts
  2700000 / 10000000 payment SQL inserts
  2800000 / 10000000 payment SQL inserts
  2900000 / 10000000 payment SQL inserts
  3000000 / 10000000 payment SQL inserts
  3100000 / 10000000 payment SQL inserts
  3200000 / 10000000 payment SQL inserts
  3300000 / 10000000 payment SQL inserts
  3400000 / 10000000 payment SQL inserts
  3500000 / 10000000 payment SQL inserts
  3600000 / 10000000 payment SQL inserts
  3700000 / 10000000 payment SQL inserts
  3800000 / 10000000 payment SQL inserts
  3900000 / 10000000 payment SQL inserts
  4000000 / 10000000 payment SQL inserts
  4100000 / 10000000 payment SQL inserts
  4200000 / 10000000 payment SQL inserts
  4300000 / 10000000 payment SQL inserts
  4400000 / 10000000 payment SQL inserts
  4500000 / 10000000 payment SQL inserts
  4600000 / 10000000 payment SQL inserts
  4700000 / 10000000 payment SQL inserts
  4800000 / 10000000 payment SQL inserts
  4900000 / 10000000 payment SQL inserts
  5000000 / 10000000 payment SQL inserts
  5100000 / 10000000 payment SQL inserts
  5200000 / 10000000 payment SQL inserts
  5300000 / 10000000 payment SQL inserts
  5400000 / 10000000 payment SQL inserts
  5500000 / 10000000 payment SQL inserts
  5600000 / 10000000 payment SQL inserts
  5700000 / 10000000 payment SQL inserts
  5800000 / 10000000 payment SQL inserts
  5900000 / 10000000 payment SQL inserts
  6000000 / 10000000 payment SQL inserts
  6100000 / 10000000 payment SQL inserts
  6200000 / 10000000 payment SQL inserts
  6300000 / 10000000 payment SQL inserts
  6400000 / 10000000 payment SQL inserts
  6500000 / 10000000 payment SQL inserts
  6600000 / 10000000 payment SQL inserts
  6700000 / 10000000 payment SQL inserts
  6800000 / 10000000 payment SQL inserts
  6900000 / 10000000 payment SQL inserts
  7000000 / 10000000 payment SQL inserts
  7100000 / 10000000 payment SQL inserts
  7200000 / 10000000 payment SQL inserts
  7300000 / 10000000 payment SQL inserts
  7400000 / 10000000 payment SQL inserts
  7500000 / 10000000 payment SQL inserts
  7600000 / 10000000 payment SQL inserts
  7700000 / 10000000 payment SQL inserts
  7800000 / 10000000 payment SQL inserts
  7900000 / 10000000 payment SQL inserts
  8000000 / 10000000 payment SQL inserts
  8100000 / 10000000 payment SQL inserts
  8200000 / 10000000 payment SQL inserts
  8300000 / 10000000 payment SQL inserts
  8400000 / 10000000 payment SQL inserts
  8500000 / 10000000 payment SQL inserts
  8600000 / 10000000 payment SQL inserts
  8700000 / 10000000 payment SQL inserts
  8800000 / 10000000 payment SQL inserts
  8900000 / 10000000 payment SQL inserts
  9000000 / 10000000 payment SQL inserts
  9100000 / 10000000 payment SQL inserts
  9200000 / 10000000 payment SQL inserts
  9300000 / 10000000 payment SQL inserts
  9400000 / 10000000 payment SQL inserts
  9500000 / 10000000 payment SQL inserts
  9600000 / 10000000 payment SQL inserts
  9700000 / 10000000 payment SQL inserts
  9800000 / 10000000 payment SQL inserts
  9900000 / 10000000 payment SQL inserts
  10000000 / 10000000 payment SQL inserts

--- payment Mongo inserts ---
  100000 / 10000000 payment Mongo inserts
  200000 / 10000000 payment Mongo inserts
  300000 / 10000000 payment Mongo inserts
  400000 / 10000000 payment Mongo inserts
  500000 / 10000000 payment Mongo inserts
  600000 / 10000000 payment Mongo inserts
  700000 / 10000000 payment Mongo inserts
  800000 / 10000000 payment Mongo inserts
  900000 / 10000000 payment Mongo inserts
  1000000 / 10000000 payment Mongo inserts
  1100000 / 10000000 payment Mongo inserts
  1200000 / 10000000 payment Mongo inserts
  1300000 / 10000000 payment Mongo inserts
  1400000 / 10000000 payment Mongo inserts
  1500000 / 10000000 payment Mongo inserts
  1600000 / 10000000 payment Mongo inserts
  1700000 / 10000000 payment Mongo inserts
  1800000 / 10000000 payment Mongo inserts
  1900000 / 10000000 payment Mongo inserts
  2000000 / 10000000 payment Mongo inserts
  2100000 / 10000000 payment Mongo inserts
  2200000 / 10000000 payment Mongo inserts
  2300000 / 10000000 payment Mongo inserts
  2400000 / 10000000 payment Mongo inserts
  2500000 / 10000000 payment Mongo inserts
  2600000 / 10000000 payment Mongo inserts
  2700000 / 10000000 payment Mongo inserts
  2800000 / 10000000 payment Mongo inserts
  2900000 / 10000000 payment Mongo inserts
  3000000 / 10000000 payment Mongo inserts
  3100000 / 10000000 payment Mongo inserts
  3200000 / 10000000 payment Mongo inserts
  3300000 / 10000000 payment Mongo inserts
  3400000 / 10000000 payment Mongo inserts
  3500000 / 10000000 payment Mongo inserts
  3600000 / 10000000 payment Mongo inserts
  3700000 / 10000000 payment Mongo inserts
  3800000 / 10000000 payment Mongo inserts
  3900000 / 10000000 payment Mongo inserts
  4000000 / 10000000 payment Mongo inserts
  4100000 / 10000000 payment Mongo inserts
  4200000 / 10000000 payment Mongo inserts
  4300000 / 10000000 payment Mongo inserts
  4400000 / 10000000 payment Mongo inserts
  4500000 / 10000000 payment Mongo inserts
  4600000 / 10000000 payment Mongo inserts
  4700000 / 10000000 payment Mongo inserts
  4800000 / 10000000 payment Mongo inserts
  4900000 / 10000000 payment Mongo inserts
  5000000 / 10000000 payment Mongo inserts
  5100000 / 10000000 payment Mongo inserts
  5200000 / 10000000 payment Mongo inserts
  5300000 / 10000000 payment Mongo inserts
  5400000 / 10000000 payment Mongo inserts
  5500000 / 10000000 payment Mongo inserts
  5600000 / 10000000 payment Mongo inserts
  5700000 / 10000000 payment Mongo inserts
  5800000 / 10000000 payment Mongo inserts
  5900000 / 10000000 payment Mongo inserts
  6000000 / 10000000 payment Mongo inserts
  6100000 / 10000000 payment Mongo inserts
  6200000 / 10000000 payment Mongo inserts
  6300000 / 10000000 payment Mongo inserts
  6400000 / 10000000 payment Mongo inserts
  6500000 / 10000000 payment Mongo inserts
  6600000 / 10000000 payment Mongo inserts
  6700000 / 10000000 payment Mongo inserts
  6800000 / 10000000 payment Mongo inserts
  6900000 / 10000000 payment Mongo inserts
  7000000 / 10000000 payment Mongo inserts
  7100000 / 10000000 payment Mongo inserts
  7200000 / 10000000 payment Mongo inserts
  7300000 / 10000000 payment Mongo inserts
  7400000 / 10000000 payment Mongo inserts
  7500000 / 10000000 payment Mongo inserts
  7600000 / 10000000 payment Mongo inserts
  7700000 / 10000000 payment Mongo inserts
  7800000 / 10000000 payment Mongo inserts
  7900000 / 10000000 payment Mongo inserts
  8000000 / 10000000 payment Mongo inserts
  8100000 / 10000000 payment Mongo inserts
  8200000 / 10000000 payment Mongo inserts
  8300000 / 10000000 payment Mongo inserts
  8400000 / 10000000 payment Mongo inserts
  8500000 / 10000000 payment Mongo inserts
  8600000 / 10000000 payment Mongo inserts
  8700000 / 10000000 payment Mongo inserts
  8800000 / 10000000 payment Mongo inserts
  8900000 / 10000000 payment Mongo inserts
  9000000 / 10000000 payment Mongo inserts
  9100000 / 10000000 payment Mongo inserts
  9200000 / 10000000 payment Mongo inserts
  9300000 / 10000000 payment Mongo inserts
  9400000 / 10000000 payment Mongo inserts
  9500000 / 10000000 payment Mongo inserts
  9600000 / 10000000 payment Mongo inserts
  9700000 / 10000000 payment Mongo inserts
  9800000 / 10000000 payment Mongo inserts
  9900000 / 10000000 payment Mongo inserts
  10000000 / 10000000 payment Mongo inserts

--- payment Redis sets ---
  100000 / 10000000 payment Redis sets
  200000 / 10000000 payment Redis sets
  300000 / 10000000 payment Redis sets
  400000 / 10000000 payment Redis sets
  500000 / 10000000 payment Redis sets
  600000 / 10000000 payment Redis sets
  700000 / 10000000 payment Redis sets
  800000 / 10000000 payment Redis sets
  900000 / 10000000 payment Redis sets
  1000000 / 10000000 payment Redis sets
  1100000 / 10000000 payment Redis sets
  1200000 / 10000000 payment Redis sets
  1300000 / 10000000 payment Redis sets
  1400000 / 10000000 payment Redis sets
  1500000 / 10000000 payment Redis sets
  1600000 / 10000000 payment Redis sets
  1700000 / 10000000 payment Redis sets
  1800000 / 10000000 payment Redis sets
  1900000 / 10000000 payment Redis sets
  2000000 / 10000000 payment Redis sets
  2100000 / 10000000 payment Redis sets
  2200000 / 10000000 payment Redis sets
  2300000 / 10000000 payment Redis sets
  2400000 / 10000000 payment Redis sets
  2500000 / 10000000 payment Redis sets
  2600000 / 10000000 payment Redis sets
  2700000 / 10000000 payment Redis sets
  2800000 / 10000000 payment Redis sets
  2900000 / 10000000 payment Redis sets
  3000000 / 10000000 payment Redis sets
  3100000 / 10000000 payment Redis sets
  3200000 / 10000000 payment Redis sets
  3300000 / 10000000 payment Redis sets
  3400000 / 10000000 payment Redis sets
  3500000 / 10000000 payment Redis sets
  3600000 / 10000000 payment Redis sets
  3700000 / 10000000 payment Redis sets
  3800000 / 10000000 payment Redis sets
  3900000 / 10000000 payment Redis sets
  4000000 / 10000000 payment Redis sets
  4100000 / 10000000 payment Redis sets
  4200000 / 10000000 payment Redis sets
  4300000 / 10000000 payment Redis sets
  4400000 / 10000000 payment Redis sets
  4500000 / 10000000 payment Redis sets
  4600000 / 10000000 payment Redis sets
  4700000 / 10000000 payment Redis sets
  4800000 / 10000000 payment Redis sets
  4900000 / 10000000 payment Redis sets
  5000000 / 10000000 payment Redis sets
  5100000 / 10000000 payment Redis sets
  5200000 / 10000000 payment Redis sets
  5300000 / 10000000 payment Redis sets
  5400000 / 10000000 payment Redis sets
  5500000 / 10000000 payment Redis sets
  5600000 / 10000000 payment Redis sets
  5700000 / 10000000 payment Redis sets
  5800000 / 10000000 payment Redis sets
  5900000 / 10000000 payment Redis sets
  6000000 / 10000000 payment Redis sets
  6100000 / 10000000 payment Redis sets
  6200000 / 10000000 payment Redis sets
  6300000 / 10000000 payment Redis sets
  6400000 / 10000000 payment Redis sets
  6500000 / 10000000 payment Redis sets
  6600000 / 10000000 payment Redis sets
  6700000 / 10000000 payment Redis sets
  6800000 / 10000000 payment Redis sets
  6900000 / 10000000 payment Redis sets
  7000000 / 10000000 payment Redis sets
  7100000 / 10000000 payment Redis sets
  7200000 / 10000000 payment Redis sets
  7300000 / 10000000 payment Redis sets
  7400000 / 10000000 payment Redis sets
  7500000 / 10000000 payment Redis sets
  7600000 / 10000000 payment Redis sets
  7700000 / 10000000 payment Redis sets
  7800000 / 10000000 payment Redis sets
  7900000 / 10000000 payment Redis sets
  8000000 / 10000000 payment Redis sets
  8100000 / 10000000 payment Redis sets
  8200000 / 10000000 payment Redis sets
  8300000 / 10000000 payment Redis sets
  8400000 / 10000000 payment Redis sets
  8500000 / 10000000 payment Redis sets
  8600000 / 10000000 payment Redis sets
  8700000 / 10000000 payment Redis sets
  8800000 / 10000000 payment Redis sets
  8900000 / 10000000 payment Redis sets
  9000000 / 10000000 payment Redis sets
  9100000 / 10000000 payment Redis sets
  9200000 / 10000000 payment Redis sets
  9300000 / 10000000 payment Redis sets
  9400000 / 10000000 payment Redis sets
  9500000 / 10000000 payment Redis sets
  9600000 / 10000000 payment Redis sets
  9700000 / 10000000 payment Redis sets
  9800000 / 10000000 payment Redis sets
  9900000 / 10000000 payment Redis sets
  10000000 / 10000000 payment Redis sets

--- review SQL inserts ---
  100000 / 2000000 review SQL inserts
  200000 / 2000000 review SQL inserts
  300000 / 2000000 review SQL inserts
  400000 / 2000000 review SQL inserts
  500000 / 2000000 review SQL inserts
  600000 / 2000000 review SQL inserts
  700000 / 2000000 review SQL inserts
  800000 / 2000000 review SQL inserts
  900000 / 2000000 review SQL inserts
  1000000 / 2000000 review SQL inserts
  1100000 / 2000000 review SQL inserts
  1200000 / 2000000 review SQL inserts
  1300000 / 2000000 review SQL inserts
  1400000 / 2000000 review SQL inserts
  1500000 / 2000000 review SQL inserts
  1600000 / 2000000 review SQL inserts
  1700000 / 2000000 review SQL inserts
  1800000 / 2000000 review SQL inserts
  1900000 / 2000000 review SQL inserts
  2000000 / 2000000 review SQL inserts

--- review Mongo inserts ---
  100000 / 2000000 review Mongo inserts
  200000 / 2000000 review Mongo inserts
  300000 / 2000000 review Mongo inserts
  400000 / 2000000 review Mongo inserts
  500000 / 2000000 review Mongo inserts
  600000 / 2000000 review Mongo inserts
  700000 / 2000000 review Mongo inserts
  800000 / 2000000 review Mongo inserts
  900000 / 2000000 review Mongo inserts
  1000000 / 2000000 review Mongo inserts
  1100000 / 2000000 review Mongo inserts
  1200000 / 2000000 review Mongo inserts
  1300000 / 2000000 review Mongo inserts
  1400000 / 2000000 review Mongo inserts
  1500000 / 2000000 review Mongo inserts
  1600000 / 2000000 review Mongo inserts
  1700000 / 2000000 review Mongo inserts
  1800000 / 2000000 review Mongo inserts
  1900000 / 2000000 review Mongo inserts
  2000000 / 2000000 review Mongo inserts

--- inventory log SQL inserts ---
  100000 / 100000 inventory log SQL inserts

--- inventory log Mongo inserts ---
  100000 / 100000 inventory log Mongo inserts

Benchmark data generation complete!
[0;32m✓ Query files regenerated.[0m
 42G	queries/

[1m[1;33m▶ Step 4/6 — Build benchmark runner[0m

[0;32m✓ bin/bench built.[0m

[1m[1;33m▶ Step 5/6 — Run benchmark (this is the long phase)[0m

╔════════════════════════════════════════════════════════════╗
║        Database Performance Benchmark Suite               ║
╚════════════════════════════════════════════════════════════╝

Configuration:
  Trials per test:       3
  Batch (Phase B/fast):  10000
  Batch (Phase A/scan):  1000
  Skip Phase A @ largest: true
  Target database:       all
  Data scales:           [500000 1000000 10000000]


============================================================
Starting MySQL Benchmarks
============================================================
✓ Connected to MySQL

▶ MySQL @ scale=500000
  Phase A: WITHOUT indexes
✓ MySQL tables truncated
  ✓ Loaded 200 rows from queries/categories_sql_insert.sql
  ✓ Loaded 500000 rows from queries/users_sql_insert.sql
  ✓ Loaded 500000 rows from queries/addresses_sql_insert.sql
  ✓ Loaded 100000 rows from queries/products_sql_insert.sql
  ✓ Loaded 500000 rows from queries/orders_sql_insert.sql

============================================================
MySQL Benchmark: users - SELECT (batch: 1000)
============================================================

Trial 1/3:
  Running 1000 queries...
  ✓ Time: 306.39s (306.39 ms/query)
  ✓ QPS: 3.26

Trial 2/3:
  Running 1000 queries...
  ✓ Time: 298.07s (298.07 ms/query)
  ✓ QPS: 3.35

Trial 3/3:
  Running 1000 queries...
  ✓ Time: 314.72s (314.72 ms/query)
  ✓ QPS: 3.18

📊 Average Results:
  Time: 306.39s
  QPS: 3.27

============================================================
MySQL Benchmark: categories - SELECT (batch: 1000)
============================================================

Trial 1/3:
  Running 1000 queries...
  ✓ Time: 0.17s (0.17 ms/query)
  ✓ QPS: 5988.06

Trial 2/3:
  Running 1000 queries...
  ✓ Time: 0.17s (0.17 ms/query)
  ✓ QPS: 5993.10

Trial 3/3:
  Running 1000 queries...
  ✓ Time: 0.18s (0.18 ms/query)
  ✓ QPS: 5458.37

📊 Average Results:
  Time: 0.17s
  QPS: 5813.18

============================================================
MySQL Benchmark: products - SELECT (batch: 1000)
============================================================

Trial 1/3:
  Running 1000 queries...
  ✓ Time: 23.96s (23.96 ms/query)
  ✓ QPS: 41.74

Trial 2/3:
  Running 1000 queries...
  ✓ Time: 23.99s (23.99 ms/query)
  ✓ QPS: 41.68

Trial 3/3:
  Running 1000 queries...
  ✓ Time: 23.83s (23.83 ms/query)
  ✓ QPS: 41.96

📊 Average Results:
  Time: 23.93s
  QPS: 41.79

============================================================
MySQL Benchmark: addresses - SELECT (batch: 1000)
============================================================

Trial 1/3:
  Running 1000 queries...
  ✓ Time: 97.58s (97.58 ms/query)
  ✓ QPS: 10.25

Trial 2/3:
  Running 1000 queries...
  ✓ Time: 97.39s (97.39 ms/query)
  ✓ QPS: 10.27

Trial 3/3:
  Running 1000 queries...
  ✓ Time: 97.33s (97.33 ms/query)
  ✓ QPS: 10.27

📊 Average Results:
  Time: 97.44s
  QPS: 10.26

============================================================
MySQL Benchmark: orders - SELECT (batch: 1000)
============================================================

Trial 1/3:
  Running 1000 queries...
  ✓ Time: 150.87s (150.87 ms/query)
  ✓ QPS: 6.63

Trial 2/3:
  Running 1000 queries...
  ✓ Time: 150.06s (150.06 ms/query)
  ✓ QPS: 6.66

Trial 3/3:
  Running 1000 queries...
  ✓ Time: 150.18s (150.18 ms/query)
  ✓ QPS: 6.66

📊 Average Results:
  Time: 150.37s
  QPS: 6.65

============================================================
MySQL Benchmark: users - INSERT (batch: 1000)
============================================================

Trial 1/3:
  Running 1000 queries...
  ✓ Time: 0.13s (0.13 ms/query)
  ✓ QPS: 7733.95

Trial 2/3:
  Running 1000 queries...
  ✓ Time: 0.13s (0.13 ms/query)
  ✓ QPS: 7750.53

Trial 3/3:
  Running 1000 queries...
  ✓ Time: 0.12s (0.12 ms/query)
  ✓ QPS: 8411.53

📊 Average Results:
  Time: 0.13s
  QPS: 7965.34

============================================================
MySQL Benchmark: categories - INSERT (batch: 1000)
============================================================

Trial 1/3:
  Running 1000 queries...
  ✓ Time: 0.12s (0.12 ms/query)
  ✓ QPS: 8134.06

Trial 2/3:
  Running 1000 queries...
  ✓ Time: 0.12s (0.12 ms/query)
  ✓ QPS: 8237.38

Trial 3/3:
  Running 1000 queries...
  ✓ Time: 0.12s (0.12 ms/query)
  ✓ QPS: 8504.45

📊 Average Results:
  Time: 0.12s
  QPS: 8291.96

============================================================
MySQL Benchmark: products - INSERT (batch: 1000)
============================================================

Trial 1/3:
  Running 1000 queries...
  ✓ Time: 0.11s (0.11 ms/query)
  ✓ QPS: 9284.08

Trial 2/3:
  Running 1000 queries...
  ✓ Time: 0.12s (0.12 ms/query)
  ✓ QPS: 8367.09

Trial 3/3:
  Running 1000 queries...
  ✓ Time: 0.13s (0.12 ms/query)
  ✓ QPS: 7993.04

📊 Average Results:
  Time: 0.12s
  QPS: 8548.07

============================================================
MySQL Benchmark: addresses - INSERT (batch: 1000)
============================================================

Trial 1/3:
  Running 1000 queries...
  ✓ Time: 0.12s (0.12 ms/query)
  ✓ QPS: 8145.40

Trial 2/3:
  Running 1000 queries...
  ✓ Time: 0.11s (0.11 ms/query)
  ✓ QPS: 9287.55

Trial 3/3:
  Running 1000 queries...
  ✓ Time: 0.12s (0.12 ms/query)
  ✓ QPS: 8404.73

📊 Average Results:
  Time: 0.12s
  QPS: 8612.56

============================================================
MySQL Benchmark: orders - INSERT (batch: 1000)
============================================================

Trial 1/3:
  Running 1000 queries...
  ✓ Time: 0.12s (0.12 ms/query)
  ✓ QPS: 8426.61

Trial 2/3:
  Running 1000 queries...
  ✓ Time: 0.12s (0.12 ms/query)
  ✓ QPS: 8312.30

Trial 3/3:
  Running 1000 queries...
  ✓ Time: 0.12s (0.12 ms/query)
  ✓ QPS: 8009.16

📊 Average Results:
  Time: 0.12s
  QPS: 8249.36

============================================================
MySQL Benchmark: users - UPDATE (batch: 1000)
============================================================

Trial 1/3:
  Running 1000 queries...
  ✓ Time: 0.73s (0.72 ms/query)
  ✓ QPS: 1378.06

Trial 2/3:
  Running 1000 queries...
  ✓ Time: 0.12s (0.12 ms/query)
  ✓ QPS: 8100.91

Trial 3/3:
  Running 1000 queries...
  ✓ Time: 0.12s (0.12 ms/query)
  ✓ QPS: 8492.96

📊 Average Results:
  Time: 0.32s
  QPS: 5990.64

============================================================
MySQL Benchmark: categories - UPDATE (batch: 1000)
============================================================

Trial 1/3:
  Running 1000 queries...
  ✓ Time: 0.23s (0.23 ms/query)
  ✓ QPS: 4258.28

Trial 2/3:
  Running 1000 queries...
  ✓ Time: 0.12s (0.12 ms/query)
  ✓ QPS: 8567.08

Trial 3/3:
  Running 1000 queries...
  ✓ Time: 0.12s (0.12 ms/query)
  ✓ QPS: 8446.13

📊 Average Results:
  Time: 0.16s
  QPS: 7090.50

============================================================
MySQL Benchmark: products - UPDATE (batch: 1000)
============================================================

Trial 1/3:
  Running 1000 queries...
  ✓ Time: 0.79s (0.79 ms/query)
  ✓ QPS: 1268.81

Trial 2/3:
  Running 1000 queries...
  ✓ Time: 0.16s (0.16 ms/query)
  ✓ QPS: 6306.15

Trial 3/3:
  Running 1000 queries...
  ✓ Time: 0.12s (0.12 ms/query)
  ✓ QPS: 8682.97

📊 Average Results:
  Time: 0.35s
  QPS: 5419.31

============================================================
MySQL Benchmark: addresses - UPDATE (batch: 1000)
============================================================

Trial 1/3:
  Running 1000 queries...
  ✓ Time: 0.72s (0.72 ms/query)
  ✓ QPS: 1383.18

Trial 2/3:
  Running 1000 queries...
  ✓ Time: 0.13s (0.12 ms/query)
  ✓ QPS: 7968.72

Trial 3/3:
  Running 1000 queries...
  ✓ Time: 0.12s (0.12 ms/query)
  ✓ QPS: 8627.79

📊 Average Results:
  Time: 0.32s
  QPS: 5993.23

============================================================
MySQL Benchmark: orders - UPDATE (batch: 1000)
============================================================

Trial 1/3:
  Running 1000 queries...
  ✓ Time: 0.57s (0.57 ms/query)
  ✓ QPS: 1742.75

Trial 2/3:
  Running 1000 queries...
  ✓ Time: 0.12s (0.12 ms/query)
  ✓ QPS: 8309.15

Trial 3/3:
  Running 1000 queries...
  ✓ Time: 0.12s (0.12 ms/query)
  ✓ QPS: 8537.19

📊 Average Results:
  Time: 0.27s
  QPS: 6196.36

============================================================
MySQL Benchmark: users - DELETE (batch: 1000)
============================================================

Trial 1/3:
  Running 1000 queries...
  ✓ Time: 0.66s (0.66 ms/query)
  ✓ QPS: 1505.94

Trial 2/3:
  Running 1000 queries...
  ✓ Time: 0.12s (0.12 ms/query)
  ✓ QPS: 8684.17

Trial 3/3:
  Running 1000 queries...
  ✓ Time: 0.11s (0.11 ms/query)
  ✓ QPS: 8979.43

📊 Average Results:
  Time: 0.30s
  QPS: 6389.85

============================================================
MySQL Benchmark: categories - DELETE (batch: 1000)
============================================================

Trial 1/3:
  Running 1000 queries...
  ✓ Time: 0.24s (0.24 ms/query)
  ✓ QPS: 4134.51

Trial 2/3:
  Running 1000 queries...
  ✓ Time: 0.11s (0.11 ms/query)
  ✓ QPS: 8771.88

Trial 3/3:
  Running 1000 queries...
  ✓ Time: 0.12s (0.12 ms/query)
  ✓ QPS: 8577.93

📊 Average Results:
  Time: 0.16s
  QPS: 7161.44

============================================================
MySQL Benchmark: products - DELETE (batch: 1000)
============================================================

Trial 1/3:
  Running 1000 queries...
  ✓ Time: 0.66s (0.66 ms/query)
  ✓ QPS: 1514.77

Trial 2/3:
  Running 1000 queries...
  ✓ Time: 0.12s (0.12 ms/query)
  ✓ QPS: 8424.81

Trial 3/3:
  Running 1000 queries...
  ✓ Time: 0.12s (0.12 ms/query)
  ✓ QPS: 8372.70

📊 Average Results:
  Time: 0.30s
  QPS: 6104.09

============================================================
MySQL Benchmark: addresses - DELETE (batch: 1000)
============================================================

Trial 1/3:
  Running 1000 queries...
  ✓ Time: 0.66s (0.66 ms/query)
  ✓ QPS: 1506.46

Trial 2/3:
  Running 1000 queries...
  ✓ Time: 0.12s (0.12 ms/query)
  ✓ QPS: 8313.71

Trial 3/3:
  Running 1000 queries...
  ✓ Time: 0.11s (0.11 ms/query)
  ✓ QPS: 8920.20

📊 Average Results:
  Time: 0.30s
  QPS: 6246.79

============================================================
MySQL Benchmark: orders - DELETE (batch: 1000)
============================================================

Trial 1/3:
  Running 1000 queries...
  ✓ Time: 0.71s (0.71 ms/query)
  ✓ QPS: 1404.65

Trial 2/3:
  Running 1000 queries...
  ✓ Time: 0.12s (0.12 ms/query)
  ✓ QPS: 8215.93

Trial 3/3:
  Running 1000 queries...
  ✓ Time: 0.11s (0.11 ms/query)
  ✓ QPS: 8968.98

📊 Average Results:
  Time: 0.31s
  QPS: 6196.52
  Phase B: WITH indexes
✓ MySQL tables truncated
  ✓ Loaded 200 rows from queries/categories_sql_insert.sql
  ✓ Loaded 500000 rows from queries/users_sql_insert.sql
  ✓ Loaded 500000 rows from queries/addresses_sql_insert.sql
  ✓ Loaded 100000 rows from queries/products_sql_insert.sql
  ✓ Loaded 500000 rows from queries/orders_sql_insert.sql
  Index creation notice: Error 1064 (42000): You have an error in your SQL syntax; check the manual that corresponds to your MySQL server version for the right syntax to use near 'IF NOT EXISTS idx_users_country ON users(country)' at line 1
  Index creation notice: Error 1064 (42000): You have an error in your SQL syntax; check the manual that corresponds to your MySQL server version for the right syntax to use near 'IF NOT EXISTS idx_products_category_id ON products(category_id)' at line 1
  Index creation notice: Error 1064 (42000): You have an error in your SQL syntax; check the manual that corresponds to your MySQL server version for the right syntax to use near 'IF NOT EXISTS idx_orders_status ON orders(status)' at line 1
  Index creation notice: Error 1064 (42000): You have an error in your SQL syntax; check the manual that corresponds to your MySQL server version for the right syntax to use near 'IF NOT EXISTS idx_categories_display_order ON categories(display_order)' at line 1
  Index creation notice: Error 1064 (42000): You have an error in your SQL syntax; check the manual that corresponds to your MySQL server version for the right syntax to use near 'IF NOT EXISTS idx_addresses_postal_code ON addresses(postal_code)' at line 1
✓ Indexes created

============================================================
MySQL Benchmark: users - SELECT (batch: 10000)
============================================================

Trial 1/3:
  Running 10000 queries...
  ✓ Time: 2909.35s (290.94 ms/query)
  ✓ QPS: 3.44

Trial 2/3:
  Running 10000 queries...
  ✓ Time: 2948.39s (294.84 ms/query)
  ✓ QPS: 3.39

Trial 3/3:
  Running 10000 queries...
  ✓ Time: 3210.59s (321.06 ms/query)
  ✓ QPS: 3.11

📊 Average Results:
  Time: 3022.77s
  QPS: 3.31

============================================================
MySQL Benchmark: categories - SELECT (batch: 10000)
============================================================

Trial 1/3:
  Running 10000 queries...
  ✓ Time: 1.76s (0.18 ms/query)
  ✓ QPS: 5678.59

Trial 2/3:
  Running 10000 queries...
  ✓ Time: 1.75s (0.17 ms/query)
  ✓ QPS: 5719.23

Trial 3/3:
  Running 10000 queries...
  ✓ Time: 1.76s (0.18 ms/query)
  ✓ QPS: 5683.44

📊 Average Results:
  Time: 1.76s
  QPS: 5693.75

============================================================
MySQL Benchmark: products - SELECT (batch: 10000)
============================================================

Trial 1/3:
  Running 10000 queries...
  ✓ Time: 239.28s (23.93 ms/query)
  ✓ QPS: 41.79

Trial 2/3:
  Running 10000 queries...
  ✓ Time: 237.59s (23.76 ms/query)
  ✓ QPS: 42.09

Trial 3/3:
  Running 10000 queries...
  ✓ Time: 237.14s (23.71 ms/query)
  ✓ QPS: 42.17

📊 Average Results:
  Time: 238.00s
  QPS: 42.02

============================================================
MySQL Benchmark: addresses - SELECT (batch: 10000)
============================================================

Trial 1/3:
  Running 10000 queries...
  ✓ Time: 968.91s (96.89 ms/query)
  ✓ QPS: 10.32

Trial 2/3:
  Running 10000 queries...
  ✓ Time: 969.83s (96.98 ms/query)
  ✓ QPS: 10.31

Trial 3/3:
  Running 10000 queries...
  ✓ Time: 969.21s (96.92 ms/query)
  ✓ QPS: 10.32

📊 Average Results:
  Time: 969.32s
  QPS: 10.32

============================================================
MySQL Benchmark: orders - SELECT (batch: 10000)
============================================================

Trial 1/3:
  Running 10000 queries...
  ✓ Time: 1521.95s (152.20 ms/query)
  ✓ QPS: 6.57

Trial 2/3:
  Running 10000 queries...
  ✓ Time: 1510.19s (151.02 ms/query)
  ✓ QPS: 6.62

Trial 3/3:
  Running 10000 queries...
  ✓ Time: 1494.88s (149.49 ms/query)
  ✓ QPS: 6.69

📊 Average Results:
  Time: 1509.01s
  QPS: 6.63

============================================================
MySQL Benchmark: users - INSERT (batch: 10000)
============================================================

Trial 1/3:
  Running 10000 queries...
  ✓ Time: 1.23s (0.12 ms/query)
  ✓ QPS: 8143.85

Trial 2/3:
  Running 10000 queries...
  ✓ Time: 1.22s (0.12 ms/query)
  ✓ QPS: 8220.64

Trial 3/3:
  Running 10000 queries...
  ✓ Time: 1.21s (0.12 ms/query)
  ✓ QPS: 8269.44

📊 Average Results:
  Time: 1.22s
  QPS: 8211.31

============================================================
MySQL Benchmark: categories - INSERT (batch: 10000)
============================================================

Trial 1/3:
  Running 10000 queries...
  ✓ Time: 1.23s (0.12 ms/query)
  ✓ QPS: 8130.84

Trial 2/3:
  Running 10000 queries...
  ✓ Time: 1.23s (0.12 ms/query)
  ✓ QPS: 8135.65

Trial 3/3:
  Running 10000 queries...
  ✓ Time: 1.20s (0.12 ms/query)
  ✓ QPS: 8319.09

📊 Average Results:
  Time: 1.22s
  QPS: 8195.20

============================================================
MySQL Benchmark: products - INSERT (batch: 10000)
============================================================

Trial 1/3:
  Running 10000 queries...
  ✓ Time: 1.21s (0.12 ms/query)
  ✓ QPS: 8263.13

Trial 2/3:
  Running 10000 queries...
  ✓ Time: 1.21s (0.12 ms/query)
  ✓ QPS: 8269.21

Trial 3/3:
  Running 10000 queries...
  ✓ Time: 1.22s (0.12 ms/query)
  ✓ QPS: 8165.76

📊 Average Results:
  Time: 1.21s
  QPS: 8232.70

============================================================
MySQL Benchmark: addresses - INSERT (batch: 10000)
============================================================

Trial 1/3:
  Running 10000 queries...
  ✓ Time: 1.23s (0.12 ms/query)
  ✓ QPS: 8150.24

Trial 2/3:
  Running 10000 queries...
  ✓ Time: 1.20s (0.12 ms/query)
  ✓ QPS: 8325.83

Trial 3/3:
  Running 10000 queries...
  ✓ Time: 1.22s (0.12 ms/query)
  ✓ QPS: 8194.33

📊 Average Results:
  Time: 1.22s
  QPS: 8223.46

============================================================
MySQL Benchmark: orders - INSERT (batch: 10000)
============================================================

Trial 1/3:
  Running 10000 queries...
  ✓ Time: 1.19s (0.12 ms/query)
  ✓ QPS: 8369.72

Trial 2/3:
  Running 10000 queries...
  ✓ Time: 1.21s (0.12 ms/query)
  ✓ QPS: 8244.84

Trial 3/3:
  Running 10000 queries...
  ✓ Time: 1.23s (0.12 ms/query)
  ✓ QPS: 8161.34

📊 Average Results:
  Time: 1.21s
  QPS: 8258.64

============================================================
MySQL Benchmark: users - UPDATE (batch: 10000)
============================================================

Trial 1/3:
  Running 10000 queries...
  ✓ Time: 8.12s (0.81 ms/query)
  ✓ QPS: 1231.30

Trial 2/3:
  Running 10000 queries...
  ✓ Time: 1.19s (0.12 ms/query)
  ✓ QPS: 8434.65

Trial 3/3:
  Running 10000 queries...
  ✓ Time: 1.16s (0.12 ms/query)
  ✓ QPS: 8612.90

📊 Average Results:
  Time: 3.49s
  QPS: 6092.95

============================================================
MySQL Benchmark: categories - UPDATE (batch: 10000)
============================================================

Trial 1/3:
  Running 10000 queries...
  ✓ Time: 1.29s (0.13 ms/query)
  ✓ QPS: 7774.05

Trial 2/3:
  Running 10000 queries...
  ✓ Time: 1.19s (0.12 ms/query)
  ✓ QPS: 8396.54

Trial 3/3:
  Running 10000 queries...
  ✓ Time: 1.17s (0.12 ms/query)
  ✓ QPS: 8510.97

📊 Average Results:
  Time: 1.22s
  QPS: 8227.19

============================================================
MySQL Benchmark: products - UPDATE (batch: 10000)
============================================================

Trial 1/3:
  Running 10000 queries...
  ✓ Time: 7.79s (0.78 ms/query)
  ✓ QPS: 1284.18

Trial 2/3:
  Running 10000 queries...
  ✓ Time: 1.26s (0.13 ms/query)
  ✓ QPS: 7945.59

Trial 3/3:
  Running 10000 queries...
  ✓ Time: 1.18s (0.12 ms/query)
  ✓ QPS: 8507.11

📊 Average Results:
  Time: 3.41s
  QPS: 5912.29

============================================================
MySQL Benchmark: addresses - UPDATE (batch: 10000)
============================================================

Trial 1/3:
  Running 10000 queries...
  ✓ Time: 8.25s (0.82 ms/query)
  ✓ QPS: 1212.71

Trial 2/3:
  Running 10000 queries...
  ✓ Time: 1.18s (0.12 ms/query)
  ✓ QPS: 8486.84

Trial 3/3:
  Running 10000 queries...
  ✓ Time: 1.19s (0.12 ms/query)
  ✓ QPS: 8424.43

📊 Average Results:
  Time: 3.54s
  QPS: 6041.33

============================================================
MySQL Benchmark: orders - UPDATE (batch: 10000)
============================================================

Trial 1/3:
  Running 10000 queries...
  ✓ Time: 7.10s (0.71 ms/query)
  ✓ QPS: 1408.64

Trial 2/3:
  Running 10000 queries...
  ✓ Time: 1.20s (0.12 ms/query)
  ✓ QPS: 8324.91

Trial 3/3:
  Running 10000 queries...
  ✓ Time: 1.17s (0.12 ms/query)
  ✓ QPS: 8521.79

📊 Average Results:
  Time: 3.16s
  QPS: 6085.11

============================================================
MySQL Benchmark: users - DELETE (batch: 10000)
============================================================

Trial 1/3:
  Running 10000 queries...
  ✓ Time: 7.52s (0.75 ms/query)
  ✓ QPS: 1330.20

Trial 2/3:
  Running 10000 queries...
  ✓ Time: 1.18s (0.12 ms/query)
  ✓ QPS: 8501.06

Trial 3/3:
  Running 10000 queries...
  ✓ Time: 1.13s (0.11 ms/query)
  ✓ QPS: 8877.39

📊 Average Results:
  Time: 3.27s
  QPS: 6236.22

============================================================
MySQL Benchmark: categories - DELETE (batch: 10000)
============================================================

Trial 1/3:
  Running 10000 queries...
  ✓ Time: 1.24s (0.12 ms/query)
  ✓ QPS: 8067.51

Trial 2/3:
  Running 10000 queries...
  ✓ Time: 1.13s (0.11 ms/query)
  ✓ QPS: 8841.24

Trial 3/3:
  Running 10000 queries...
  ✓ Time: 1.16s (0.12 ms/query)
  ✓ QPS: 8585.31

📊 Average Results:
  Time: 1.18s
  QPS: 8498.02

============================================================
MySQL Benchmark: products - DELETE (batch: 10000)
============================================================

Trial 1/3:
  Running 10000 queries...
  ✓ Time: 8.06s (0.81 ms/query)
  ✓ QPS: 1240.08

Trial 2/3:
  Running 10000 queries...
  ✓ Time: 1.15s (0.12 ms/query)
  ✓ QPS: 8667.38

Trial 3/3:
  Running 10000 queries...
  ✓ Time: 1.15s (0.12 ms/query)
  ✓ QPS: 8666.70

📊 Average Results:
  Time: 3.46s
  QPS: 6191.39

============================================================
MySQL Benchmark: addresses - DELETE (batch: 10000)
============================================================

Trial 1/3:
  Running 10000 queries...
  ✓ Time: 7.29s (0.73 ms/query)
  ✓ QPS: 1372.29

Trial 2/3:
  Running 10000 queries...
  ✓ Time: 1.16s (0.12 ms/query)
  ✓ QPS: 8616.77

Trial 3/3:
  Running 10000 queries...
  ✓ Time: 1.16s (0.12 ms/query)
  ✓ QPS: 8604.89

📊 Average Results:
  Time: 3.20s
  QPS: 6197.99

============================================================
MySQL Benchmark: orders - DELETE (batch: 10000)
============================================================

Trial 1/3:
  Running 10000 queries...
  ✓ Time: 7.77s (0.78 ms/query)
  ✓ QPS: 1286.95

Trial 2/3:
  Running 10000 queries...
  ✓ Time: 1.17s (0.12 ms/query)
  ✓ QPS: 8564.37

Trial 3/3:
  Running 10000 queries...
  ✓ Time: 1.13s (0.11 ms/query)
  ✓ QPS: 8845.82

📊 Average Results:
  Time: 3.36s
  QPS: 6232.38
  Index drop notice: Error 1064 (42000): You have an error in your SQL syntax; check the manual that corresponds to your MySQL server version for the right syntax to use near 'IF EXISTS idx_users_country' at line 1
  Index drop notice: Error 1064 (42000): You have an error in your SQL syntax; check the manual that corresponds to your MySQL server version for the right syntax to use near 'IF EXISTS idx_products_category_id' at line 1
  Index drop notice: Error 1064 (42000): You have an error in your SQL syntax; check the manual that corresponds to your MySQL server version for the right syntax to use near 'IF EXISTS idx_orders_status' at line 1
  Index drop notice: Error 1064 (42000): You have an error in your SQL syntax; check the manual that corresponds to your MySQL server version for the right syntax to use near 'IF EXISTS idx_categories_display_order' at line 1
  Index drop notice: Error 1064 (42000): You have an error in your SQL syntax; check the manual that corresponds to your MySQL server version for the right syntax to use near 'IF EXISTS idx_addresses_postal_code' at line 1
✓ Indexes dropped

▶ MySQL @ scale=1000000
  Phase A: WITHOUT indexes
✓ MySQL tables truncated
  ✓ Loaded 200 rows from queries/categories_sql_insert.sql
  ✓ Loaded 1000000 rows from queries/users_sql_insert.sql
  ✓ Loaded 1000000 rows from queries/addresses_sql_insert.sql
  ✓ Loaded 100000 rows from queries/products_sql_insert.sql
  ✓ Loaded 1000000 rows from queries/orders_sql_insert.sql
  Collecting EXPLAIN plans (with_index=false)...

============================================================
MySQL Benchmark: users - SELECT (batch: 1000)
============================================================

Trial 1/3:
  Running 1000 queries...
  ✓ Time: 598.87s (598.87 ms/query)
  ✓ QPS: 1.67

Trial 2/3:
  Running 1000 queries...
  ✓ Time: 643.14s (643.14 ms/query)
  ✓ QPS: 1.55

Trial 3/3:
  Running 1000 queries...
  ✓ Time: 632.27s (632.27 ms/query)
  ✓ QPS: 1.58

📊 Average Results:
  Time: 624.76s
  QPS: 1.60

============================================================
MySQL Benchmark: categories - SELECT (batch: 1000)
============================================================

Trial 1/3:
  Running 1000 queries...
  ✓ Time: 0.18s (0.18 ms/query)
  ✓ QPS: 5604.60

Trial 2/3:
  Running 1000 queries...
  ✓ Time: 0.18s (0.18 ms/query)
  ✓ QPS: 5664.13

Trial 3/3:
  Running 1000 queries...
  ✓ Time: 0.18s (0.18 ms/query)
  ✓ QPS: 5681.31

📊 Average Results:
  Time: 0.18s
  QPS: 5650.01

============================================================
MySQL Benchmark: products - SELECT (batch: 1000)
============================================================

Trial 1/3:
  Running 1000 queries...
  ✓ Time: 24.11s (24.11 ms/query)
  ✓ QPS: 41.47

Trial 2/3:
  Running 1000 queries...
  ✓ Time: 24.22s (24.22 ms/query)
  ✓ QPS: 41.29

Trial 3/3:
  Running 1000 queries...
  ✓ Time: 24.14s (24.14 ms/query)
  ✓ QPS: 41.43

📊 Average Results:
  Time: 24.16s
  QPS: 41.39

============================================================
MySQL Benchmark: addresses - SELECT (batch: 1000)
============================================================

Trial 1/3:
  Running 1000 queries...
  ✓ Time: 194.83s (194.83 ms/query)
  ✓ QPS: 5.13

Trial 2/3:
  Running 1000 queries...
  ✓ Time: 194.64s (194.64 ms/query)
  ✓ QPS: 5.14

Trial 3/3:
  Running 1000 queries...
  ✓ Time: 194.39s (194.38 ms/query)
  ✓ QPS: 5.14

📊 Average Results:
  Time: 194.62s
  QPS: 5.14

============================================================
MySQL Benchmark: orders - SELECT (batch: 1000)
============================================================

Trial 1/3:
  Running 1000 queries...
  ✓ Time: 298.65s (298.64 ms/query)
  ✓ QPS: 3.35

Trial 2/3:
  Running 1000 queries...
  ✓ Time: 298.86s (298.86 ms/query)
  ✓ QPS: 3.35

Trial 3/3:
  Running 1000 queries...
  ✓ Time: 298.80s (298.80 ms/query)
  ✓ QPS: 3.35

📊 Average Results:
  Time: 298.77s
  QPS: 3.35

============================================================
MySQL Benchmark: users - INSERT (batch: 1000)
============================================================

Trial 1/3:
  Running 1000 queries...
  ✓ Time: 0.13s (0.13 ms/query)
  ✓ QPS: 7425.79

Trial 2/3:
  Running 1000 queries...
  ✓ Time: 0.12s (0.12 ms/query)
  ✓ QPS: 8346.10

Trial 3/3:
  Running 1000 queries...
  ✓ Time: 0.12s (0.12 ms/query)
  ✓ QPS: 8164.82

📊 Average Results:
  Time: 0.12s
  QPS: 7978.90

============================================================
MySQL Benchmark: categories - INSERT (batch: 1000)
============================================================

Trial 1/3:
  Running 1000 queries...
  ✓ Time: 0.13s (0.12 ms/query)
  ✓ QPS: 7998.14

Trial 2/3:
  Running 1000 queries...
  ✓ Time: 0.12s (0.12 ms/query)
  ✓ QPS: 8580.39

Trial 3/3:
  Running 1000 queries...
  ✓ Time: 0.12s (0.12 ms/query)
  ✓ QPS: 8329.33

📊 Average Results:
  Time: 0.12s
  QPS: 8302.62

============================================================
MySQL Benchmark: products - INSERT (batch: 1000)
============================================================

Trial 1/3:
  Running 1000 queries...
  ✓ Time: 0.12s (0.12 ms/query)
  ✓ QPS: 8454.98

Trial 2/3:
  Running 1000 queries...
  ✓ Time: 0.12s (0.12 ms/query)
  ✓ QPS: 8300.11

Trial 3/3:
  Running 1000 queries...
  ✓ Time: 0.12s (0.12 ms/query)
  ✓ QPS: 8300.90

📊 Average Results:
  Time: 0.12s
  QPS: 8352.00

============================================================
MySQL Benchmark: addresses - INSERT (batch: 1000)
============================================================

Trial 1/3:
  Running 1000 queries...
  ✓ Time: 0.12s (0.12 ms/query)
  ✓ QPS: 8420.58

Trial 2/3:
  Running 1000 queries...
  ✓ Time: 0.12s (0.12 ms/query)
  ✓ QPS: 8495.99

Trial 3/3:
  Running 1000 queries...
  ✓ Time: 0.13s (0.12 ms/query)
  ✓ QPS: 7977.82

📊 Average Results:
  Time: 0.12s
  QPS: 8298.13

============================================================
MySQL Benchmark: orders - INSERT (batch: 1000)
============================================================

Trial 1/3:
  Running 1000 queries...
  ✓ Time: 0.12s (0.12 ms/query)
  ✓ QPS: 8154.63

Trial 2/3:
  Running 1000 queries...
  ✓ Time: 0.13s (0.13 ms/query)
  ✓ QPS: 7779.97

Trial 3/3:
  Running 1000 queries...
  ✓ Time: 0.13s (0.12 ms/query)
  ✓ QPS: 7958.24

📊 Average Results:
  Time: 0.12s
  QPS: 7964.28

============================================================
MySQL Benchmark: users - UPDATE (batch: 1000)
============================================================

Trial 1/3:
  Running 1000 queries...
  ✓ Time: 0.66s (0.66 ms/query)
  ✓ QPS: 1518.95

Trial 2/3:
  Running 1000 queries...
  ✓ Time: 0.11s (0.11 ms/query)
  ✓ QPS: 8841.04

Trial 3/3:
  Running 1000 queries...
  ✓ Time: 0.12s (0.12 ms/query)
  ✓ QPS: 8514.52

📊 Average Results:
  Time: 0.30s
  QPS: 6291.50

============================================================
MySQL Benchmark: categories - UPDATE (batch: 1000)
============================================================

Trial 1/3:
  Running 1000 queries...
  ✓ Time: 0.22s (0.22 ms/query)
  ✓ QPS: 4578.63

Trial 2/3:
  Running 1000 queries...
  ✓ Time: 0.12s (0.12 ms/query)
  ✓ QPS: 8615.76

Trial 3/3:
  Running 1000 queries...
  ✓ Time: 0.12s (0.12 ms/query)
  ✓ QPS: 8690.37

📊 Average Results:
  Time: 0.15s
  QPS: 7294.92

============================================================
MySQL Benchmark: products - UPDATE (batch: 1000)
============================================================

Trial 1/3:
  Running 1000 queries...
  ✓ Time: 0.64s (0.64 ms/query)
  ✓ QPS: 1562.39

Trial 2/3:
  Running 1000 queries...
  ✓ Time: 0.11s (0.10 ms/query)
  ✓ QPS: 9454.85

Trial 3/3:
  Running 1000 queries...
  ✓ Time: 0.11s (0.11 ms/query)
  ✓ QPS: 9200.06

📊 Average Results:
  Time: 0.28s
  QPS: 6739.10

============================================================
MySQL Benchmark: addresses - UPDATE (batch: 1000)
============================================================

Trial 1/3:
  Running 1000 queries...
  ✓ Time: 0.67s (0.67 ms/query)
  ✓ QPS: 1489.51

Trial 2/3:
  Running 1000 queries...
  ✓ Time: 0.11s (0.11 ms/query)
  ✓ QPS: 8718.41

Trial 3/3:
  Running 1000 queries...
  ✓ Time: 0.11s (0.11 ms/query)
  ✓ QPS: 9175.24

📊 Average Results:
  Time: 0.30s
  QPS: 6461.06

============================================================
MySQL Benchmark: orders - UPDATE (batch: 1000)
============================================================

Trial 1/3:
  Running 1000 queries...
  ✓ Time: 0.56s (0.56 ms/query)
  ✓ QPS: 1780.88

Trial 2/3:
  Running 1000 queries...
  ✓ Time: 0.12s (0.12 ms/query)
  ✓ QPS: 8117.11

Trial 3/3:
  Running 1000 queries...
  ✓ Time: 0.12s (0.12 ms/query)
  ✓ QPS: 8585.09

📊 Average Results:
  Time: 0.27s
  QPS: 6161.03

============================================================
MySQL Benchmark: users - DELETE (batch: 1000)
============================================================

Trial 1/3:
  Running 1000 queries...
  ✓ Time: 0.68s (0.68 ms/query)
  ✓ QPS: 1460.77

Trial 2/3:
  Running 1000 queries...
  ✓ Time: 0.14s (0.14 ms/query)
  ✓ QPS: 7263.59

Trial 3/3:
  Running 1000 queries...
  ✓ Time: 0.12s (0.12 ms/query)
  ✓ QPS: 8603.33

📊 Average Results:
  Time: 0.31s
  QPS: 5775.89

============================================================
MySQL Benchmark: categories - DELETE (batch: 1000)
============================================================

Trial 1/3:
  Running 1000 queries...
  ✓ Time: 0.24s (0.24 ms/query)
  ✓ QPS: 4174.23

Trial 2/3:
  Running 1000 queries...
  ✓ Time: 0.12s (0.12 ms/query)
  ✓ QPS: 8562.51

Trial 3/3:
  Running 1000 queries...
  ✓ Time: 0.11s (0.11 ms/query)
  ✓ QPS: 8848.96

📊 Average Results:
  Time: 0.16s
  QPS: 7195.23

============================================================
MySQL Benchmark: products - DELETE (batch: 1000)
============================================================

Trial 1/3:
  Running 1000 queries...
  ✓ Time: 0.70s (0.70 ms/query)
  ✓ QPS: 1432.72

Trial 2/3:
  Running 1000 queries...
  ✓ Time: 0.12s (0.12 ms/query)
  ✓ QPS: 8193.11

Trial 3/3:
  Running 1000 queries...
  ✓ Time: 0.11s (0.11 ms/query)
  ✓ QPS: 8786.91

📊 Average Results:
  Time: 0.31s
  QPS: 6137.58

============================================================
MySQL Benchmark: addresses - DELETE (batch: 1000)
============================================================

Trial 1/3:
  Running 1000 queries...
  ✓ Time: 0.66s (0.66 ms/query)
  ✓ QPS: 1525.70

Trial 2/3:
  Running 1000 queries...
  ✓ Time: 0.12s (0.12 ms/query)
  ✓ QPS: 8432.16

Trial 3/3:
  Running 1000 queries...
  ✓ Time: 0.11s (0.11 ms/query)
  ✓ QPS: 8811.80

📊 Average Results:
  Time: 0.30s
  QPS: 6256.55

============================================================
MySQL Benchmark: orders - DELETE (batch: 1000)
============================================================

Trial 1/3:
  Running 1000 queries...
  ✓ Time: 0.70s (0.69 ms/query)
  ✓ QPS: 1437.07

Trial 2/3:
  Running 1000 queries...
  ✓ Time: 0.11s (0.11 ms/query)
  ✓ QPS: 9062.22

Trial 3/3:
  Running 1000 queries...
  ✓ Time: 0.12s (0.12 ms/query)
  ✓ QPS: 8520.31

📊 Average Results:
  Time: 0.31s
  QPS: 6339.87
  Phase B: WITH indexes
✓ MySQL tables truncated
  ✓ Loaded 200 rows from queries/categories_sql_insert.sql
  ✓ Loaded 1000000 rows from queries/users_sql_insert.sql
  ✓ Loaded 1000000 rows from queries/addresses_sql_insert.sql
  ✓ Loaded 100000 rows from queries/products_sql_insert.sql
  ✓ Loaded 1000000 rows from queries/orders_sql_insert.sql
  Index creation notice: Error 1064 (42000): You have an error in your SQL syntax; check the manual that corresponds to your MySQL server version for the right syntax to use near 'IF NOT EXISTS idx_users_country ON users(country)' at line 1
  Index creation notice: Error 1064 (42000): You have an error in your SQL syntax; check the manual that corresponds to your MySQL server version for the right syntax to use near 'IF NOT EXISTS idx_products_category_id ON products(category_id)' at line 1
  Index creation notice: Error 1064 (42000): You have an error in your SQL syntax; check the manual that corresponds to your MySQL server version for the right syntax to use near 'IF NOT EXISTS idx_orders_status ON orders(status)' at line 1
  Index creation notice: Error 1064 (42000): You have an error in your SQL syntax; check the manual that corresponds to your MySQL server version for the right syntax to use near 'IF NOT EXISTS idx_categories_display_order ON categories(display_order)' at line 1
  Index creation notice: Error 1064 (42000): You have an error in your SQL syntax; check the manual that corresponds to your MySQL server version for the right syntax to use near 'IF NOT EXISTS idx_addresses_postal_code ON addresses(postal_code)' at line 1
✓ Indexes created

============================================================
MySQL Benchmark: users - SELECT (batch: 10000)
============================================================

Trial 1/3:
  Running 10000 queries...
  ✓ Time: 6047.41s (604.74 ms/query)
  ✓ QPS: 1.65

Trial 2/3:
  Running 10000 queries...
[mysql] 2026/05/23 12:37:03 connection.go:49: closing bad idle connection: EOF
[mysql] 2026/05/23 12:37:03 connection.go:49: unexpected EOF
[mysql] 2026/05/23 12:37:03 connection.go:49: unexpected EOF
[mysql] 2026/05/23 12:37:03 connection.go:49: unexpected EOF
[mysql] 2026/05/23 12:37:03 connection.go:49: unexpected EOF
[mysql] 2026/05/23 12:37:03 connection.go:49: unexpected EOF
[mysql] 2026/05/23 12:37:03 connection.go:49: unexpected EOF
[mysql] 2026/05/23 12:37:03 connection.go:49: unexpected EOF
[mysql] 2026/05/23 12:37:03 connection.go:49: unexpected EOF
[mysql] 2026/05/23 12:37:03 connection.go:49: unexpected EOF
[mysql] 2026/05/23 12:37:03 connection.go:49: unexpected EOF
[mysql] 2026/05/23 12:37:03 connection.go:49: unexpected EOF
[mysql] 2026/05/23 12:37:03 connection.go:49: unexpected EOF
[mysql] 2026/05/23 12:37:03 connection.go:49: unexpected EOF
[mysql] 2026/05/23 12:37:03 connection.go:49: unexpected EOF
[mysql] 2026/05/23 12:37:03 connection.go:49: unexpected EOF
[mysql] 2026/05/23 12:37:03 connection.go:49: unexpected EOF
[mysql] 2026/05/23 12:37:03 connection.go:49: unexpected EOF
[mysql] 2026/05/23 12:37:03 connection.go:49: unexpected EOF
[mysql] 2026/05/23 12:37:03 connection.go:49: unexpected EOF
[mysql] 2026/05/23 12:37:03 connection.go:49: unexpected EOF
[mysql] 2026/05/23 12:37:03 connection.go:49: unexpected EOF
[mysql] 2026/05/23 12:37:03 connection.go:49: unexpected EOF
[mysql] 2026/05/23 12:37:03 connection.go:49: unexpected EOF
[mysql] 2026/05/23 12:37:03 connection.go:49: unexpected EOF
[mysql] 2026/05/23 12:37:03 connection.go:49: unexpected EOF
[mysql] 2026/05/23 12:37:03 connection.go:49: unexpected EOF
[mysql] 2026/05/23 12:37:03 connection.go:49: unexpected EOF
[mysql] 2026/05/23 12:37:03 connection.go:49: unexpected EOF
[mysql] 2026/05/23 12:37:03 connection.go:49: unexpected EOF
[mysql] 2026/05/23 12:37:03 connection.go:49: unexpected EOF
[mysql] 2026/05/23 12:37:03 connection.go:49: unexpected EOF
[mysql] 2026/05/23 12:37:03 connection.go:49: unexpected EOF
[mysql] 2026/05/23 12:37:03 connection.go:49: unexpected EOF
[mysql] 2026/05/23 12:37:03 connection.go:49: unexpected EOF
[mysql] 2026/05/23 12:37:03 connection.go:49: unexpected EOF
[mysql] 2026/05/23 12:37:03 connection.go:49: unexpected EOF
[mysql] 2026/05/23 12:37:03 connection.go:49: unexpected EOF
[mysql] 2026/05/23 12:37:03 connection.go:49: unexpected EOF
[mysql] 2026/05/23 12:37:03 connection.go:49: unexpected EOF
[mysql] 2026/05/23 12:37:03 connection.go:49: unexpected EOF
[mysql] 2026/05/23 12:37:03 connection.go:49: unexpected EOF
[mysql] 2026/05/23 12:37:03 connection.go:49: unexpected EOF
[mysql] 2026/05/23 12:37:03 connection.go:49: unexpected EOF
[mysql] 2026/05/23 12:37:03 connection.go:49: unexpected EOF
[mysql] 2026/05/23 12:37:03 connection.go:49: unexpected EOF
[mysql] 2026/05/23 12:37:03 connection.go:49: unexpected EOF
[mysql] 2026/05/23 12:37:03 connection.go:49: unexpected EOF
[mysql] 2026/05/23 12:37:03 connection.go:49: unexpected EOF
[mysql] 2026/05/23 12:37:03 connection.go:49: unexpected EOF
[mysql] 2026/05/23 12:37:03 connection.go:49: unexpected EOF
[mysql] 2026/05/23 12:37:03 connection.go:49: unexpected EOF
[mysql] 2026/05/23 12:37:03 connection.go:49: unexpected EOF
[mysql] 2026/05/23 12:37:03 connection.go:49: unexpected EOF
[mysql] 2026/05/23 12:37:03 connection.go:49: unexpected EOF
[mysql] 2026/05/23 12:37:03 connection.go:49: unexpected EOF
[mysql] 2026/05/23 12:37:03 connection.go:49: unexpected EOF
[mysql] 2026/05/23 12:37:03 connection.go:49: unexpected EOF
[mysql] 2026/05/23 12:37:03 connection.go:49: unexpected EOF
[mysql] 2026/05/23 12:37:03 connection.go:49: unexpected EOF
[mysql] 2026/05/23 12:37:03 connection.go:49: unexpected EOF
[mysql] 2026/05/23 12:37:03 connection.go:49: unexpected EOF
[mysql] 2026/05/23 12:37:03 connection.go:49: unexpected EOF
[mysql] 2026/05/23 12:37:03 connection.go:49: unexpected EOF
[mysql] 2026/05/23 12:37:03 connection.go:49: unexpected EOF
[mysql] 2026/05/23 12:37:03 connection.go:49: unexpected EOF
[mysql] 2026/05/23 12:37:03 connection.go:49: unexpected EOF
[mysql] 2026/05/23 12:37:03 connection.go:49: unexpected EOF
[mysql] 2026/05/23 12:37:03 connection.go:49: unexpected EOF
[mysql] 2026/05/23 12:37:03 connection.go:49: unexpected EOF
[mysql] 2026/05/23 12:37:03 connection.go:49: unexpected EOF
[mysql] 2026/05/23 12:37:03 connection.go:49: unexpected EOF
[mysql] 2026/05/23 12:37:03 connection.go:49: unexpected EOF
[mysql] 2026/05/23 12:37:03 connection.go:49: unexpected EOF
[mysql] 2026/05/23 12:37:03 connection.go:49: unexpected EOF
[mysql] 2026/05/23 12:37:03 connection.go:49: unexpected EOF
[mysql] 2026/05/23 12:37:03 connection.go:49: unexpected EOF
[mysql] 2026/05/23 12:37:03 connection.go:49: unexpected EOF
[mysql] 2026/05/23 12:37:03 connection.go:49: unexpected EOF
[mysql] 2026/05/23 12:37:03 connection.go:49: unexpected EOF
[mysql] 2026/05/23 12:37:03 connection.go:49: unexpected EOF
[mysql] 2026/05/23 12:37:03 connection.go:49: unexpected EOF
[mysql] 2026/05/23 12:37:03 connection.go:49: unexpected EOF
[mysql] 2026/05/23 12:37:03 connection.go:49: unexpected EOF
[mysql] 2026/05/23 12:37:03 connection.go:49: unexpected EOF
[mysql] 2026/05/23 12:37:03 connection.go:49: unexpected EOF
[mysql] 2026/05/23 12:37:03 connection.go:49: unexpected EOF
[mysql] 2026/05/23 12:37:03 connection.go:49: unexpected EOF
[mysql] 2026/05/23 12:37:03 connection.go:49: unexpected EOF
[mysql] 2026/05/23 12:37:03 connection.go:49: unexpected EOF
[mysql] 2026/05/23 12:37:03 connection.go:49: unexpected EOF
[mysql] 2026/05/23 12:37:03 connection.go:49: unexpected EOF
[mysql] 2026/05/23 12:37:03 connection.go:49: unexpected EOF
[mysql] 2026/05/23 12:37:03 connection.go:49: unexpected EOF
[mysql] 2026/05/23 12:37:03 connection.go:49: unexpected EOF
[mysql] 2026/05/23 12:37:03 connection.go:49: unexpected EOF
[mysql] 2026/05/23 12:37:03 connection.go:49: unexpected EOF
[mysql] 2026/05/23 12:37:03 connection.go:49: unexpected EOF
[mysql] 2026/05/23 12:37:03 connection.go:49: unexpected EOF
[mysql] 2026/05/23 12:37:03 connection.go:49: unexpected EOF
[mysql] 2026/05/23 12:37:03 connection.go:49: unexpected EOF
[mysql] 2026/05/23 12:37:03 connection.go:49: unexpected EOF
[mysql] 2026/05/23 12:37:03 connection.go:49: unexpected EOF
[mysql] 2026/05/23 12:37:03 connection.go:49: unexpected EOF
[mysql] 2026/05/23 12:37:03 connection.go:49: unexpected EOF
[mysql] 2026/05/23 12:37:03 connection.go:49: unexpected EOF
[mysql] 2026/05/23 12:37:03 connection.go:49: unexpected EOF
[mysql] 2026/05/23 12:37:03 connection.go:49: unexpected EOF
[mysql] 2026/05/23 12:37:03 connection.go:49: unexpected EOF
[mysql] 2026/05/23 12:37:03 connection.go:49: unexpected EOF
[mysql] 2026/05/23 12:37:03 connection.go:49: unexpected EOF
[mysql] 2026/05/23 12:37:03 connection.go:49: unexpected EOF
[mysql] 2026/05/23 12:37:03 connection.go:49: unexpected EOF
[mysql] 2026/05/23 12:37:03 connection.go:49: unexpected EOF
[mysql] 2026/05/23 12:37:03 connection.go:49: unexpected EOF
[mysql] 2026/05/23 12:37:03 connection.go:49: unexpected EOF
[mysql] 2026/05/23 12:37:03 connection.go:49: unexpected EOF
[mysql] 2026/05/23 12:37:03 connection.go:49: unexpected EOF
[mysql] 2026/05/23 12:37:03 connection.go:49: unexpected EOF
[mysql] 2026/05/23 12:37:03 connection.go:49: unexpected EOF
[mysql] 2026/05/23 12:37:03 connection.go:49: unexpected EOF
[mysql] 2026/05/23 12:37:03 connection.go:49: unexpected EOF
[mysql] 2026/05/23 12:37:03 connection.go:49: unexpected EOF
[mysql] 2026/05/23 12:37:03 connection.go:49: unexpected EOF
[mysql] 2026/05/23 12:37:03 connection.go:49: unexpected EOF
[mysql] 2026/05/23 12:37:03 connection.go:49: unexpected EOF
[mysql] 2026/05/23 12:37:03 connection.go:49: unexpected EOF
[mysql] 2026/05/23 12:37:03 connection.go:49: unexpected EOF
[mysql] 2026/05/23 12:37:03 connection.go:49: unexpected EOF
[mysql] 2026/05/23 12:37:03 connection.go:49: unexpected EOF
[mysql] 2026/05/23 12:37:03 connection.go:49: unexpected EOF
[mysql] 2026/05/23 12:37:03 connection.go:49: unexpected EOF
[mysql] 2026/05/23 12:37:03 connection.go:49: unexpected EOF
[mysql] 2026/05/23 12:37:03 connection.go:49: unexpected EOF
[mysql] 2026/05/23 12:37:03 connection.go:49: unexpected EOF
[mysql] 2026/05/23 12:37:03 connection.go:49: unexpected EOF
[mysql] 2026/05/23 12:37:03 connection.go:49: unexpected EOF
[mysql] 2026/05/23 12:37:03 connection.go:49: unexpected EOF
[mysql] 2026/05/23 12:37:03 connection.go:49: unexpected EOF
[mysql] 2026/05/23 12:37:03 connection.go:49: unexpected EOF
[mysql] 2026/05/23 12:37:03 connection.go:49: unexpected EOF
[mysql] 2026/05/23 12:37:03 connection.go:49: unexpected EOF
[mysql] 2026/05/23 12:37:03 connection.go:49: unexpected EOF
[mysql] 2026/05/23 12:37:03 connection.go:49: unexpected EOF
[mysql] 2026/05/23 12:37:03 connection.go:49: unexpected EOF
[mysql] 2026/05/23 12:37:03 connection.go:49: unexpected EOF
[mysql] 2026/05/23 12:37:03 connection.go:49: unexpected EOF
[mysql] 2026/05/23 12:37:03 connection.go:49: unexpected EOF
[mysql] 2026/05/23 12:37:03 connection.go:49: unexpected EOF
[mysql] 2026/05/23 12:37:03 connection.go:49: unexpected EOF
[mysql] 2026/05/23 12:37:03 connection.go:49: unexpected EOF
[mysql] 2026/05/23 12:37:03 connection.go:49: unexpected EOF
[mysql] 2026/05/23 12:37:03 connection.go:49: unexpected EOF
[mysql] 2026/05/23 12:37:03 connection.go:49: unexpected EOF
[mysql] 2026/05/23 12:37:03 connection.go:49: unexpected EOF
[mysql] 2026/05/23 12:37:03 connection.go:49: unexpected EOF
[mysql] 2026/05/23 12:37:03 connection.go:49: unexpected EOF
[mysql] 2026/05/23 12:37:03 connection.go:49: unexpected EOF
[mysql] 2026/05/23 12:37:03 connection.go:49: unexpected EOF
[mysql] 2026/05/23 12:37:03 connection.go:49: unexpected EOF
[mysql] 2026/05/23 12:37:03 connection.go:49: unexpected EOF
[mysql] 2026/05/23 12:37:03 connection.go:49: unexpected EOF
[mysql] 2026/05/23 12:37:03 connection.go:49: unexpected EOF
[mysql] 2026/05/23 12:37:03 connection.go:49: unexpected EOF
[mysql] 2026/05/23 12:37:03 connection.go:49: unexpected EOF
[mysql] 2026/05/23 12:37:03 connection.go:49: unexpected EOF
[mysql] 2026/05/23 12:37:03 connection.go:49: unexpected EOF
[mysql] 2026/05/23 12:37:03 connection.go:49: unexpected EOF
[mysql] 2026/05/23 12:37:03 connection.go:49: unexpected EOF
[mysql] 2026/05/23 12:37:03 connection.go:49: unexpected EOF
[mysql] 2026/05/23 12:37:03 connection.go:49: unexpected EOF
[mysql] 2026/05/23 12:37:03 connection.go:49: unexpected EOF
[mysql] 2026/05/23 12:37:03 connection.go:49: unexpected EOF
[mysql] 2026/05/23 12:37:03 connection.go:49: unexpected EOF
[mysql] 2026/05/23 12:37:03 connection.go:49: unexpected EOF
[mysql] 2026/05/23 12:37:03 connection.go:49: unexpected EOF
[mysql] 2026/05/23 12:37:03 connection.go:49: unexpected EOF
[mysql] 2026/05/23 12:37:03 connection.go:49: unexpected EOF
[mysql] 2026/05/23 12:37:03 connection.go:49: unexpected EOF
[mysql] 2026/05/23 12:37:03 connection.go:49: unexpected EOF
[mysql] 2026/05/23 12:37:03 connection.go:49: unexpected EOF
[mysql] 2026/05/23 12:37:03 connection.go:49: unexpected EOF
[mysql] 2026/05/23 12:37:03 connection.go:49: unexpected EOF
[mysql] 2026/05/23 12:37:03 connection.go:49: unexpected EOF
[mysql] 2026/05/23 12:37:03 connection.go:49: unexpected EOF
[mysql] 2026/05/23 12:37:03 connection.go:49: unexpected EOF
[mysql] 2026/05/23 12:37:03 connection.go:49: unexpected EOF
[mysql] 2026/05/23 12:37:03 connection.go:49: unexpected EOF
[mysql] 2026/05/23 12:37:03 connection.go:49: unexpected EOF
[mysql] 2026/05/23 12:37:03 connection.go:49: unexpected EOF
[mysql] 2026/05/23 12:37:03 connection.go:49: unexpected EOF
[mysql] 2026/05/23 12:37:03 connection.go:49: unexpected EOF
[mysql] 2026/05/23 12:37:03 connection.go:49: unexpected EOF
[mysql] 2026/05/23 12:37:03 connection.go:49: unexpected EOF
[mysql] 2026/05/23 12:37:03 connection.go:49: unexpected EOF
[mysql] 2026/05/23 12:37:03 connection.go:49: unexpected EOF
[mysql] 2026/05/23 12:37:03 connection.go:49: unexpected EOF
[mysql] 2026/05/23 12:37:03 connection.go:49: unexpected EOF
[mysql] 2026/05/23 12:37:03 connection.go:49: unexpected EOF
[mysql] 2026/05/23 12:37:03 connection.go:49: unexpected EOF
[mysql] 2026/05/23 12:37:03 connection.go:49: unexpected EOF
[mysql] 2026/05/23 12:37:03 connection.go:49: unexpected EOF
[mysql] 2026/05/23 12:37:03 connection.go:49: unexpected EOF
[mysql] 2026/05/23 12:37:03 connection.go:49: unexpected EOF
[mysql] 2026/05/23 12:37:03 connection.go:49: unexpected EOF
[mysql] 2026/05/23 12:37:03 connection.go:49: unexpected EOF
[mysql] 2026/05/23 12:37:03 connection.go:49: unexpected EOF
[mysql] 2026/05/23 12:37:03 connection.go:49: unexpected EOF
[mysql] 2026/05/23 12:37:03 connection.go:49: unexpected EOF
[mysql] 2026/05/23 12:37:03 connection.go:49: unexpected EOF
[mysql] 2026/05/23 12:37:03 connection.go:49: unexpected EOF
[mysql] 2026/05/23 12:37:03 connection.go:49: unexpected EOF
[mysql] 2026/05/23 12:37:03 connection.go:49: unexpected EOF
[mysql] 2026/05/23 12:37:03 connection.go:49: unexpected EOF
[mysql] 2026/05/23 12:37:03 connection.go:49: unexpected EOF
[mysql] 2026/05/23 12:37:03 connection.go:49: unexpected EOF
[mysql] 2026/05/23 12:37:03 connection.go:49: unexpected EOF
[mysql] 2026/05/23 12:37:03 connection.go:49: unexpected EOF
[mysql] 2026/05/23 12:37:03 connection.go:49: unexpected EOF
[mysql] 2026/05/23 12:37:03 connection.go:49: unexpected EOF
[mysql] 2026/05/23 12:37:03 connection.go:49: unexpected EOF
[mysql] 2026/05/23 12:37:03 connection.go:49: unexpected EOF
[mysql] 2026/05/23 12:37:03 connection.go:49: unexpected EOF
[mysql] 2026/05/23 12:37:03 connection.go:49: unexpected EOF
[mysql] 2026/05/23 12:37:03 connection.go:49: unexpected EOF
[mysql] 2026/05/23 12:37:03 connection.go:49: unexpected EOF
[mysql] 2026/05/23 12:37:03 connection.go:49: unexpected EOF
[mysql] 2026/05/23 12:37:03 connection.go:49: unexpected EOF
[mysql] 2026/05/23 12:37:03 connection.go:49: unexpected EOF
[mysql] 2026/05/23 12:37:03 connection.go:49: unexpected EOF
[mysql] 2026/05/23 12:37:03 connection.go:49: unexpected EOF
[mysql] 2026/05/23 12:37:03 connection.go:49: unexpected EOF
[mysql] 2026/05/23 12:37:03 connection.go:49: unexpected EOF
[mysql] 2026/05/23 12:37:03 connection.go:49: unexpected EOF
[mysql] 2026/05/23 12:37:03 connection.go:49: unexpected EOF
[mysql] 2026/05/23 12:37:03 connection.go:49: unexpected EOF
[mysql] 2026/05/23 12:37:03 connection.go:49: unexpected EOF
[mysql] 2026/05/23 12:37:03 connection.go:49: unexpected EOF
[mysql] 2026/05/23 12:37:03 connection.go:49: unexpected EOF
[mysql] 2026/05/23 12:37:03 connection.go:49: unexpected EOF
[mysql] 2026/05/23 12:37:03 connection.go:49: unexpected EOF
[mysql] 2026/05/23 12:37:03 connection.go:49: unexpected EOF
[mysql] 2026/05/23 12:37:03 connection.go:49: unexpected EOF
[mysql] 2026/05/23 12:37:03 connection.go:49: unexpected EOF
[mysql] 2026/05/23 12:37:03 connection.go:49: unexpected EOF
[mysql] 2026/05/23 12:37:03 connection.go:49: unexpected EOF
[mysql] 2026/05/23 12:37:03 connection.go:49: unexpected EOF
[mysql] 2026/05/23 12:37:03 connection.go:49: unexpected EOF
[mysql] 2026/05/23 12:37:03 connection.go:49: unexpected EOF
[mysql] 2026/05/23 12:37:03 connection.go:49: unexpected EOF
[mysql] 2026/05/23 12:37:03 connection.go:49: unexpected EOF
[mysql] 2026/05/23 12:37:03 connection.go:49: unexpected EOF
[mysql] 2026/05/23 12:37:03 connection.go:49: unexpected EOF
[mysql] 2026/05/23 12:37:03 connection.go:49: unexpected EOF
[mysql] 2026/05/23 12:37:03 connection.go:49: unexpected EOF
[mysql] 2026/05/23 12:37:03 connection.go:49: unexpected EOF
[mysql] 2026/05/23 12:37:03 connection.go:49: unexpected EOF
[mysql] 2026/05/23 12:37:03 connection.go:49: unexpected EOF
[mysql] 2026/05/23 12:37:03 connection.go:49: unexpected EOF
[mysql] 2026/05/23 12:37:03 connection.go:49: unexpected EOF
[mysql] 2026/05/23 12:37:03 connection.go:49: unexpected EOF
[mysql] 2026/05/23 12:37:03 connection.go:49: unexpected EOF
[mysql] 2026/05/23 12:37:03 connection.go:49: unexpected EOF
[mysql] 2026/05/23 12:37:03 connection.go:49: unexpected EOF
[mysql] 2026/05/23 12:37:03 connection.go:49: unexpected EOF
[mysql] 2026/05/23 12:37:03 connection.go:49: unexpected EOF
[mysql] 2026/05/23 12:37:03 connection.go:49: unexpected EOF
[mysql] 2026/05/23 12:37:03 connection.go:49: unexpected EOF
[mysql] 2026/05/23 12:37:03 connection.go:49: unexpected EOF
[mysql] 2026/05/23 12:37:03 connection.go:49: unexpected EOF
[mysql] 2026/05/23 12:37:03 connection.go:49: unexpected EOF
[mysql] 2026/05/23 12:37:03 connection.go:49: unexpected EOF
[mysql] 2026/05/23 12:37:03 connection.go:49: unexpected EOF
[mysql] 2026/05/23 12:37:03 connection.go:49: unexpected EOF
[mysql] 2026/05/23 12:37:03 connection.go:49: unexpected EOF
[mysql] 2026/05/23 12:37:03 connection.go:49: unexpected EOF
[mysql] 2026/05/23 12:37:03 connection.go:49: unexpected EOF
[mysql] 2026/05/23 12:37:03 connection.go:49: unexpected EOF
[mysql] 2026/05/23 12:37:03 connection.go:49: unexpected EOF
[mysql] 2026/05/23 12:37:03 connection.go:49: unexpected EOF
[mysql] 2026/05/23 12:37:03 connection.go:49: unexpected EOF
[mysql] 2026/05/23 12:37:03 connection.go:49: unexpected EOF
[mysql] 2026/05/23 12:37:03 connection.go:49: unexpected EOF
[mysql] 2026/05/23 12:37:03 connection.go:49: unexpected EOF
[mysql] 2026/05/23 12:37:03 connection.go:49: unexpected EOF
[mysql] 2026/05/23 12:37:03 connection.go:49: unexpected EOF
[mysql] 2026/05/23 12:37:03 connection.go:49: unexpected EOF
[mysql] 2026/05/23 12:37:03 connection.go:49: unexpected EOF
[mysql] 2026/05/23 12:37:03 connection.go:49: unexpected EOF
[mysql] 2026/05/23 12:37:03 connection.go:49: unexpected EOF
[mysql] 2026/05/23 12:37:03 connection.go:49: unexpected EOF
[mysql] 2026/05/23 12:37:03 connection.go:49: unexpected EOF
[mysql] 2026/05/23 12:37:03 connection.go:49: unexpected EOF
[mysql] 2026/05/23 12:37:03 connection.go:49: unexpected EOF
[mysql] 2026/05/23 12:37:03 connection.go:49: unexpected EOF
[mysql] 2026/05/23 12:37:03 connection.go:49: unexpected EOF
[mysql] 2026/05/23 12:37:03 connection.go:49: unexpected EOF
[mysql] 2026/05/23 12:37:03 connection.go:49: unexpected EOF
[mysql] 2026/05/23 12:37:03 connection.go:49: unexpected EOF
[mysql] 2026/05/23 12:37:03 connection.go:49: unexpected EOF
[mysql] 2026/05/23 12:37:03 connection.go:49: unexpected EOF
[mysql] 2026/05/23 12:37:03 connection.go:49: unexpected EOF
[mysql] 2026/05/23 12:37:03 connection.go:49: unexpected EOF
[mysql] 2026/05/23 12:37:03 connection.go:49: unexpected EOF
[mysql] 2026/05/23 12:37:03 connection.go:49: unexpected EOF
[mysql] 2026/05/23 12:37:03 connection.go:49: unexpected EOF
[mysql] 2026/05/23 12:37:03 connection.go:49: unexpected EOF
[mysql] 2026/05/23 12:37:03 connection.go:49: unexpected EOF
[mysql] 2026/05/23 12:37:03 connection.go:49: unexpected EOF
[mysql] 2026/05/23 12:37:03 connection.go:49: unexpected EOF
[mysql] 2026/05/23 12:37:03 connection.go:49: unexpected EOF
[mysql] 2026/05/23 12:37:03 connection.go:49: unexpected EOF
[mysql] 2026/05/23 12:37:03 connection.go:49: unexpected EOF
[mysql] 2026/05/23 12:37:03 connection.go:49: unexpected EOF
[mysql] 2026/05/23 12:37:03 connection.go:49: unexpected EOF
[mysql] 2026/05/23 12:37:03 connection.go:49: unexpected EOF
[mysql] 2026/05/23 12:37:03 connection.go:49: unexpected EOF
[mysql] 2026/05/23 12:37:03 connection.go:49: unexpected EOF
[mysql] 2026/05/23 12:37:03 connection.go:49: unexpected EOF
[mysql] 2026/05/23 12:37:03 connection.go:49: unexpected EOF
[mysql] 2026/05/23 12:37:03 connection.go:49: unexpected EOF
[mysql] 2026/05/23 12:37:03 connection.go:49: unexpected EOF
[mysql] 2026/05/23 12:37:03 connection.go:49: unexpected EOF
[mysql] 2026/05/23 12:37:03 connection.go:49: unexpected EOF
[mysql] 2026/05/23 12:37:03 connection.go:49: unexpected EOF
[mysql] 2026/05/23 12:37:03 connection.go:49: unexpected EOF
[mysql] 2026/05/23 12:37:03 connection.go:49: unexpected EOF
[mysql] 2026/05/23 12:37:03 connection.go:49: unexpected EOF
[mysql] 2026/05/23 12:37:03 connection.go:49: unexpected EOF
[mysql] 2026/05/23 12:37:03 connection.go:49: unexpected EOF
[mysql] 2026/05/23 12:37:03 connection.go:49: unexpected EOF
[mysql] 2026/05/23 12:37:03 connection.go:49: unexpected EOF
[mysql] 2026/05/23 12:37:03 connection.go:49: unexpected EOF
[mysql] 2026/05/23 12:37:03 connection.go:49: unexpected EOF
[mysql] 2026/05/23 12:37:03 connection.go:49: unexpected EOF
[mysql] 2026/05/23 12:37:03 connection.go:49: unexpected EOF
[mysql] 2026/05/23 12:37:03 connection.go:49: unexpected EOF
[mysql] 2026/05/23 12:37:03 connection.go:49: unexpected EOF
[mysql] 2026/05/23 12:37:03 connection.go:49: unexpected EOF
[mysql] 2026/05/23 12:37:03 connection.go:49: unexpected EOF
[mysql] 2026/05/23 12:37:03 connection.go:49: unexpected EOF
[mysql] 2026/05/23 12:37:03 connection.go:49: unexpected EOF
[mysql] 2026/05/23 12:37:03 connection.go:49: unexpected EOF
[mysql] 2026/05/23 12:37:03 connection.go:49: unexpected EOF
[mysql] 2026/05/23 12:37:03 connection.go:49: unexpected EOF
[mysql] 2026/05/23 12:37:03 connection.go:49: unexpected EOF
[mysql] 2026/05/23 12:37:03 connection.go:49: unexpected EOF
[mysql] 2026/05/23 12:37:03 connection.go:49: unexpected EOF
[mysql] 2026/05/23 12:37:03 connection.go:49: unexpected EOF
[mysql] 2026/05/23 12:37:03 connection.go:49: unexpected EOF
[mysql] 2026/05/23 12:37:03 connection.go:49: unexpected EOF
[mysql] 2026/05/23 12:37:03 connection.go:49: unexpected EOF
[mysql] 2026/05/23 12:37:03 connection.go:49: unexpected EOF
[mysql] 2026/05/23 12:37:03 connection.go:49: unexpected EOF
[mysql] 2026/05/23 12:37:03 connection.go:49: unexpected EOF
[mysql] 2026/05/23 12:37:03 connection.go:49: unexpected EOF
[mysql] 2026/05/23 12:37:03 connection.go:49: unexpected EOF
[mysql] 2026/05/23 12:37:03 connection.go:49: unexpected EOF
[mysql] 2026/05/23 12:37:03 connection.go:49: unexpected EOF
[mysql] 2026/05/23 12:37:03 connection.go:49: unexpected EOF
[mysql] 2026/05/23 12:37:03 connection.go:49: unexpected EOF
[mysql] 2026/05/23 12:37:03 connection.go:49: unexpected EOF
[mysql] 2026/05/23 12:37:03 connection.go:49: unexpected EOF
[mysql] 2026/05/23 12:37:03 connection.go:49: unexpected EOF
[mysql] 2026/05/23 12:37:03 connection.go:49: unexpected EOF
[mysql] 2026/05/23 12:37:03 connection.go:49: unexpected EOF
[mysql] 2026/05/23 12:37:03 connection.go:49: unexpected EOF
[mysql] 2026/05/23 12:37:03 connection.go:49: unexpected EOF
[mysql] 2026/05/23 12:37:03 connection.go:49: unexpected EOF
[mysql] 2026/05/23 12:37:03 connection.go:49: unexpected EOF
[mysql] 2026/05/23 12:37:03 connection.go:49: unexpected EOF
[mysql] 2026/05/23 12:37:03 connection.go:49: unexpected EOF
[mysql] 2026/05/23 12:37:03 connection.go:49: unexpected EOF
[mysql] 2026/05/23 12:37:03 connection.go:49: unexpected EOF
[mysql] 2026/05/23 12:37:03 connection.go:49: unexpected EOF
[mysql] 2026/05/23 12:37:03 connection.go:49: unexpected EOF
[mysql] 2026/05/23 12:37:03 connection.go:49: unexpected EOF
[mysql] 2026/05/23 12:37:03 connection.go:49: unexpected EOF
[mysql] 2026/05/23 12:37:03 connection.go:49: unexpected EOF
[mysql] 2026/05/23 12:37:03 connection.go:49: unexpected EOF
[mysql] 2026/05/23 12:37:03 connection.go:49: unexpected EOF
[mysql] 2026/05/23 12:37:03 connection.go:49: unexpected EOF
[mysql] 2026/05/23 12:37:03 connection.go:49: unexpected EOF
[mysql] 2026/05/23 12:37:03 connection.go:49: unexpected EOF
[mysql] 2026/05/23 12:37:03 connection.go:49: unexpected EOF
[mysql] 2026/05/23 12:37:03 connection.go:49: unexpected EOF
[mysql] 2026/05/23 12:37:03 connection.go:49: unexpected EOF
[mysql] 2026/05/23 12:37:03 connection.go:49: unexpected EOF
[mysql] 2026/05/23 12:37:03 connection.go:49: unexpected EOF
[mysql] 2026/05/23 12:37:03 connection.go:49: unexpected EOF
[mysql] 2026/05/23 12:37:03 connection.go:49: unexpected EOF
[mysql] 2026/05/23 12:37:03 connection.go:49: unexpected EOF
[mysql] 2026/05/23 12:37:03 connection.go:49: unexpected EOF
[mysql] 2026/05/23 12:37:03 connection.go:49: unexpected EOF
[mysql] 2026/05/23 12:37:03 connection.go:49: unexpected EOF
[mysql] 2026/05/23 12:37:03 connection.go:49: unexpected EOF
[mysql] 2026/05/23 12:37:03 connection.go:49: unexpected EOF
[mysql] 2026/05/23 12:37:03 connection.go:49: unexpected EOF
[mysql] 2026/05/23 12:37:03 connection.go:49: unexpected EOF
[mysql] 2026/05/23 12:37:03 connection.go:49: unexpected EOF
[mysql] 2026/05/23 12:37:03 connection.go:49: unexpected EOF
[mysql] 2026/05/23 12:37:03 connection.go:49: unexpected EOF
[mysql] 2026/05/23 12:37:03 connection.go:49: unexpected EOF
[mysql] 2026/05/23 12:37:03 connection.go:49: unexpected EOF
[mysql] 2026/05/23 12:37:03 connection.go:49: unexpected EOF
[mysql] 2026/05/23 12:37:03 connection.go:49: unexpected EOF
[mysql] 2026/05/23 12:37:03 connection.go:49: unexpected EOF
[mysql] 2026/05/23 12:37:03 connection.go:49: unexpected EOF
[mysql] 2026/05/23 12:37:03 connection.go:49: unexpected EOF
[mysql] 2026/05/23 12:37:03 connection.go:49: unexpected EOF
[mysql] 2026/05/23 12:37:03 connection.go:49: unexpected EOF
[mysql] 2026/05/23 12:37:03 connection.go:49: unexpected EOF
[mysql] 2026/05/23 12:37:03 connection.go:49: unexpected EOF
[mysql] 2026/05/23 12:37:03 connection.go:49: unexpected EOF
[mysql] 2026/05/23 12:37:03 connection.go:49: unexpected EOF
[mysql] 2026/05/23 12:37:03 connection.go:49: unexpected EOF
[mysql] 2026/05/23 12:37:03 connection.go:49: unexpected EOF
[mysql] 2026/05/23 12:37:03 connection.go:49: unexpected EOF
[mysql] 2026/05/23 12:37:03 connection.go:49: unexpected EOF
[mysql] 2026/05/23 12:37:03 connection.go:49: unexpected EOF
[mysql] 2026/05/23 12:37:03 connection.go:49: unexpected EOF
[mysql] 2026/05/23 12:37:03 connection.go:49: unexpected EOF
[mysql] 2026/05/23 12:37:03 connection.go:49: unexpected EOF
[mysql] 2026/05/23 12:37:03 connection.go:49: unexpected EOF
[mysql] 2026/05/23 12:37:03 connection.go:49: unexpected EOF
[mysql] 2026/05/23 12:37:03 connection.go:49: unexpected EOF
[mysql] 2026/05/23 12:37:03 connection.go:49: unexpected EOF
[mysql] 2026/05/23 12:37:03 connection.go:49: unexpected EOF
[mysql] 2026/05/23 12:37:03 connection.go:49: unexpected EOF
[mysql] 2026/05/23 12:37:03 connection.go:49: unexpected EOF
[mysql] 2026/05/23 12:37:03 connection.go:49: unexpected EOF
[mysql] 2026/05/23 12:37:03 connection.go:49: unexpected EOF
[mysql] 2026/05/23 12:37:03 connection.go:49: unexpected EOF
[mysql] 2026/05/23 12:37:03 connection.go:49: unexpected EOF
[mysql] 2026/05/23 12:37:03 connection.go:49: unexpected EOF
[mysql] 2026/05/23 12:37:03 connection.go:49: unexpected EOF
[mysql] 2026/05/23 12:37:03 connection.go:49: unexpected EOF
[mysql] 2026/05/23 12:37:03 connection.go:49: unexpected EOF
[mysql] 2026/05/23 12:37:03 connection.go:49: unexpected EOF
[mysql] 2026/05/23 12:37:03 connection.go:49: unexpected EOF
[mysql] 2026/05/23 12:37:03 connection.go:49: unexpected EOF
[mysql] 2026/05/23 12:37:03 connection.go:49: unexpected EOF
[mysql] 2026/05/23 12:37:03 connection.go:49: unexpected EOF
[mysql] 2026/05/23 12:37:03 connection.go:49: unexpected EOF
[mysql] 2026/05/23 12:37:03 connection.go:49: unexpected EOF
[mysql] 2026/05/23 12:37:03 connection.go:49: unexpected EOF
[mysql] 2026/05/23 12:37:03 connection.go:49: unexpected EOF
[mysql] 2026/05/23 12:37:03 connection.go:49: unexpected EOF
[mysql] 2026/05/23 12:37:03 connection.go:49: unexpected EOF
[mysql] 2026/05/23 12:37:03 connection.go:49: unexpected EOF
[mysql] 2026/05/23 12:37:03 connection.go:49: unexpected EOF
[mysql] 2026/05/23 12:37:03 connection.go:49: unexpected EOF
[mysql] 2026/05/23 12:37:03 connection.go:49: unexpected EOF
[mysql] 2026/05/23 12:37:03 connection.go:49: unexpected EOF
[mysql] 2026/05/23 12:37:03 connection.go:49: unexpected EOF
[mysql] 2026/05/23 12:37:03 connection.go:49: unexpected EOF
[mysql] 2026/05/23 12:37:03 connection.go:49: unexpected EOF
[mysql] 2026/05/23 12:37:03 connection.go:49: unexpected EOF
[mysql] 2026/05/23 12:37:03 connection.go:49: unexpected EOF
[mysql] 2026/05/23 12:37:03 connection.go:49: unexpected EOF
[mysql] 2026/05/23 12:37:03 connection.go:49: unexpected EOF
[mysql] 2026/05/23 12:37:03 connection.go:49: unexpected EOF
[mysql] 2026/05/23 12:37:03 connection.go:49: unexpected EOF
[mysql] 2026/05/23 12:37:03 connection.go:49: unexpected EOF
[mysql] 2026/05/23 12:37:03 connection.go:49: unexpected EOF
[mysql] 2026/05/23 12:37:03 connection.go:49: unexpected EOF
[mysql] 2026/05/23 12:37:03 connection.go:49: unexpected EOF
[mysql] 2026/05/23 12:37:03 connection.go:49: unexpected EOF
[mysql] 2026/05/23 12:37:03 connection.go:49: unexpected EOF
[mysql] 2026/05/23 12:37:03 connection.go:49: unexpected EOF
[mysql] 2026/05/23 12:37:03 connection.go:49: unexpected EOF
[mysql] 2026/05/23 12:37:03 connection.go:49: unexpected EOF
[mysql] 2026/05/23 12:37:03 connection.go:49: unexpected EOF
[mysql] 2026/05/23 12:37:03 connection.go:49: unexpected EOF
[mysql] 2026/05/23 12:37:03 connection.go:49: unexpected EOF
[mysql] 2026/05/23 12:37:03 connection.go:49: unexpected EOF
[mysql] 2026/05/23 12:37:03 connection.go:49: unexpected EOF
[mysql] 2026/05/23 12:37:03 connection.go:49: unexpected EOF
[mysql] 2026/05/23 12:37:03 connection.go:49: unexpected EOF
[mysql] 2026/05/23 12:37:03 connection.go:49: unexpected EOF
[mysql] 2026/05/23 12:37:03 connection.go:49: unexpected EOF
[mysql] 2026/05/23 12:37:03 connection.go:49: unexpected EOF
[mysql] 2026/05/23 12:37:03 connection.go:49: unexpected EOF
[mysql] 2026/05/23 12:37:03 connection.go:49: unexpected EOF
[mysql] 2026/05/23 12:37:03 connection.go:49: unexpected EOF
[mysql] 2026/05/23 12:37:03 connection.go:49: unexpected EOF
[mysql] 2026/05/23 12:37:03 connection.go:49: unexpected EOF
[mysql] 2026/05/23 12:37:03 connection.go:49: unexpected EOF
[mysql] 2026/05/23 12:37:03 connection.go:49: unexpected EOF
[mysql] 2026/05/23 12:37:03 connection.go:49: unexpected EOF
[mysql] 2026/05/23 12:37:03 connection.go:49: unexpected EOF
[mysql] 2026/05/23 12:37:03 connection.go:49: unexpected EOF
[mysql] 2026/05/23 12:37:03 connection.go:49: unexpected EOF
[mysql] 2026/05/23 12:37:03 connection.go:49: unexpected EOF
[mysql] 2026/05/23 12:37:03 connection.go:49: unexpected EOF
[mysql] 2026/05/23 12:37:03 connection.go:49: unexpected EOF
[mysql] 2026/05/23 12:37:03 connection.go:49: unexpected EOF
[mysql] 2026/05/23 12:37:03 connection.go:49: unexpected EOF
[mysql] 2026/05/23 12:37:03 connection.go:49: unexpected EOF
[mysql] 2026/05/23 12:37:03 connection.go:49: unexpected EOF
[mysql] 2026/05/23 12:37:03 connection.go:49: unexpected EOF
[mysql] 2026/05/23 12:37:03 connection.go:49: unexpected EOF
[mysql] 2026/05/23 12:37:03 connection.go:49: unexpected EOF
[mysql] 2026/05/23 12:37:03 connection.go:49: unexpected EOF
[mysql] 2026/05/23 12:37:03 connection.go:49: unexpected EOF
[mysql] 2026/05/23 12:37:03 connection.go:49: unexpected EOF
[mysql] 2026/05/23 12:37:03 connection.go:49: unexpected EOF
[mysql] 2026/05/23 12:37:03 connection.go:49: unexpected EOF
[mysql] 2026/05/23 12:37:03 connection.go:49: unexpected EOF
[mysql] 2026/05/23 12:37:03 connection.go:49: unexpected EOF
[mysql] 2026/05/23 12:37:03 connection.go:49: unexpected EOF
[mysql] 2026/05/23 12:37:03 connection.go:49: unexpected EOF
[mysql] 2026/05/23 12:37:03 connection.go:49: unexpected EOF
[mysql] 2026/05/23 12:37:03 connection.go:49: unexpected EOF
[mysql] 2026/05/23 12:37:03 connection.go:49: unexpected EOF
[mysql] 2026/05/23 12:37:03 connection.go:49: unexpected EOF
[mysql] 2026/05/23 12:37:03 connection.go:49: unexpected EOF
[mysql] 2026/05/23 12:37:03 connection.go:49: unexpected EOF
[mysql] 2026/05/23 12:37:03 connection.go:49: unexpected EOF
[mysql] 2026/05/23 12:37:03 connection.go:49: unexpected EOF
[mysql] 2026/05/23 12:37:03 connection.go:49: unexpected EOF
[mysql] 2026/05/23 12:37:03 connection.go:49: unexpected EOF
[mysql] 2026/05/23 12:37:03 connection.go:49: unexpected EOF
[mysql] 2026/05/23 12:37:03 connection.go:49: unexpected EOF
[mysql] 2026/05/23 12:37:03 connection.go:49: unexpected EOF
[mysql] 2026/05/23 12:37:03 connection.go:49: unexpected EOF
[mysql] 2026/05/23 12:37:03 connection.go:49: unexpected EOF
[mysql] 2026/05/23 12:37:03 connection.go:49: unexpected EOF
[mysql] 2026/05/23 12:37:03 connection.go:49: unexpected EOF
[mysql] 2026/05/23 12:37:03 connection.go:49: unexpected EOF
[mysql] 2026/05/23 12:37:03 connection.go:49: unexpected EOF
[mysql] 2026/05/23 12:37:03 connection.go:49: unexpected EOF
[mysql] 2026/05/23 12:37:03 connection.go:49: unexpected EOF
[mysql] 2026/05/23 12:37:03 connection.go:49: unexpected EOF
[mysql] 2026/05/23 12:37:03 connection.go:49: unexpected EOF
[mysql] 2026/05/23 12:37:03 connection.go:49: unexpected EOF
[mysql] 2026/05/23 12:37:03 connection.go:49: unexpected EOF
[mysql] 2026/05/23 12:37:03 connection.go:49: unexpected EOF
[mysql] 2026/05/23 12:37:03 connection.go:49: unexpected EOF
[mysql] 2026/05/23 12:37:03 connection.go:49: unexpected EOF
[mysql] 2026/05/23 12:37:03 connection.go:49: unexpected EOF
[mysql] 2026/05/23 12:37:03 connection.go:49: unexpected EOF
[mysql] 2026/05/23 12:37:03 connection.go:49: unexpected EOF
[mysql] 2026/05/23 12:37:03 connection.go:49: unexpected EOF
[mysql] 2026/05/23 12:37:03 connection.go:49: unexpected EOF
[mysql] 2026/05/23 12:37:03 connection.go:49: unexpected EOF
[mysql] 2026/05/23 12:37:03 connection.go:49: unexpected EOF
[mysql] 2026/05/23 12:37:03 connection.go:49: unexpected EOF
[mysql] 2026/05/23 12:37:03 connection.go:49: unexpected EOF
[mysql] 2026/05/23 12:37:03 connection.go:49: unexpected EOF
[mysql] 2026/05/23 12:37:03 connection.go:49: unexpected EOF
[mysql] 2026/05/23 12:37:03 connection.go:49: unexpected EOF
[mysql] 2026/05/23 12:37:03 connection.go:49: unexpected EOF
[mysql] 2026/05/23 12:37:03 connection.go:49: unexpected EOF
[mysql] 2026/05/23 12:37:03 connection.go:49: unexpected EOF
[mysql] 2026/05/23 12:37:03 connection.go:49: unexpected EOF
[mysql] 2026/05/23 12:37:03 connection.go:49: unexpected EOF
[mysql] 2026/05/23 12:37:03 connection.go:49: unexpected EOF
[mysql] 2026/05/23 12:37:03 connection.go:49: unexpected EOF
[mysql] 2026/05/23 12:37:03 connection.go:49: unexpected EOF
[mysql] 2026/05/23 12:37:03 connection.go:49: unexpected EOF
[mysql] 2026/05/23 12:37:03 connection.go:49: unexpected EOF
[mysql] 2026/05/23 12:37:03 connection.go:49: unexpected EOF
[mysql] 2026/05/23 12:37:03 connection.go:49: unexpected EOF
[mysql] 2026/05/23 12:37:03 connection.go:49: unexpected EOF
[mysql] 2026/05/23 12:37:03 connection.go:49: unexpected EOF
[mysql] 2026/05/23 12:37:03 connection.go:49: unexpected EOF
[mysql] 2026/05/23 12:37:03 connection.go:49: unexpected EOF
[mysql] 2026/05/23 12:37:03 connection.go:49: unexpected EOF
[mysql] 2026/05/23 12:37:03 connection.go:49: unexpected EOF
[mysql] 2026/05/23 12:37:03 connection.go:49: unexpected EOF
[mysql] 2026/05/23 12:37:03 connection.go:49: unexpected EOF
[mysql] 2026/05/23 12:37:03 connection.go:49: unexpected EOF
[mysql] 2026/05/23 12:37:03 connection.go:49: unexpected EOF
[mysql] 2026/05/23 12:37:03 connection.go:49: unexpected EOF
[mysql] 2026/05/23 12:37:03 connection.go:49: unexpected EOF
[mysql] 2026/05/23 12:37:03 connection.go:49: unexpected EOF
[mysql] 2026/05/23 12:37:03 connection.go:49: unexpected EOF
[mysql] 2026/05/23 12:37:03 connection.go:49: unexpected EOF
[mysql] 2026/05/23 12:37:03 connection.go:49: unexpected EOF
[mysql] 2026/05/23 12:37:03 connection.go:49: unexpected EOF
[mysql] 2026/05/23 12:37:03 connection.go:49: unexpected EOF
[mysql] 2026/05/23 12:37:03 connection.go:49: unexpected EOF
[mysql] 2026/05/23 12:37:03 connection.go:49: unexpected EOF
[mysql] 2026/05/23 12:37:03 connection.go:49: unexpected EOF
[mysql] 2026/05/23 12:37:03 connection.go:49: unexpected EOF
[mysql] 2026/05/23 12:37:03 connection.go:49: unexpected EOF
[mysql] 2026/05/23 12:37:03 connection.go:49: unexpected EOF
[mysql] 2026/05/23 12:37:03 connection.go:49: unexpected EOF
[mysql] 2026/05/23 12:37:03 connection.go:49: unexpected EOF
[mysql] 2026/05/23 12:37:03 connection.go:49: unexpected EOF
[mysql] 2026/05/23 12:37:03 connection.go:49: unexpected EOF
[mysql] 2026/05/23 12:37:03 connection.go:49: unexpected EOF
[mysql] 2026/05/23 12:37:03 connection.go:49: unexpected EOF
[mysql] 2026/05/23 12:37:03 connection.go:49: unexpected EOF
[mysql] 2026/05/23 12:37:03 connection.go:49: unexpected EOF
[mysql] 2026/05/23 12:37:03 connection.go:49: unexpected EOF
[mysql] 2026/05/23 12:37:03 connection.go:49: unexpected EOF
[mysql] 2026/05/23 12:37:03 connection.go:49: unexpected EOF
[mysql] 2026/05/23 12:37:03 connection.go:49: unexpected EOF
[mysql] 2026/05/23 12:37:03 connection.go:49: unexpected EOF
[mysql] 2026/05/23 12:37:03 connection.go:49: unexpected EOF
[mysql] 2026/05/23 12:37:03 connection.go:49: unexpected EOF
[mysql] 2026/05/23 12:37:03 connection.go:49: unexpected EOF
[mysql] 2026/05/23 12:37:03 connection.go:49: unexpected EOF
[mysql] 2026/05/23 12:37:03 connection.go:49: unexpected EOF
[mysql] 2026/05/23 12:37:03 connection.go:49: unexpected EOF
[mysql] 2026/05/23 12:37:03 connection.go:49: unexpected EOF
[mysql] 2026/05/23 12:37:03 connection.go:49: unexpected EOF
[mysql] 2026/05/23 12:37:03 connection.go:49: unexpected EOF
[mysql] 2026/05/23 12:37:03 connection.go:49: unexpected EOF
[mysql] 2026/05/23 12:37:03 connection.go:49: unexpected EOF
[mysql] 2026/05/23 12:37:03 connection.go:49: unexpected EOF
[mysql] 2026/05/23 12:37:03 connection.go:49: unexpected EOF
[mysql] 2026/05/23 12:37:03 connection.go:49: unexpected EOF
[mysql] 2026/05/23 12:37:03 connection.go:49: unexpected EOF
[mysql] 2026/05/23 12:37:03 connection.go:49: unexpected EOF
[mysql] 2026/05/23 12:37:03 connection.go:49: unexpected EOF
[mysql] 2026/05/23 12:37:03 connection.go:49: unexpected EOF
[mysql] 2026/05/23 12:37:03 connection.go:49: unexpected EOF
[mysql] 2026/05/23 12:37:03 connection.go:49: unexpected EOF
[mysql] 2026/05/23 12:37:03 connection.go:49: unexpected EOF
[mysql] 2026/05/23 12:37:03 connection.go:49: unexpected EOF
[mysql] 2026/05/23 12:37:03 connection.go:49: unexpected EOF
[mysql] 2026/05/23 12:37:03 connection.go:49: unexpected EOF
[mysql] 2026/05/23 12:37:03 connection.go:49: unexpected EOF
[mysql] 2026/05/23 12:37:03 connection.go:49: unexpected EOF
[mysql] 2026/05/23 12:37:03 connection.go:49: unexpected EOF
[mysql] 2026/05/23 12:37:03 connection.go:49: unexpected EOF
[mysql] 2026/05/23 12:37:03 connection.go:49: unexpected EOF
[mysql] 2026/05/23 12:37:03 connection.go:49: unexpected EOF
[mysql] 2026/05/23 12:37:03 connection.go:49: unexpected EOF
[mysql] 2026/05/23 12:37:03 connection.go:49: unexpected EOF
[mysql] 2026/05/23 12:37:03 connection.go:49: unexpected EOF
[mysql] 2026/05/23 12:37:03 connection.go:49: unexpected EOF
[mysql] 2026/05/23 12:37:03 connection.go:49: unexpected EOF
[mysql] 2026/05/23 12:37:03 connection.go:49: unexpected EOF
[mysql] 2026/05/23 12:37:03 connection.go:49: unexpected EOF
[mysql] 2026/05/23 12:37:03 connection.go:49: unexpected EOF
[mysql] 2026/05/23 12:37:03 connection.go:49: unexpected EOF
[mysql] 2026/05/23 12:37:03 connection.go:49: unexpected EOF
[mysql] 2026/05/23 12:37:03 connection.go:49: unexpected EOF
[mysql] 2026/05/23 12:37:03 connection.go:49: unexpected EOF
[mysql] 2026/05/23 12:37:03 connection.go:49: unexpected EOF
[mysql] 2026/05/23 12:37:03 connection.go:49: unexpected EOF
[mysql] 2026/05/23 12:37:03 connection.go:49: unexpected EOF
[mysql] 2026/05/23 12:37:03 connection.go:49: unexpected EOF
[mysql] 2026/05/23 12:37:03 connection.go:49: unexpected EOF
[mysql] 2026/05/23 12:37:03 connection.go:49: unexpected EOF
[mysql] 2026/05/23 12:37:03 connection.go:49: unexpected EOF
[mysql] 2026/05/23 12:37:03 connection.go:49: unexpected EOF
[mysql] 2026/05/23 12:37:03 connection.go:49: unexpected EOF
[mysql] 2026/05/23 12:37:03 connection.go:49: unexpected EOF
[mysql] 2026/05/23 12:37:03 connection.go:49: unexpected EOF
[mysql] 2026/05/23 12:37:03 connection.go:49: unexpected EOF
[mysql] 2026/05/23 12:37:03 connection.go:49: unexpected EOF
[mysql] 2026/05/23 12:37:03 connection.go:49: unexpected EOF
[mysql] 2026/05/23 12:37:03 connection.go:49: unexpected EOF
[mysql] 2026/05/23 12:37:03 connection.go:49: unexpected EOF
[mysql] 2026/05/23 12:37:03 connection.go:49: unexpected EOF
[mysql] 2026/05/23 12:37:03 connection.go:49: unexpected EOF
[mysql] 2026/05/23 12:37:03 connection.go:49: unexpected EOF
[mysql] 2026/05/23 12:37:03 connection.go:49: unexpected EOF
[mysql] 2026/05/23 12:37:03 connection.go:49: unexpected EOF
[mysql] 2026/05/23 12:37:03 connection.go:49: unexpected EOF
[mysql] 2026/05/23 12:37:03 connection.go:49: unexpected EOF
[mysql] 2026/05/23 12:37:03 connection.go:49: unexpected EOF
[mysql] 2026/05/23 12:37:03 connection.go:49: unexpected EOF
[mysql] 2026/05/23 12:37:03 connection.go:49: unexpected EOF
[mysql] 2026/05/23 12:37:03 connection.go:49: unexpected EOF
[mysql] 2026/05/23 12:37:03 connection.go:49: unexpected EOF
[mysql] 2026/05/23 12:37:03 connection.go:49: unexpected EOF
[mysql] 2026/05/23 12:37:03 connection.go:49: unexpected EOF
[mysql] 2026/05/23 12:37:03 connection.go:49: unexpected EOF
[mysql] 2026/05/23 12:37:03 connection.go:49: unexpected EOF
[mysql] 2026/05/23 12:37:03 connection.go:49: unexpected EOF
[mysql] 2026/05/23 12:37:03 connection.go:49: unexpected EOF
[mysql] 2026/05/23 12:37:03 connection.go:49: unexpected EOF
[mysql] 2026/05/23 12:37:03 connection.go:49: unexpected EOF
[mysql] 2026/05/23 12:37:03 connection.go:49: unexpected EOF
[mysql] 2026/05/23 12:37:03 connection.go:49: unexpected EOF
[mysql] 2026/05/23 12:37:03 connection.go:49: unexpected EOF
[mysql] 2026/05/23 12:37:03 connection.go:49: unexpected EOF
[mysql] 2026/05/23 12:37:03 connection.go:49: unexpected EOF
[mysql] 2026/05/23 12:37:03 connection.go:49: unexpected EOF
[mysql] 2026/05/23 12:37:03 connection.go:49: unexpected EOF
[mysql] 2026/05/23 12:37:03 connection.go:49: unexpected EOF
[mysql] 2026/05/23 12:37:03 connection.go:49: unexpected EOF
[mysql] 2026/05/23 12:37:03 connection.go:49: unexpected EOF
[mysql] 2026/05/23 12:37:03 connection.go:49: unexpected EOF
[mysql] 2026/05/23 12:37:03 connection.go:49: unexpected EOF
[mysql] 2026/05/23 12:37:03 connection.go:49: unexpected EOF
[mysql] 2026/05/23 12:37:03 connection.go:49: unexpected EOF
[mysql] 2026/05/23 12:37:03 connection.go:49: unexpected EOF
[mysql] 2026/05/23 12:37:03 connection.go:49: unexpected EOF
[mysql] 2026/05/23 12:37:03 connection.go:49: unexpected EOF
[mysql] 2026/05/23 12:37:03 connection.go:49: unexpected EOF
[mysql] 2026/05/23 12:37:03 connection.go:49: unexpected EOF
[mysql] 2026/05/23 12:37:03 connection.go:49: unexpected EOF
[mysql] 2026/05/23 12:37:03 connection.go:49: unexpected EOF
[mysql] 2026/05/23 12:37:03 connection.go:49: unexpected EOF
[mysql] 2026/05/23 12:37:03 connection.go:49: unexpected EOF
[mysql] 2026/05/23 12:37:03 connection.go:49: unexpected EOF
[mysql] 2026/05/23 12:37:03 connection.go:49: unexpected EOF
[mysql] 2026/05/23 12:37:03 connection.go:49: unexpected EOF
[mysql] 2026/05/23 12:37:03 connection.go:49: unexpected EOF
[mysql] 2026/05/23 12:37:03 connection.go:49: unexpected EOF
[mysql] 2026/05/23 12:37:03 connection.go:49: unexpected EOF
[mysql] 2026/05/23 12:37:03 connection.go:49: unexpected EOF
[mysql] 2026/05/23 12:37:03 connection.go:49: unexpected EOF
[mysql] 2026/05/23 12:37:03 connection.go:49: unexpected EOF
[mysql] 2026/05/23 12:37:03 connection.go:49: unexpected EOF
[mysql] 2026/05/23 12:37:03 connection.go:49: unexpected EOF
[mysql] 2026/05/23 12:37:03 connection.go:49: unexpected EOF
[mysql] 2026/05/23 12:37:03 connection.go:49: unexpected EOF
[mysql] 2026/05/23 12:37:03 connection.go:49: unexpected EOF
[mysql] 2026/05/23 12:37:03 connection.go:49: unexpected EOF
[mysql] 2026/05/23 12:37:03 connection.go:49: unexpected EOF
[mysql] 2026/05/23 12:37:03 connection.go:49: unexpected EOF
[mysql] 2026/05/23 12:37:03 connection.go:49: unexpected EOF
[mysql] 2026/05/23 12:37:03 connection.go:49: unexpected EOF
[mysql] 2026/05/23 12:37:03 connection.go:49: unexpected EOF
[mysql] 2026/05/23 12:37:03 connection.go:49: unexpected EOF
[mysql] 2026/05/23 12:37:03 connection.go:49: unexpected EOF
[mysql] 2026/05/23 12:37:03 connection.go:49: unexpected EOF
[mysql] 2026/05/23 12:37:03 connection.go:49: unexpected EOF
[mysql] 2026/05/23 12:37:03 connection.go:49: unexpected EOF
[mysql] 2026/05/23 12:37:03 connection.go:49: unexpected EOF
[mysql] 2026/05/23 12:37:03 connection.go:49: unexpected EOF
[mysql] 2026/05/23 12:37:03 connection.go:49: unexpected EOF
[mysql] 2026/05/23 12:37:03 connection.go:49: unexpected EOF
[mysql] 2026/05/23 12:37:03 connection.go:49: unexpected EOF
[mysql] 2026/05/23 12:37:03 connection.go:49: unexpected EOF
[mysql] 2026/05/23 12:37:03 connection.go:49: unexpected EOF
[mysql] 2026/05/23 12:37:03 connection.go:49: unexpected EOF
[mysql] 2026/05/23 12:37:03 connection.go:49: unexpected EOF
[mysql] 2026/05/23 12:37:03 connection.go:49: unexpected EOF
[mysql] 2026/05/23 12:37:03 connection.go:49: unexpected EOF
[mysql] 2026/05/23 12:37:03 connection.go:49: unexpected EOF
[mysql] 2026/05/23 12:37:03 connection.go:49: unexpected EOF
[mysql] 2026/05/23 12:37:03 connection.go:49: unexpected EOF
[mysql] 2026/05/23 12:37:03 connection.go:49: unexpected EOF
[mysql] 2026/05/23 12:37:03 connection.go:49: unexpected EOF
[mysql] 2026/05/23 12:37:03 connection.go:49: unexpected EOF
[mysql] 2026/05/23 12:37:03 connection.go:49: unexpected EOF
[mysql] 2026/05/23 12:37:03 connection.go:49: unexpected EOF
[mysql] 2026/05/23 12:37:03 connection.go:49: unexpected EOF
[mysql] 2026/05/23 12:37:03 connection.go:49: unexpected EOF
[mysql] 2026/05/23 12:37:03 connection.go:49: unexpected EOF
[mysql] 2026/05/23 12:37:03 connection.go:49: unexpected EOF
[mysql] 2026/05/23 12:37:03 connection.go:49: unexpected EOF
[mysql] 2026/05/23 12:37:03 connection.go:49: unexpected EOF
[mysql] 2026/05/23 12:37:03 connection.go:49: unexpected EOF
[mysql] 2026/05/23 12:37:03 connection.go:49: unexpected EOF
[mysql] 2026/05/23 12:37:03 connection.go:49: unexpected EOF
[mysql] 2026/05/23 12:37:03 connection.go:49: unexpected EOF
[mysql] 2026/05/23 12:37:03 connection.go:49: unexpected EOF
[mysql] 2026/05/23 12:37:03 connection.go:49: unexpected EOF
[mysql] 2026/05/23 12:37:03 connection.go:49: unexpected EOF
[mysql] 2026/05/23 12:37:03 connection.go:49: unexpected EOF
[mysql] 2026/05/23 12:37:03 connection.go:49: unexpected EOF
[mysql] 2026/05/23 12:37:03 connection.go:49: unexpected EOF
[mysql] 2026/05/23 12:37:03 connection.go:49: unexpected EOF
[mysql] 2026/05/23 12:37:03 connection.go:49: unexpected EOF
[mysql] 2026/05/23 12:37:03 connection.go:49: unexpected EOF
[mysql] 2026/05/23 12:37:03 connection.go:49: unexpected EOF
[mysql] 2026/05/23 12:37:03 connection.go:49: unexpected EOF
[mysql] 2026/05/23 12:37:03 connection.go:49: unexpected EOF
[mysql] 2026/05/23 12:37:03 connection.go:49: unexpected EOF
[mysql] 2026/05/23 12:37:03 connection.go:49: unexpected EOF
[mysql] 2026/05/23 12:37:03 connection.go:49: unexpected EOF
[mysql] 2026/05/23 12:37:03 connection.go:49: unexpected EOF
[mysql] 2026/05/23 12:37:03 connection.go:49: unexpected EOF
[mysql] 2026/05/23 12:37:03 connection.go:49: unexpected EOF
[mysql] 2026/05/23 12:37:03 connection.go:49: unexpected EOF
[mysql] 2026/05/23 12:37:03 connection.go:49: unexpected EOF
[mysql] 2026/05/23 12:37:03 connection.go:49: unexpected EOF
[mysql] 2026/05/23 12:37:03 connection.go:49: unexpected EOF
[mysql] 2026/05/23 12:37:03 connection.go:49: unexpected EOF
[mysql] 2026/05/23 12:37:03 connection.go:49: unexpected EOF
[mysql] 2026/05/23 12:37:03 connection.go:49: unexpected EOF
[mysql] 2026/05/23 12:37:03 connection.go:49: unexpected EOF
[mysql] 2026/05/23 12:37:03 connection.go:49: unexpected EOF
[mysql] 2026/05/23 12:37:03 connection.go:49: unexpected EOF
[mysql] 2026/05/23 12:37:03 connection.go:49: unexpected EOF
[mysql] 2026/05/23 12:37:03 connection.go:49: unexpected EOF
[mysql] 2026/05/23 12:37:03 connection.go:49: unexpected EOF
[mysql] 2026/05/23 12:37:03 connection.go:49: unexpected EOF
[mysql] 2026/05/23 12:37:03 connection.go:49: unexpected EOF
[mysql] 2026/05/23 12:37:03 connection.go:49: unexpected EOF
[mysql] 2026/05/23 12:37:03 connection.go:49: unexpected EOF
[mysql] 2026/05/23 12:37:03 connection.go:49: unexpected EOF
[mysql] 2026/05/23 12:37:03 connection.go:49: unexpected EOF
[mysql] 2026/05/23 12:37:03 connection.go:49: unexpected EOF
[mysql] 2026/05/23 12:37:03 connection.go:49: unexpected EOF
[mysql] 2026/05/23 12:37:03 connection.go:49: unexpected EOF
[mysql] 2026/05/23 12:37:03 connection.go:49: unexpected EOF
[mysql] 2026/05/23 12:37:03 connection.go:49: unexpected EOF
[mysql] 2026/05/23 12:37:03 connection.go:49: unexpected EOF
[mysql] 2026/05/23 12:37:03 connection.go:49: unexpected EOF
[mysql] 2026/05/23 12:37:03 connection.go:49: unexpected EOF
[mysql] 2026/05/23 12:37:03 connection.go:49: unexpected EOF
[mysql] 2026/05/23 12:37:03 connection.go:49: unexpected EOF
[mysql] 2026/05/23 12:37:03 connection.go:49: unexpected EOF
[mysql] 2026/05/23 12:37:03 connection.go:49: unexpected EOF
[mysql] 2026/05/23 12:37:03 connection.go:49: unexpected EOF
[mysql] 2026/05/23 12:37:03 connection.go:49: unexpected EOF
[mysql] 2026/05/23 12:37:03 connection.go:49: unexpected EOF
[mysql] 2026/05/23 12:37:03 connection.go:49: unexpected EOF
[mysql] 2026/05/23 12:37:03 connection.go:49: unexpected EOF
[mysql] 2026/05/23 12:37:03 connection.go:49: unexpected EOF
[mysql] 2026/05/23 12:37:03 connection.go:49: unexpected EOF
[mysql] 2026/05/23 12:37:03 connection.go:49: unexpected EOF
[mysql] 2026/05/23 12:37:03 connection.go:49: unexpected EOF
[mysql] 2026/05/23 12:37:03 connection.go:49: unexpected EOF
[mysql] 2026/05/23 12:37:03 connection.go:49: unexpected EOF
[mysql] 2026/05/23 12:37:03 connection.go:49: unexpected EOF
[mysql] 2026/05/23 12:37:03 connection.go:49: unexpected EOF
[mysql] 2026/05/23 12:37:03 connection.go:49: unexpected EOF
[mysql] 2026/05/23 12:37:03 connection.go:49: unexpected EOF
[mysql] 2026/05/23 12:37:03 connection.go:49: unexpected EOF
[mysql] 2026/05/23 12:37:03 connection.go:49: unexpected EOF
[mysql] 2026/05/23 12:37:03 connection.go:49: unexpected EOF
[mysql] 2026/05/23 12:37:03 connection.go:49: unexpected EOF
[mysql] 2026/05/23 12:37:03 connection.go:49: unexpected EOF
[mysql] 2026/05/23 12:37:03 connection.go:49: unexpected EOF
[mysql] 2026/05/23 12:37:03 connection.go:49: unexpected EOF
[mysql] 2026/05/23 12:37:03 connection.go:49: unexpected EOF
[mysql] 2026/05/23 12:37:03 connection.go:49: unexpected EOF
[mysql] 2026/05/23 12:37:03 connection.go:49: unexpected EOF
[mysql] 2026/05/23 12:37:03 connection.go:49: unexpected EOF
[mysql] 2026/05/23 12:37:03 connection.go:49: unexpected EOF
[mysql] 2026/05/23 12:37:03 connection.go:49: unexpected EOF
[mysql] 2026/05/23 12:37:03 connection.go:49: unexpected EOF
[mysql] 2026/05/23 12:37:03 connection.go:49: unexpected EOF
[mysql] 2026/05/23 12:37:03 connection.go:49: unexpected EOF
[mysql] 2026/05/23 12:37:03 connection.go:49: unexpected EOF
[mysql] 2026/05/23 12:37:03 connection.go:49: unexpected EOF
[mysql] 2026/05/23 12:37:03 connection.go:49: unexpected EOF
[mysql] 2026/05/23 12:37:03 connection.go:49: unexpected EOF
[mysql] 2026/05/23 12:37:03 connection.go:49: unexpected EOF
[mysql] 2026/05/23 12:37:03 connection.go:49: unexpected EOF
[mysql] 2026/05/23 12:37:03 connection.go:49: unexpected EOF
[mysql] 2026/05/23 12:37:03 connection.go:49: unexpected EOF
[mysql] 2026/05/23 12:37:03 connection.go:49: unexpected EOF
[mysql] 2026/05/23 12:37:03 connection.go:49: unexpected EOF
[mysql] 2026/05/23 12:37:03 connection.go:49: unexpected EOF
[mysql] 2026/05/23 12:37:03 connection.go:49: unexpected EOF
[mysql] 2026/05/23 12:37:03 connection.go:49: unexpected EOF
[mysql] 2026/05/23 12:37:03 connection.go:49: unexpected EOF
[mysql] 2026/05/23 12:37:03 connection.go:49: unexpected EOF
[mysql] 2026/05/23 12:37:03 connection.go:49: unexpected EOF
[mysql] 2026/05/23 12:37:03 connection.go:49: unexpected EOF
[mysql] 2026/05/23 12:37:03 connection.go:49: unexpected EOF
[mysql] 2026/05/23 12:37:03 connection.go:49: unexpected EOF
[mysql] 2026/05/23 12:37:03 connection.go:49: unexpected EOF
[mysql] 2026/05/23 12:37:03 connection.go:49: unexpected EOF
[mysql] 2026/05/23 12:37:03 connection.go:49: unexpected EOF
[mysql] 2026/05/23 12:37:03 connection.go:49: unexpected EOF
[mysql] 2026/05/23 12:37:03 connection.go:49: unexpected EOF
[mysql] 2026/05/23 12:37:03 connection.go:49: unexpected EOF
[mysql] 2026/05/23 12:37:03 connection.go:49: unexpected EOF
[mysql] 2026/05/23 12:37:03 connection.go:49: unexpected EOF
[mysql] 2026/05/23 12:37:03 connection.go:49: unexpected EOF
[mysql] 2026/05/23 12:37:03 connection.go:49: unexpected EOF
[mysql] 2026/05/23 12:37:03 connection.go:49: unexpected EOF
[mysql] 2026/05/23 12:37:03 connection.go:49: unexpected EOF
[mysql] 2026/05/23 12:37:03 connection.go:49: unexpected EOF
[mysql] 2026/05/23 12:37:03 connection.go:49: unexpected EOF
[mysql] 2026/05/23 12:37:03 connection.go:49: unexpected EOF
[mysql] 2026/05/23 12:37:03 connection.go:49: unexpected EOF
[mysql] 2026/05/23 12:37:03 connection.go:49: unexpected EOF
[mysql] 2026/05/23 12:37:03 connection.go:49: unexpected EOF
[mysql] 2026/05/23 12:37:03 connection.go:49: unexpected EOF
[mysql] 2026/05/23 12:37:03 connection.go:49: unexpected EOF
[mysql] 2026/05/23 12:37:03 connection.go:49: unexpected EOF
[mysql] 2026/05/23 12:37:03 connection.go:49: unexpected EOF
[mysql] 2026/05/23 12:37:03 connection.go:49: unexpected EOF
[mysql] 2026/05/23 12:37:03 connection.go:49: unexpected EOF
[mysql] 2026/05/23 12:37:03 connection.go:49: unexpected EOF
[mysql] 2026/05/23 12:37:03 connection.go:49: unexpected EOF
[mysql] 2026/05/23 12:37:03 connection.go:49: unexpected EOF
[mysql] 2026/05/23 12:37:03 connection.go:49: unexpected EOF
[mysql] 2026/05/23 12:37:03 connection.go:49: unexpected EOF
[mysql] 2026/05/23 12:37:03 connection.go:49: unexpected EOF
[mysql] 2026/05/23 12:37:03 connection.go:49: unexpected EOF
[mysql] 2026/05/23 12:37:03 connection.go:49: unexpected EOF
[mysql] 2026/05/23 12:37:03 connection.go:49: unexpected EOF
[mysql] 2026/05/23 12:37:03 connection.go:49: unexpected EOF
[mysql] 2026/05/23 12:37:03 connection.go:49: unexpected EOF
[mysql] 2026/05/23 12:37:03 connection.go:49: unexpected EOF
[mysql] 2026/05/23 12:37:03 connection.go:49: unexpected EOF
[mysql] 2026/05/23 12:37:03 connection.go:49: unexpected EOF
[mysql] 2026/05/23 12:37:03 connection.go:49: unexpected EOF
[mysql] 2026/05/23 12:37:03 connection.go:49: unexpected EOF
[mysql] 2026/05/23 12:37:03 connection.go:49: unexpected EOF
[mysql] 2026/05/23 12:37:03 connection.go:49: unexpected EOF
[mysql] 2026/05/23 12:37:03 connection.go:49: unexpected EOF
[mysql] 2026/05/23 12:37:03 connection.go:49: unexpected EOF
[mysql] 2026/05/23 12:37:03 connection.go:49: unexpected EOF
[mysql] 2026/05/23 12:37:03 connection.go:49: unexpected EOF
[mysql] 2026/05/23 12:37:03 connection.go:49: unexpected EOF
[mysql] 2026/05/23 12:37:03 connection.go:49: unexpected EOF
[mysql] 2026/05/23 12:37:03 connection.go:49: unexpected EOF
[mysql] 2026/05/23 12:37:03 connection.go:49: unexpected EOF
[mysql] 2026/05/23 12:37:03 connection.go:49: unexpected EOF
[mysql] 2026/05/23 12:37:03 connection.go:49: unexpected EOF
[mysql] 2026/05/23 12:37:03 connection.go:49: unexpected EOF
[mysql] 2026/05/23 12:37:03 connection.go:49: unexpected EOF
[mysql] 2026/05/23 12:37:03 connection.go:49: unexpected EOF
[mysql] 2026/05/23 12:37:03 connection.go:49: unexpected EOF
[mysql] 2026/05/23 12:37:03 connection.go:49: unexpected EOF
[mysql] 2026/05/23 12:37:03 connection.go:49: unexpected EOF
[mysql] 2026/05/23 12:37:03 connection.go:49: unexpected EOF
[mysql] 2026/05/23 12:37:03 connection.go:49: unexpected EOF
[mysql] 2026/05/23 12:37:03 connection.go:49: unexpected EOF
[mysql] 2026/05/23 12:37:03 connection.go:49: unexpected EOF
[mysql] 2026/05/23 12:37:03 connection.go:49: unexpected EOF
[mysql] 2026/05/23 12:37:03 connection.go:49: unexpected EOF
[mysql] 2026/05/23 12:37:03 connection.go:49: unexpected EOF
[mysql] 2026/05/23 12:37:03 connection.go:49: unexpected EOF
[mysql] 2026/05/23 12:37:03 connection.go:49: unexpected EOF
[mysql] 2026/05/23 12:37:03 connection.go:49: unexpected EOF
[mysql] 2026/05/23 12:37:03 connection.go:49: unexpected EOF
[mysql] 2026/05/23 12:37:03 connection.go:49: unexpected EOF
[mysql] 2026/05/23 12:37:03 connection.go:49: unexpected EOF
[mysql] 2026/05/23 12:37:03 connection.go:49: unexpected EOF
[mysql] 2026/05/23 12:37:03 connection.go:49: unexpected EOF
[mysql] 2026/05/23 12:37:03 connection.go:49: unexpected EOF
[mysql] 2026/05/23 12:37:03 connection.go:49: unexpected EOF
[mysql] 2026/05/23 12:37:03 connection.go:49: unexpected EOF
[mysql] 2026/05/23 12:37:03 connection.go:49: unexpected EOF
[mysql] 2026/05/23 12:37:03 connection.go:49: unexpected EOF
[mysql] 2026/05/23 12:37:03 connection.go:49: unexpected EOF
[mysql] 2026/05/23 12:37:03 connection.go:49: unexpected EOF
[mysql] 2026/05/23 12:37:03 connection.go:49: unexpected EOF
[mysql] 2026/05/23 12:37:03 connection.go:49: unexpected EOF
[mysql] 2026/05/23 12:37:03 connection.go:49: unexpected EOF
[mysql] 2026/05/23 12:37:03 connection.go:49: unexpected EOF
[mysql] 2026/05/23 12:37:03 connection.go:49: unexpected EOF
[mysql] 2026/05/23 12:37:03 connection.go:49: unexpected EOF
[mysql] 2026/05/23 12:37:03 connection.go:49: unexpected EOF
[mysql] 2026/05/23 12:37:03 connection.go:49: unexpected EOF
[mysql] 2026/05/23 12:37:03 connection.go:49: unexpected EOF
[mysql] 2026/05/23 12:37:03 connection.go:49: unexpected EOF
[mysql] 2026/05/23 12:37:03 connection.go:49: unexpected EOF
[mysql] 2026/05/23 12:37:03 connection.go:49: unexpected EOF
[mysql] 2026/05/23 12:37:03 connection.go:49: unexpected EOF
[mysql] 2026/05/23 12:37:03 connection.go:49: unexpected EOF
[mysql] 2026/05/23 12:37:03 connection.go:49: unexpected EOF
[mysql] 2026/05/23 12:37:03 connection.go:49: unexpected EOF
[mysql] 2026/05/23 12:37:03 connection.go:49: unexpected EOF
[mysql] 2026/05/23 12:37:03 connection.go:49: unexpected EOF
[mysql] 2026/05/23 12:37:03 connection.go:49: unexpected EOF
[mysql] 2026/05/23 12:37:03 connection.go:49: unexpected EOF
[mysql] 2026/05/23 12:37:03 connection.go:49: unexpected EOF
[mysql] 2026/05/23 12:37:03 connection.go:49: unexpected EOF
[mysql] 2026/05/23 12:37:03 connection.go:49: unexpected EOF
[mysql] 2026/05/23 12:37:03 connection.go:49: unexpected EOF
[mysql] 2026/05/23 12:37:03 connection.go:49: unexpected EOF
[mysql] 2026/05/23 12:37:03 connection.go:49: unexpected EOF
[mysql] 2026/05/23 12:37:03 connection.go:49: unexpected EOF
[mysql] 2026/05/23 12:37:03 connection.go:49: unexpected EOF
[mysql] 2026/05/23 12:37:03 connection.go:49: unexpected EOF
[mysql] 2026/05/23 12:37:03 connection.go:49: unexpected EOF
[mysql] 2026/05/23 12:37:03 connection.go:49: unexpected EOF
[mysql] 2026/05/23 12:37:03 connection.go:49: unexpected EOF
[mysql] 2026/05/23 12:37:03 connection.go:49: unexpected EOF
[mysql] 2026/05/23 12:37:03 connection.go:49: unexpected EOF
[mysql] 2026/05/23 12:37:03 connection.go:49: unexpected EOF
[mysql] 2026/05/23 12:37:03 connection.go:49: unexpected EOF
[mysql] 2026/05/23 12:37:03 connection.go:49: unexpected EOF
[mysql] 2026/05/23 12:37:03 connection.go:49: unexpected EOF
[mysql] 2026/05/23 12:37:03 connection.go:49: unexpected EOF
[mysql] 2026/05/23 12:37:03 connection.go:49: unexpected EOF
[mysql] 2026/05/23 12:37:03 connection.go:49: unexpected EOF
[mysql] 2026/05/23 12:37:03 connection.go:49: unexpected EOF
[mysql] 2026/05/23 12:37:03 connection.go:49: unexpected EOF
[mysql] 2026/05/23 12:37:03 connection.go:49: unexpected EOF
[mysql] 2026/05/23 12:37:03 connection.go:49: unexpected EOF
[mysql] 2026/05/23 12:37:03 connection.go:49: unexpected EOF
[mysql] 2026/05/23 12:37:03 connection.go:49: unexpected EOF
[mysql] 2026/05/23 12:37:03 connection.go:49: unexpected EOF
[mysql] 2026/05/23 12:37:03 connection.go:49: unexpected EOF
[mysql] 2026/05/23 12:37:03 connection.go:49: unexpected EOF
[mysql] 2026/05/23 12:37:03 connection.go:49: unexpected EOF
[mysql] 2026/05/23 12:37:03 connection.go:49: unexpected EOF
[mysql] 2026/05/23 12:37:03 connection.go:49: unexpected EOF
[mysql] 2026/05/23 12:37:03 connection.go:49: unexpected EOF
[mysql] 2026/05/23 12:37:03 connection.go:49: unexpected EOF
[mysql] 2026/05/23 12:37:03 connection.go:49: unexpected EOF
[mysql] 2026/05/23 12:37:03 connection.go:49: unexpected EOF
[mysql] 2026/05/23 12:37:03 connection.go:49: unexpected EOF
[mysql] 2026/05/23 12:37:03 connection.go:49: unexpected EOF
[mysql] 2026/05/23 12:37:03 connection.go:49: unexpected EOF
[mysql] 2026/05/23 12:37:03 connection.go:49: unexpected EOF
[mysql] 2026/05/23 12:37:03 connection.go:49: unexpected EOF
[mysql] 2026/05/23 12:37:03 connection.go:49: unexpected EOF
[mysql] 2026/05/23 12:37:03 connection.go:49: unexpected EOF
[mysql] 2026/05/23 12:37:03 connection.go:49: unexpected EOF
[mysql] 2026/05/23 12:37:03 connection.go:49: unexpected EOF
[mysql] 2026/05/23 12:37:03 connection.go:49: unexpected EOF
[mysql] 2026/05/23 12:37:03 connection.go:49: unexpected EOF
[mysql] 2026/05/23 12:37:03 connection.go:49: unexpected EOF
[mysql] 2026/05/23 12:37:03 connection.go:49: unexpected EOF
[mysql] 2026/05/23 12:37:03 connection.go:49: unexpected EOF
[mysql] 2026/05/23 12:37:03 connection.go:49: unexpected EOF
[mysql] 2026/05/23 12:37:03 connection.go:49: unexpected EOF
[mysql] 2026/05/23 12:37:03 connection.go:49: unexpected EOF
[mysql] 2026/05/23 12:37:03 connection.go:49: unexpected EOF
[mysql] 2026/05/23 12:37:03 connection.go:49: unexpected EOF
[mysql] 2026/05/23 12:37:03 connection.go:49: unexpected EOF
[mysql] 2026/05/23 12:37:03 connection.go:49: unexpected EOF
[mysql] 2026/05/23 12:37:03 connection.go:49: unexpected EOF
[mysql] 2026/05/23 12:37:03 connection.go:49: unexpected EOF
[mysql] 2026/05/23 12:37:03 connection.go:49: unexpected EOF
[mysql] 2026/05/23 12:37:03 connection.go:49: unexpected EOF
[mysql] 2026/05/23 12:37:03 connection.go:49: unexpected EOF
[mysql] 2026/05/23 12:37:03 connection.go:49: unexpected EOF
[mysql] 2026/05/23 12:37:03 connection.go:49: unexpected EOF
[mysql] 2026/05/23 12:37:03 connection.go:49: unexpected EOF
[mysql] 2026/05/23 12:37:03 connection.go:49: unexpected EOF
[mysql] 2026/05/23 12:37:03 connection.go:49: unexpected EOF
[mysql] 2026/05/23 12:37:03 connection.go:49: unexpected EOF
[mysql] 2026/05/23 12:37:03 connection.go:49: unexpected EOF
[mysql] 2026/05/23 12:37:03 connection.go:49: unexpected EOF
[mysql] 2026/05/23 12:37:03 connection.go:49: unexpected EOF
[mysql] 2026/05/23 12:37:03 connection.go:49: unexpected EOF
[mysql] 2026/05/23 12:37:03 connection.go:49: unexpected EOF
[mysql] 2026/05/23 12:37:03 connection.go:49: unexpected EOF
[mysql] 2026/05/23 12:37:03 connection.go:49: unexpected EOF
[mysql] 2026/05/23 12:37:03 connection.go:49: unexpected EOF
[mysql] 2026/05/23 12:37:03 connection.go:49: unexpected EOF
[mysql] 2026/05/23 12:37:03 connection.go:49: unexpected EOF
[mysql] 2026/05/23 12:37:03 connection.go:49: unexpected EOF
[mysql] 2026/05/23 12:37:03 connection.go:49: unexpected EOF
[mysql] 2026/05/23 12:37:03 connection.go:49: unexpected EOF
[mysql] 2026/05/23 12:37:03 connection.go:49: unexpected EOF
[mysql] 2026/05/23 12:37:03 connection.go:49: unexpected EOF
[mysql] 2026/05/23 12:37:03 connection.go:49: unexpected EOF
[mysql] 2026/05/23 12:37:03 connection.go:49: unexpected EOF
[mysql] 2026/05/23 12:37:03 connection.go:49: unexpected EOF
[mysql] 2026/05/23 12:37:03 connection.go:49: unexpected EOF
[mysql] 2026/05/23 12:37:03 connection.go:49: unexpected EOF
[mysql] 2026/05/23 12:37:03 connection.go:49: unexpected EOF
[mysql] 2026/05/23 12:37:03 connection.go:49: unexpected EOF
[mysql] 2026/05/23 12:37:03 connection.go:49: unexpected EOF
[mysql] 2026/05/23 12:37:03 connection.go:49: unexpected EOF
[mysql] 2026/05/23 12:37:03 connection.go:49: unexpected EOF
[mysql] 2026/05/23 12:37:03 connection.go:49: unexpected EOF
[mysql] 2026/05/23 12:37:03 connection.go:49: unexpected EOF
[mysql] 2026/05/23 12:37:03 connection.go:49: unexpected EOF
[mysql] 2026/05/23 12:37:03 connection.go:49: unexpected EOF
[mysql] 2026/05/23 12:37:03 connection.go:49: unexpected EOF
[mysql] 2026/05/23 12:37:03 connection.go:49: unexpected EOF
[mysql] 2026/05/23 12:37:03 connection.go:49: unexpected EOF
[mysql] 2026/05/23 12:37:03 connection.go:49: unexpected EOF
[mysql] 2026/05/23 12:37:03 connection.go:49: unexpected EOF
[mysql] 2026/05/23 12:37:03 connection.go:49: unexpected EOF
[mysql] 2026/05/23 12:37:03 connection.go:49: unexpected EOF
[mysql] 2026/05/23 12:37:03 connection.go:49: unexpected EOF
[mysql] 2026/05/23 12:37:03 connection.go:49: unexpected EOF
[mysql] 2026/05/23 12:37:03 connection.go:49: unexpected EOF
[mysql] 2026/05/23 12:37:03 connection.go:49: unexpected EOF
[mysql] 2026/05/23 12:37:03 connection.go:49: unexpected EOF
[mysql] 2026/05/23 12:37:03 connection.go:49: unexpected EOF
[mysql] 2026/05/23 12:37:03 connection.go:49: unexpected EOF
[mysql] 2026/05/23 12:37:03 connection.go:49: unexpected EOF
[mysql] 2026/05/23 12:37:03 connection.go:49: unexpected EOF
[mysql] 2026/05/23 12:37:03 connection.go:49: unexpected EOF
[mysql] 2026/05/23 12:37:03 connection.go:49: unexpected EOF
[mysql] 2026/05/23 12:37:03 connection.go:49: unexpected EOF
[mysql] 2026/05/23 12:37:03 connection.go:49: unexpected EOF
[mysql] 2026/05/23 12:37:03 connection.go:49: unexpected EOF
[mysql] 2026/05/23 12:37:03 connection.go:49: unexpected EOF
[mysql] 2026/05/23 12:37:03 connection.go:49: unexpected EOF
[mysql] 2026/05/23 12:37:03 connection.go:49: unexpected EOF
[mysql] 2026/05/23 12:37:03 connection.go:49: unexpected EOF
[mysql] 2026/05/23 12:37:03 connection.go:49: unexpected EOF
[mysql] 2026/05/23 12:37:03 connection.go:49: unexpected EOF
[mysql] 2026/05/23 12:37:03 connection.go:49: unexpected EOF
[mysql] 2026/05/23 12:37:03 connection.go:49: unexpected EOF
[mysql] 2026/05/23 12:37:03 connection.go:49: unexpected EOF
[mysql] 2026/05/23 12:37:03 connection.go:49: unexpected EOF
[mysql] 2026/05/23 12:37:03 connection.go:49: unexpected EOF
[mysql] 2026/05/23 12:37:03 connection.go:49: unexpected EOF
[mysql] 2026/05/23 12:37:03 connection.go:49: unexpected EOF
[mysql] 2026/05/23 12:37:03 connection.go:49: unexpected EOF
[mysql] 2026/05/23 12:37:03 connection.go:49: unexpected EOF
[mysql] 2026/05/23 12:37:03 connection.go:49: unexpected EOF
[mysql] 2026/05/23 12:37:03 connection.go:49: unexpected EOF
[mysql] 2026/05/23 12:37:03 connection.go:49: unexpected EOF
[mysql] 2026/05/23 12:37:03 connection.go:49: unexpected EOF
[mysql] 2026/05/23 12:37:03 connection.go:49: unexpected EOF
[mysql] 2026/05/23 12:37:03 connection.go:49: unexpected EOF
[mysql] 2026/05/23 12:37:03 connection.go:49: unexpected EOF
[mysql] 2026/05/23 12:37:03 connection.go:49: unexpected EOF
[mysql] 2026/05/23 12:37:03 connection.go:49: unexpected EOF
[mysql] 2026/05/23 12:37:03 connection.go:49: unexpected EOF
[mysql] 2026/05/23 12:37:03 connection.go:49: unexpected EOF
[mysql] 2026/05/23 12:37:03 connection.go:49: unexpected EOF
[mysql] 2026/05/23 12:37:03 connection.go:49: unexpected EOF
[mysql] 2026/05/23 12:37:03 connection.go:49: unexpected EOF
[mysql] 2026/05/23 12:37:03 connection.go:49: unexpected EOF
[mysql] 2026/05/23 12:37:03 connection.go:49: unexpected EOF
[mysql] 2026/05/23 12:37:03 connection.go:49: unexpected EOF
[mysql] 2026/05/23 12:37:03 connection.go:49: unexpected EOF
[mysql] 2026/05/23 12:37:03 connection.go:49: unexpected EOF
[mysql] 2026/05/23 12:37:03 connection.go:49: unexpected EOF
[mysql] 2026/05/23 12:37:03 connection.go:49: unexpected EOF
[mysql] 2026/05/23 12:37:03 connection.go:49: unexpected EOF
[mysql] 2026/05/23 12:37:03 connection.go:49: unexpected EOF
[mysql] 2026/05/23 12:37:03 connection.go:49: unexpected EOF
[mysql] 2026/05/23 12:37:03 connection.go:49: unexpected EOF
[mysql] 2026/05/23 12:37:03 connection.go:49: unexpected EOF
[mysql] 2026/05/23 12:37:03 connection.go:49: unexpected EOF
[mysql] 2026/05/23 12:37:03 connection.go:49: unexpected EOF
[mysql] 2026/05/23 12:37:03 connection.go:49: unexpected EOF
[mysql] 2026/05/23 12:37:03 connection.go:49: unexpected EOF
[mysql] 2026/05/23 12:37:03 connection.go:49: unexpected EOF
[mysql] 2026/05/23 12:37:03 connection.go:49: unexpected EOF
[mysql] 2026/05/23 12:37:03 connection.go:49: unexpected EOF
[mysql] 2026/05/23 12:37:03 connection.go:49: unexpected EOF
[mysql] 2026/05/23 12:37:03 connection.go:49: unexpected EOF
[mysql] 2026/05/23 12:37:03 connection.go:49: unexpected EOF
[mysql] 2026/05/23 12:37:03 connection.go:49: unexpected EOF
[mysql] 2026/05/23 12:37:03 connection.go:49: unexpected EOF
[mysql] 2026/05/23 12:37:03 connection.go:49: unexpected EOF
[mysql] 2026/05/23 12:37:03 connection.go:49: unexpected EOF
[mysql] 2026/05/23 12:37:03 connection.go:49: unexpected EOF
[mysql] 2026/05/23 12:37:03 connection.go:49: unexpected EOF
[mysql] 2026/05/23 12:37:03 connection.go:49: unexpected EOF
[mysql] 2026/05/23 12:37:03 connection.go:49: unexpected EOF
[mysql] 2026/05/23 12:37:03 connection.go:49: unexpected EOF
[mysql] 2026/05/23 12:37:03 connection.go:49: unexpected EOF
[mysql] 2026/05/23 12:37:03 connection.go:49: unexpected EOF
[mysql] 2026/05/23 12:37:03 connection.go:49: unexpected EOF
[mysql] 2026/05/23 12:37:03 connection.go:49: unexpected EOF
[mysql] 2026/05/23 12:37:03 connection.go:49: unexpected EOF
[mysql] 2026/05/23 12:37:03 connection.go:49: unexpected EOF
[mysql] 2026/05/23 12:37:03 connection.go:49: unexpected EOF
[mysql] 2026/05/23 12:37:03 connection.go:49: unexpected EOF
[mysql] 2026/05/23 12:37:03 connection.go:49: unexpected EOF
[mysql] 2026/05/23 12:37:03 connection.go:49: unexpected EOF
[mysql] 2026/05/23 12:37:03 connection.go:49: unexpected EOF
[mysql] 2026/05/23 12:37:03 connection.go:49: unexpected EOF
[mysql] 2026/05/23 12:37:03 connection.go:49: unexpected EOF
[mysql] 2026/05/23 12:37:03 connection.go:49: unexpected EOF
[mysql] 2026/05/23 12:37:03 connection.go:49: unexpected EOF
[mysql] 2026/05/23 12:37:03 connection.go:49: unexpected EOF
[mysql] 2026/05/23 12:37:03 connection.go:49: unexpected EOF
[mysql] 2026/05/23 12:37:03 connection.go:49: unexpected EOF
[mysql] 2026/05/23 12:37:03 connection.go:49: unexpected EOF
[mysql] 2026/05/23 12:37:03 connection.go:49: unexpected EOF
[mysql] 2026/05/23 12:37:03 connection.go:49: unexpected EOF
[mysql] 2026/05/23 12:37:03 connection.go:49: unexpected EOF
[mysql] 2026/05/23 12:37:03 connection.go:49: unexpected EOF
[mysql] 2026/05/23 12:37:03 connection.go:49: unexpected EOF
[mysql] 2026/05/23 12:37:03 connection.go:49: unexpected EOF
[mysql] 2026/05/23 12:37:03 connection.go:49: unexpected EOF
[mysql] 2026/05/23 12:37:03 connection.go:49: unexpected EOF
[mysql] 2026/05/23 12:37:03 connection.go:49: unexpected EOF
[mysql] 2026/05/23 12:37:03 connection.go:49: unexpected EOF
[mysql] 2026/05/23 12:37:03 connection.go:49: unexpected EOF
[mysql] 2026/05/23 12:37:03 connection.go:49: unexpected EOF
[mysql] 2026/05/23 12:37:03 connection.go:49: unexpected EOF
[mysql] 2026/05/23 12:37:03 connection.go:49: unexpected EOF
[mysql] 2026/05/23 12:37:03 connection.go:49: unexpected EOF
[mysql] 2026/05/23 12:37:03 connection.go:49: unexpected EOF
[mysql] 2026/05/23 12:37:03 connection.go:49: unexpected EOF
[mysql] 2026/05/23 12:37:03 connection.go:49: unexpected EOF
[mysql] 2026/05/23 12:37:03 connection.go:49: unexpected EOF
[mysql] 2026/05/23 12:37:03 connection.go:49: unexpected EOF
[mysql] 2026/05/23 12:37:03 connection.go:49: unexpected EOF
[mysql] 2026/05/23 12:37:03 connection.go:49: unexpected EOF
[mysql] 2026/05/23 12:37:03 connection.go:49: unexpected EOF
[mysql] 2026/05/23 12:37:03 connection.go:49: unexpected EOF
[mysql] 2026/05/23 12:37:03 connection.go:49: unexpected EOF
[mysql] 2026/05/23 12:37:03 connection.go:49: unexpected EOF
[mysql] 2026/05/23 12:37:03 connection.go:49: unexpected EOF
[mysql] 2026/05/23 12:37:03 connection.go:49: unexpected EOF
[mysql] 2026/05/23 12:37:03 connection.go:49: unexpected EOF
[mysql] 2026/05/23 12:37:03 connection.go:49: unexpected EOF
[mysql] 2026/05/23 12:37:03 connection.go:49: unexpected EOF
[mysql] 2026/05/23 12:37:03 connection.go:49: unexpected EOF
[mysql] 2026/05/23 12:37:03 connection.go:49: unexpected EOF
[mysql] 2026/05/23 12:37:03 connection.go:49: unexpected EOF
[mysql] 2026/05/23 12:37:03 connection.go:49: unexpected EOF
[mysql] 2026/05/23 12:37:03 connection.go:49: unexpected EOF
[mysql] 2026/05/23 12:37:03 connection.go:49: unexpected EOF
[mysql] 2026/05/23 12:37:03 connection.go:49: unexpected EOF
[mysql] 2026/05/23 12:37:03 connection.go:49: unexpected EOF
[mysql] 2026/05/23 12:37:03 connection.go:49: unexpected EOF
[mysql] 2026/05/23 12:37:03 connection.go:49: unexpected EOF
[mysql] 2026/05/23 12:37:03 connection.go:49: unexpected EOF
[mysql] 2026/05/23 12:37:03 connection.go:49: unexpected EOF
[mysql] 2026/05/23 12:37:03 connection.go:49: unexpected EOF
[mysql] 2026/05/23 12:37:03 connection.go:49: unexpected EOF
[mysql] 2026/05/23 12:37:03 connection.go:49: unexpected EOF
[mysql] 2026/05/23 12:37:03 connection.go:49: unexpected EOF
[mysql] 2026/05/23 12:37:03 connection.go:49: unexpected EOF
[mysql] 2026/05/23 12:37:03 connection.go:49: unexpected EOF
[mysql] 2026/05/23 12:37:03 connection.go:49: unexpected EOF
[mysql] 2026/05/23 12:37:03 connection.go:49: unexpected EOF
[mysql] 2026/05/23 12:37:03 connection.go:49: unexpected EOF
[mysql] 2026/05/23 12:37:03 connection.go:49: unexpected EOF
[mysql] 2026/05/23 12:37:03 connection.go:49: unexpected EOF
[mysql] 2026/05/23 12:37:03 connection.go:49: unexpected EOF
[mysql] 2026/05/23 12:37:03 connection.go:49: unexpected EOF
[mysql] 2026/05/23 12:37:03 connection.go:49: unexpected EOF
[mysql] 2026/05/23 12:37:03 connection.go:49: unexpected EOF
[mysql] 2026/05/23 12:37:03 connection.go:49: unexpected EOF
[mysql] 2026/05/23 12:37:03 connection.go:49: unexpected EOF
[mysql] 2026/05/23 12:37:03 connection.go:49: unexpected EOF
[mysql] 2026/05/23 12:37:03 connection.go:49: unexpected EOF
[mysql] 2026/05/23 12:37:03 connection.go:49: unexpected EOF
[mysql] 2026/05/23 12:37:03 connection.go:49: unexpected EOF
[mysql] 2026/05/23 12:37:03 connection.go:49: unexpected EOF
[mysql] 2026/05/23 12:37:03 connection.go:49: unexpected EOF
[mysql] 2026/05/23 12:37:03 connection.go:49: unexpected EOF
[mysql] 2026/05/23 12:37:03 connection.go:49: unexpected EOF
[mysql] 2026/05/23 12:37:03 connection.go:49: unexpected EOF
[mysql] 2026/05/23 12:37:03 connection.go:49: unexpected EOF
[mysql] 2026/05/23 12:37:03 connection.go:49: unexpected EOF
[mysql] 2026/05/23 12:37:03 connection.go:49: unexpected EOF
[mysql] 2026/05/23 12:37:03 connection.go:49: unexpected EOF
[mysql] 2026/05/23 12:37:03 connection.go:49: unexpected EOF
[mysql] 2026/05/23 12:37:03 connection.go:49: unexpected EOF
[mysql] 2026/05/23 12:37:03 connection.go:49: unexpected EOF
[mysql] 2026/05/23 12:37:03 connection.go:49: unexpected EOF
[mysql] 2026/05/23 12:37:03 connection.go:49: unexpected EOF
[mysql] 2026/05/23 12:37:03 connection.go:49: unexpected EOF
[mysql] 2026/05/23 12:37:03 connection.go:49: unexpected EOF
[mysql] 2026/05/23 12:37:03 connection.go:49: unexpected EOF
[mysql] 2026/05/23 12:37:03 connection.go:49: unexpected EOF
[mysql] 2026/05/23 12:37:03 connection.go:49: unexpected EOF
[mysql] 2026/05/23 12:37:03 connection.go:49: unexpected EOF
[mysql] 2026/05/23 12:37:03 connection.go:49: unexpected EOF
[mysql] 2026/05/23 12:37:03 connection.go:49: unexpected EOF
[mysql] 2026/05/23 12:37:03 connection.go:49: unexpected EOF
[mysql] 2026/05/23 12:37:03 connection.go:49: unexpected EOF
[mysql] 2026/05/23 12:37:03 connection.go:49: unexpected EOF
[mysql] 2026/05/23 12:37:03 connection.go:49: unexpected EOF
[mysql] 2026/05/23 12:37:03 connection.go:49: unexpected EOF
[mysql] 2026/05/23 12:37:03 connection.go:49: unexpected EOF
[mysql] 2026/05/23 12:37:03 connection.go:49: unexpected EOF
[mysql] 2026/05/23 12:37:03 connection.go:49: unexpected EOF
[mysql] 2026/05/23 12:37:03 connection.go:49: unexpected EOF
[mysql] 2026/05/23 12:37:03 connection.go:49: unexpected EOF
[mysql] 2026/05/23 12:37:03 connection.go:49: unexpected EOF
[mysql] 2026/05/23 12:37:03 connection.go:49: unexpected EOF
[mysql] 2026/05/23 12:37:03 connection.go:49: unexpected EOF
[mysql] 2026/05/23 12:37:03 connection.go:49: unexpected EOF
[mysql] 2026/05/23 12:37:03 connection.go:49: unexpected EOF
[mysql] 2026/05/23 12:37:03 connection.go:49: unexpected EOF
[mysql] 2026/05/23 12:37:03 connection.go:49: unexpected EOF
[mysql] 2026/05/23 12:37:03 connection.go:49: unexpected EOF
[mysql] 2026/05/23 12:37:03 connection.go:49: unexpected EOF
[mysql] 2026/05/23 12:37:03 connection.go:49: unexpected EOF
[mysql] 2026/05/23 12:37:03 connection.go:49: unexpected EOF
[mysql] 2026/05/23 12:37:03 connection.go:49: unexpected EOF
[mysql] 2026/05/23 12:37:03 connection.go:49: unexpected EOF
[mysql] 2026/05/23 12:37:03 connection.go:49: unexpected EOF
[mysql] 2026/05/23 12:37:03 connection.go:49: unexpected EOF
[mysql] 2026/05/23 12:37:03 connection.go:49: unexpected EOF
[mysql] 2026/05/23 12:37:03 connection.go:49: unexpected EOF
[mysql] 2026/05/23 12:37:03 connection.go:49: unexpected EOF
[mysql] 2026/05/23 12:37:03 connection.go:49: unexpected EOF
[mysql] 2026/05/23 12:37:03 connection.go:49: unexpected EOF
[mysql] 2026/05/23 12:37:03 connection.go:49: unexpected EOF
[mysql] 2026/05/23 12:37:03 connection.go:49: unexpected EOF
[mysql] 2026/05/23 12:37:03 connection.go:49: unexpected EOF
[mysql] 2026/05/23 12:37:03 connection.go:49: unexpected EOF
[mysql] 2026/05/23 12:37:03 connection.go:49: unexpected EOF
[mysql] 2026/05/23 12:37:03 connection.go:49: unexpected EOF
[mysql] 2026/05/23 12:37:03 connection.go:49: unexpected EOF
[mysql] 2026/05/23 12:37:03 connection.go:49: unexpected EOF
[mysql] 2026/05/23 12:37:03 connection.go:49: unexpected EOF
[mysql] 2026/05/23 12:37:03 connection.go:49: unexpected EOF
[mysql] 2026/05/23 12:37:03 connection.go:49: unexpected EOF
[mysql] 2026/05/23 12:37:03 connection.go:49: unexpected EOF
[mysql] 2026/05/23 12:37:03 connection.go:49: unexpected EOF
[mysql] 2026/05/23 12:37:03 connection.go:49: unexpected EOF
[mysql] 2026/05/23 12:37:03 connection.go:49: unexpected EOF
[mysql] 2026/05/23 12:37:03 connection.go:49: unexpected EOF
[mysql] 2026/05/23 12:37:03 connection.go:49: unexpected EOF
[mysql] 2026/05/23 12:37:03 connection.go:49: unexpected EOF
[mysql] 2026/05/23 12:37:03 connection.go:49: unexpected EOF
[mysql] 2026/05/23 12:37:03 connection.go:49: unexpected EOF
[mysql] 2026/05/23 12:37:03 connection.go:49: unexpected EOF
[mysql] 2026/05/23 12:37:03 connection.go:49: unexpected EOF
[mysql] 2026/05/23 12:37:03 connection.go:49: unexpected EOF
[mysql] 2026/05/23 12:37:03 connection.go:49: unexpected EOF
[mysql] 2026/05/23 12:37:03 connection.go:49: unexpected EOF
[mysql] 2026/05/23 12:37:03 connection.go:49: unexpected EOF
[mysql] 2026/05/23 12:37:03 connection.go:49: unexpected EOF
[mysql] 2026/05/23 12:37:03 connection.go:49: unexpected EOF
[mysql] 2026/05/23 12:37:03 connection.go:49: unexpected EOF
[mysql] 2026/05/23 12:37:03 connection.go:49: unexpected EOF
[mysql] 2026/05/23 12:37:03 connection.go:49: unexpected EOF
[mysql] 2026/05/23 12:37:03 connection.go:49: unexpected EOF
[mysql] 2026/05/23 12:37:03 connection.go:49: unexpected EOF
[mysql] 2026/05/23 12:37:03 connection.go:49: unexpected EOF
[mysql] 2026/05/23 12:37:03 connection.go:49: unexpected EOF
[mysql] 2026/05/23 12:37:03 connection.go:49: unexpected EOF
[mysql] 2026/05/23 12:37:03 connection.go:49: unexpected EOF
[mysql] 2026/05/23 12:37:03 connection.go:49: unexpected EOF
[mysql] 2026/05/23 12:37:03 connection.go:49: unexpected EOF
[mysql] 2026/05/23 12:37:03 connection.go:49: unexpected EOF
[mysql] 2026/05/23 12:37:03 connection.go:49: unexpected EOF
[mysql] 2026/05/23 12:37:03 connection.go:49: unexpected EOF
[mysql] 2026/05/23 12:37:03 connection.go:49: unexpected EOF
[mysql] 2026/05/23 12:37:03 connection.go:49: unexpected EOF
[mysql] 2026/05/23 12:37:03 connection.go:49: unexpected EOF
[mysql] 2026/05/23 12:37:03 connection.go:49: unexpected EOF
[mysql] 2026/05/23 12:37:03 connection.go:49: unexpected EOF
[mysql] 2026/05/23 12:37:03 connection.go:49: unexpected EOF
[mysql] 2026/05/23 12:37:03 connection.go:49: unexpected EOF
[mysql] 2026/05/23 12:37:03 connection.go:49: unexpected EOF
[mysql] 2026/05/23 12:37:03 connection.go:49: unexpected EOF
[mysql] 2026/05/23 12:37:03 connection.go:49: unexpected EOF
[mysql] 2026/05/23 12:37:03 connection.go:49: unexpected EOF
[mysql] 2026/05/23 12:37:03 connection.go:49: unexpected EOF
[mysql] 2026/05/23 12:37:03 connection.go:49: unexpected EOF
[mysql] 2026/05/23 12:37:03 connection.go:49: unexpected EOF
[mysql] 2026/05/23 12:37:03 connection.go:49: unexpected EOF
[mysql] 2026/05/23 12:37:03 connection.go:49: unexpected EOF
[mysql] 2026/05/23 12:37:03 connection.go:49: unexpected EOF
[mysql] 2026/05/23 12:37:03 connection.go:49: unexpected EOF
[mysql] 2026/05/23 12:37:03 connection.go:49: unexpected EOF
[mysql] 2026/05/23 12:37:03 connection.go:49: unexpected EOF
[mysql] 2026/05/23 12:37:03 connection.go:49: unexpected EOF
[mysql] 2026/05/23 12:37:03 connection.go:49: unexpected EOF
[mysql] 2026/05/23 12:37:03 connection.go:49: unexpected EOF
[mysql] 2026/05/23 12:37:03 connection.go:49: unexpected EOF
[mysql] 2026/05/23 12:37:03 connection.go:49: unexpected EOF
[mysql] 2026/05/23 12:37:03 connection.go:49: unexpected EOF
[mysql] 2026/05/23 12:37:03 connection.go:49: unexpected EOF
[mysql] 2026/05/23 12:37:03 connection.go:49: unexpected EOF
[mysql] 2026/05/23 12:37:03 connection.go:49: unexpected EOF
[mysql] 2026/05/23 12:37:03 connection.go:49: unexpected EOF
[mysql] 2026/05/23 12:37:03 connection.go:49: unexpected EOF
[mysql] 2026/05/23 12:37:03 connection.go:49: unexpected EOF
[mysql] 2026/05/23 12:37:03 connection.go:49: unexpected EOF
[mysql] 2026/05/23 12:37:03 connection.go:49: unexpected EOF
[mysql] 2026/05/23 12:37:03 connection.go:49: unexpected EOF
[mysql] 2026/05/23 12:37:03 connection.go:49: unexpected EOF
[mysql] 2026/05/23 12:37:03 connection.go:49: unexpected EOF
[mysql] 2026/05/23 12:37:03 connection.go:49: unexpected EOF
[mysql] 2026/05/23 12:37:03 connection.go:49: unexpected EOF
[mysql] 2026/05/23 12:37:03 connection.go:49: unexpected EOF
[mysql] 2026/05/23 12:37:03 connection.go:49: unexpected EOF
[mysql] 2026/05/23 12:37:03 connection.go:49: unexpected EOF
[mysql] 2026/05/23 12:37:03 connection.go:49: unexpected EOF
[mysql] 2026/05/23 12:37:03 connection.go:49: unexpected EOF
[mysql] 2026/05/23 12:37:03 connection.go:49: unexpected EOF
[mysql] 2026/05/23 12:37:03 connection.go:49: unexpected EOF
[mysql] 2026/05/23 12:37:03 connection.go:49: unexpected EOF
[mysql] 2026/05/23 12:37:03 connection.go:49: unexpected EOF
[mysql] 2026/05/23 12:37:03 connection.go:49: unexpected EOF
[mysql] 2026/05/23 12:37:03 connection.go:49: unexpected EOF
[mysql] 2026/05/23 12:37:03 connection.go:49: unexpected EOF
[mysql] 2026/05/23 12:37:03 connection.go:49: unexpected EOF
[mysql] 2026/05/23 12:37:03 connection.go:49: unexpected EOF
[mysql] 2026/05/23 12:37:03 connection.go:49: unexpected EOF
[mysql] 2026/05/23 12:37:03 connection.go:49: unexpected EOF
[mysql] 2026/05/23 12:37:03 connection.go:49: unexpected EOF
[mysql] 2026/05/23 12:37:03 connection.go:49: unexpected EOF
[mysql] 2026/05/23 12:37:03 connection.go:49: unexpected EOF
[mysql] 2026/05/23 12:37:03 connection.go:49: unexpected EOF
[mysql] 2026/05/23 12:37:03 connection.go:49: unexpected EOF
[mysql] 2026/05/23 12:37:03 connection.go:49: unexpected EOF
[mysql] 2026/05/23 12:37:03 connection.go:49: unexpected EOF
[mysql] 2026/05/23 12:37:03 connection.go:49: unexpected EOF
[mysql] 2026/05/23 12:37:03 connection.go:49: unexpected EOF
[mysql] 2026/05/23 12:37:03 connection.go:49: unexpected EOF
[mysql] 2026/05/23 12:37:03 connection.go:49: unexpected EOF
[mysql] 2026/05/23 12:37:03 connection.go:49: unexpected EOF
[mysql] 2026/05/23 12:37:03 connection.go:49: unexpected EOF
[mysql] 2026/05/23 12:37:03 connection.go:49: unexpected EOF
[mysql] 2026/05/23 12:37:03 connection.go:49: unexpected EOF
[mysql] 2026/05/23 12:37:03 connection.go:49: unexpected EOF
[mysql] 2026/05/23 12:37:03 connection.go:49: unexpected EOF
[mysql] 2026/05/23 12:37:03 connection.go:49: unexpected EOF
[mysql] 2026/05/23 12:37:03 connection.go:49: unexpected EOF
[mysql] 2026/05/23 12:37:03 connection.go:49: unexpected EOF
[mysql] 2026/05/23 12:37:03 connection.go:49: unexpected EOF
[mysql] 2026/05/23 12:37:03 connection.go:49: unexpected EOF
[mysql] 2026/05/23 12:37:03 connection.go:49: unexpected EOF
[mysql] 2026/05/23 12:37:03 connection.go:49: unexpected EOF
[mysql] 2026/05/23 12:37:03 connection.go:49: unexpected EOF
[mysql] 2026/05/23 12:37:03 connection.go:49: unexpected EOF
[mysql] 2026/05/23 12:37:03 connection.go:49: unexpected EOF
[mysql] 2026/05/23 12:37:03 connection.go:49: unexpected EOF
[mysql] 2026/05/23 12:37:03 connection.go:49: unexpected EOF
[mysql] 2026/05/23 12:37:03 connection.go:49: unexpected EOF
[mysql] 2026/05/23 12:37:03 connection.go:49: unexpected EOF
[mysql] 2026/05/23 12:37:03 connection.go:49: unexpected EOF
[mysql] 2026/05/23 12:37:03 connection.go:49: unexpected EOF
[mysql] 2026/05/23 12:37:03 connection.go:49: unexpected EOF
[mysql] 2026/05/23 12:37:03 connection.go:49: unexpected EOF
[mysql] 2026/05/23 12:37:03 connection.go:49: unexpected EOF
[mysql] 2026/05/23 12:37:03 connection.go:49: unexpected EOF
[mysql] 2026/05/23 12:37:03 connection.go:49: unexpected EOF
[mysql] 2026/05/23 12:37:03 connection.go:49: unexpected EOF
[mysql] 2026/05/23 12:37:03 connection.go:49: unexpected EOF
[mysql] 2026/05/23 12:37:03 connection.go:49: unexpected EOF
[mysql] 2026/05/23 12:37:03 connection.go:49: unexpected EOF
[mysql] 2026/05/23 12:37:03 connection.go:49: unexpected EOF
[mysql] 2026/05/23 12:37:03 connection.go:49: unexpected EOF
[mysql] 2026/05/23 12:37:03 connection.go:49: unexpected EOF
[mysql] 2026/05/23 12:37:03 connection.go:49: unexpected EOF
[mysql] 2026/05/23 12:37:03 connection.go:49: unexpected EOF
[mysql] 2026/05/23 12:37:03 connection.go:49: unexpected EOF
[mysql] 2026/05/23 12:37:03 connection.go:49: unexpected EOF
[mysql] 2026/05/23 12:37:03 connection.go:49: unexpected EOF
[mysql] 2026/05/23 12:37:03 connection.go:49: unexpected EOF
[mysql] 2026/05/23 12:37:03 connection.go:49: unexpected EOF
[mysql] 2026/05/23 12:37:03 connection.go:49: unexpected EOF
[mysql] 2026/05/23 12:37:03 connection.go:49: unexpected EOF
[mysql] 2026/05/23 12:37:03 connection.go:49: unexpected EOF
[mysql] 2026/05/23 12:37:03 connection.go:49: unexpected EOF
[mysql] 2026/05/23 12:37:03 connection.go:49: unexpected EOF
[mysql] 2026/05/23 12:37:04 connection.go:49: unexpected EOF
[mysql] 2026/05/23 12:37:04 connection.go:49: unexpected EOF
[mysql] 2026/05/23 12:37:04 connection.go:49: unexpected EOF
[mysql] 2026/05/23 12:37:04 connection.go:49: unexpected EOF
[mysql] 2026/05/23 12:37:04 connection.go:49: unexpected EOF
[mysql] 2026/05/23 12:37:04 connection.go:49: unexpected EOF
[mysql] 2026/05/23 12:37:04 connection.go:49: unexpected EOF
[mysql] 2026/05/23 12:37:04 connection.go:49: unexpected EOF
[mysql] 2026/05/23 12:37:04 connection.go:49: unexpected EOF
[mysql] 2026/05/23 12:37:04 connection.go:49: unexpected EOF
[mysql] 2026/05/23 12:37:04 connection.go:49: unexpected EOF
[mysql] 2026/05/23 12:37:04 connection.go:49: unexpected EOF
[mysql] 2026/05/23 12:37:04 connection.go:49: unexpected EOF
[mysql] 2026/05/23 12:37:04 connection.go:49: unexpected EOF
[mysql] 2026/05/23 12:37:04 connection.go:49: unexpected EOF
[mysql] 2026/05/23 12:37:04 connection.go:49: unexpected EOF
[mysql] 2026/05/23 12:37:04 connection.go:49: unexpected EOF
[mysql] 2026/05/23 12:37:04 connection.go:49: unexpected EOF
[mysql] 2026/05/23 12:37:04 connection.go:49: unexpected EOF
[mysql] 2026/05/23 12:37:04 connection.go:49: unexpected EOF
[mysql] 2026/05/23 12:37:04 connection.go:49: unexpected EOF
[mysql] 2026/05/23 12:37:04 connection.go:49: unexpected EOF
[mysql] 2026/05/23 12:37:04 connection.go:49: unexpected EOF
[mysql] 2026/05/23 12:37:04 connection.go:49: unexpected EOF
[mysql] 2026/05/23 12:37:04 connection.go:49: unexpected EOF
[mysql] 2026/05/23 12:37:04 connection.go:49: unexpected EOF
[mysql] 2026/05/23 12:37:04 connection.go:49: unexpected EOF
[mysql] 2026/05/23 12:37:04 connection.go:49: unexpected EOF
[mysql] 2026/05/23 12:37:04 connection.go:49: unexpected EOF
[mysql] 2026/05/23 12:37:04 connection.go:49: unexpected EOF
[mysql] 2026/05/23 12:37:04 connection.go:49: unexpected EOF
[mysql] 2026/05/23 12:37:04 connection.go:49: unexpected EOF
[mysql] 2026/05/23 12:37:04 connection.go:49: unexpected EOF
[mysql] 2026/05/23 12:37:04 connection.go:49: unexpected EOF
[mysql] 2026/05/23 12:37:04 connection.go:49: unexpected EOF
[mysql] 2026/05/23 12:37:04 connection.go:49: unexpected EOF
[mysql] 2026/05/23 12:37:04 connection.go:49: unexpected EOF
[mysql] 2026/05/23 12:37:04 connection.go:49: unexpected EOF
[mysql] 2026/05/23 12:37:04 connection.go:49: unexpected EOF
[mysql] 2026/05/23 12:37:04 connection.go:49: unexpected EOF
[mysql] 2026/05/23 12:37:04 connection.go:49: unexpected EOF
[mysql] 2026/05/23 12:37:04 connection.go:49: unexpected EOF
[mysql] 2026/05/23 12:37:04 connection.go:49: unexpected EOF
[mysql] 2026/05/23 12:37:04 connection.go:49: unexpected EOF
[mysql] 2026/05/23 12:37:04 connection.go:49: unexpected EOF
[mysql] 2026/05/23 12:37:04 connection.go:49: unexpected EOF
[mysql] 2026/05/23 12:37:04 connection.go:49: unexpected EOF
[mysql] 2026/05/23 12:37:04 connection.go:49: unexpected EOF
[mysql] 2026/05/23 12:37:04 connection.go:49: unexpected EOF
[mysql] 2026/05/23 12:37:04 connection.go:49: unexpected EOF
[mysql] 2026/05/23 12:37:04 connection.go:49: unexpected EOF
[mysql] 2026/05/23 12:37:04 connection.go:49: unexpected EOF
[mysql] 2026/05/23 12:37:04 connection.go:49: unexpected EOF
[mysql] 2026/05/23 12:37:04 connection.go:49: unexpected EOF
[mysql] 2026/05/23 12:37:04 connection.go:49: unexpected EOF
[mysql] 2026/05/23 12:37:04 connection.go:49: unexpected EOF
[mysql] 2026/05/23 12:37:04 connection.go:49: unexpected EOF
[mysql] 2026/05/23 12:37:04 connection.go:49: unexpected EOF
[mysql] 2026/05/23 12:37:04 connection.go:49: unexpected EOF
[mysql] 2026/05/23 12:37:04 connection.go:49: unexpected EOF
[mysql] 2026/05/23 12:37:04 connection.go:49: unexpected EOF
[mysql] 2026/05/23 12:37:04 connection.go:49: unexpected EOF
[mysql] 2026/05/23 12:37:04 connection.go:49: unexpected EOF
[mysql] 2026/05/23 12:37:04 connection.go:49: unexpected EOF
[mysql] 2026/05/23 12:37:04 connection.go:49: unexpected EOF
[mysql] 2026/05/23 12:37:04 connection.go:49: unexpected EOF
[mysql] 2026/05/23 12:37:04 connection.go:49: unexpected EOF
[mysql] 2026/05/23 12:37:04 connection.go:49: unexpected EOF
[mysql] 2026/05/23 12:37:04 connection.go:49: unexpected EOF
[mysql] 2026/05/23 12:37:04 connection.go:49: unexpected EOF
[mysql] 2026/05/23 12:37:04 connection.go:49: unexpected EOF
[mysql] 2026/05/23 12:37:04 connection.go:49: unexpected EOF
[mysql] 2026/05/23 12:37:04 connection.go:49: unexpected EOF
[mysql] 2026/05/23 12:37:04 connection.go:49: unexpected EOF
[mysql] 2026/05/23 12:37:04 connection.go:49: unexpected EOF
[mysql] 2026/05/23 12:37:04 connection.go:49: unexpected EOF
[mysql] 2026/05/23 12:37:04 connection.go:49: unexpected EOF
[mysql] 2026/05/23 12:37:04 connection.go:49: unexpected EOF
[mysql] 2026/05/23 12:37:04 connection.go:49: unexpected EOF
[mysql] 2026/05/23 12:37:04 connection.go:49: unexpected EOF
[mysql] 2026/05/23 12:37:04 connection.go:49: unexpected EOF
[mysql] 2026/05/23 12:37:04 connection.go:49: unexpected EOF
[mysql] 2026/05/23 12:37:04 connection.go:49: unexpected EOF
[mysql] 2026/05/23 12:37:04 connection.go:49: unexpected EOF
[mysql] 2026/05/23 12:37:04 connection.go:49: unexpected EOF
[mysql] 2026/05/23 12:37:04 connection.go:49: unexpected EOF
[mysql] 2026/05/23 12:37:04 connection.go:49: unexpected EOF
[mysql] 2026/05/23 12:37:04 connection.go:49: unexpected EOF
[mysql] 2026/05/23 12:37:04 connection.go:49: unexpected EOF
[mysql] 2026/05/23 12:37:04 connection.go:49: unexpected EOF
[mysql] 2026/05/23 12:37:04 connection.go:49: unexpected EOF
[mysql] 2026/05/23 12:37:04 connection.go:49: unexpected EOF
[mysql] 2026/05/23 12:37:04 connection.go:49: unexpected EOF
[mysql] 2026/05/23 12:37:04 connection.go:49: unexpected EOF
[mysql] 2026/05/23 12:37:04 connection.go:49: unexpected EOF
[mysql] 2026/05/23 12:37:04 connection.go:49: unexpected EOF
[mysql] 2026/05/23 12:37:04 connection.go:49: unexpected EOF
[mysql] 2026/05/23 12:37:04 connection.go:49: unexpected EOF
[mysql] 2026/05/23 12:37:04 connection.go:49: unexpected EOF
[mysql] 2026/05/23 12:37:04 connection.go:49: unexpected EOF
[mysql] 2026/05/23 12:37:04 connection.go:49: unexpected EOF
[mysql] 2026/05/23 12:37:04 connection.go:49: unexpected EOF
[mysql] 2026/05/23 12:37:04 connection.go:49: unexpected EOF
[mysql] 2026/05/23 12:37:04 connection.go:49: unexpected EOF
[mysql] 2026/05/23 12:37:04 connection.go:49: unexpected EOF
[mysql] 2026/05/23 12:37:04 connection.go:49: unexpected EOF
[mysql] 2026/05/23 12:37:04 connection.go:49: unexpected EOF
[mysql] 2026/05/23 12:37:04 connection.go:49: unexpected EOF
[mysql] 2026/05/23 12:37:04 connection.go:49: unexpected EOF
[mysql] 2026/05/23 12:37:04 connection.go:49: unexpected EOF
[mysql] 2026/05/23 12:37:04 connection.go:49: unexpected EOF
[mysql] 2026/05/23 12:37:04 connection.go:49: unexpected EOF
[mysql] 2026/05/23 12:37:04 connection.go:49: unexpected EOF
[mysql] 2026/05/23 12:37:04 connection.go:49: unexpected EOF
[mysql] 2026/05/23 12:37:04 connection.go:49: unexpected EOF
[mysql] 2026/05/23 12:37:04 connection.go:49: unexpected EOF
[mysql] 2026/05/23 12:37:04 connection.go:49: unexpected EOF
[mysql] 2026/05/23 12:37:04 connection.go:49: unexpected EOF
[mysql] 2026/05/23 12:37:04 connection.go:49: unexpected EOF
[mysql] 2026/05/23 12:37:04 connection.go:49: unexpected EOF
[mysql] 2026/05/23 12:37:04 connection.go:49: unexpected EOF
[mysql] 2026/05/23 12:37:04 connection.go:49: unexpected EOF
[mysql] 2026/05/23 12:37:04 connection.go:49: unexpected EOF
[mysql] 2026/05/23 12:37:04 connection.go:49: unexpected EOF
[mysql] 2026/05/23 12:37:04 connection.go:49: unexpected EOF
[mysql] 2026/05/23 12:37:04 connection.go:49: unexpected EOF
[mysql] 2026/05/23 12:37:04 connection.go:49: unexpected EOF
[mysql] 2026/05/23 12:37:04 connection.go:49: unexpected EOF
[mysql] 2026/05/23 12:37:04 connection.go:49: unexpected EOF
[mysql] 2026/05/23 12:37:04 connection.go:49: unexpected EOF
[mysql] 2026/05/23 12:37:04 connection.go:49: unexpected EOF
[mysql] 2026/05/23 12:37:04 connection.go:49: unexpected EOF
[mysql] 2026/05/23 12:37:04 connection.go:49: unexpected EOF
[mysql] 2026/05/23 12:37:04 connection.go:49: unexpected EOF
[mysql] 2026/05/23 12:37:04 connection.go:49: unexpected EOF
[mysql] 2026/05/23 12:37:04 connection.go:49: unexpected EOF
[mysql] 2026/05/23 12:37:04 connection.go:49: unexpected EOF
[mysql] 2026/05/23 12:37:04 connection.go:49: unexpected EOF
[mysql] 2026/05/23 12:37:04 connection.go:49: unexpected EOF
[mysql] 2026/05/23 12:37:04 connection.go:49: unexpected EOF
[mysql] 2026/05/23 12:37:04 connection.go:49: unexpected EOF
[mysql] 2026/05/23 12:37:04 connection.go:49: unexpected EOF
[mysql] 2026/05/23 12:37:04 connection.go:49: unexpected EOF
[mysql] 2026/05/23 12:37:04 connection.go:49: unexpected EOF
[mysql] 2026/05/23 12:37:04 connection.go:49: unexpected EOF
[mysql] 2026/05/23 12:37:04 connection.go:49: unexpected EOF
[mysql] 2026/05/23 12:37:04 connection.go:49: unexpected EOF
[mysql] 2026/05/23 12:37:04 connection.go:49: unexpected EOF
[mysql] 2026/05/23 12:37:04 connection.go:49: unexpected EOF
[mysql] 2026/05/23 12:37:04 connection.go:49: unexpected EOF
[mysql] 2026/05/23 12:37:04 connection.go:49: unexpected EOF
[mysql] 2026/05/23 12:37:04 connection.go:49: unexpected EOF
[mysql] 2026/05/23 12:37:04 connection.go:49: unexpected EOF
[mysql] 2026/05/23 12:37:04 connection.go:49: unexpected EOF
[mysql] 2026/05/23 12:37:04 connection.go:49: unexpected EOF
[mysql] 2026/05/23 12:37:04 connection.go:49: unexpected EOF
[mysql] 2026/05/23 12:37:04 connection.go:49: unexpected EOF
[mysql] 2026/05/23 12:37:04 connection.go:49: unexpected EOF
[mysql] 2026/05/23 12:37:04 connection.go:49: unexpected EOF
[mysql] 2026/05/23 12:37:04 connection.go:49: unexpected EOF
[mysql] 2026/05/23 12:37:04 connection.go:49: unexpected EOF
[mysql] 2026/05/23 12:37:04 connection.go:49: unexpected EOF
[mysql] 2026/05/23 12:37:04 connection.go:49: unexpected EOF
[mysql] 2026/05/23 12:37:04 connection.go:49: unexpected EOF
[mysql] 2026/05/23 12:37:04 connection.go:49: unexpected EOF
[mysql] 2026/05/23 12:37:04 connection.go:49: unexpected EOF
[mysql] 2026/05/23 12:37:04 connection.go:49: unexpected EOF
[mysql] 2026/05/23 12:37:04 connection.go:49: unexpected EOF
[mysql] 2026/05/23 12:37:04 connection.go:49: unexpected EOF
[mysql] 2026/05/23 12:37:04 connection.go:49: unexpected EOF
[mysql] 2026/05/23 12:37:04 connection.go:49: unexpected EOF
[mysql] 2026/05/23 12:37:04 connection.go:49: unexpected EOF
[mysql] 2026/05/23 12:37:04 connection.go:49: unexpected EOF
[mysql] 2026/05/23 12:37:04 connection.go:49: unexpected EOF
[mysql] 2026/05/23 12:37:04 connection.go:49: unexpected EOF
[mysql] 2026/05/23 12:37:04 connection.go:49: unexpected EOF
[mysql] 2026/05/23 12:37:04 connection.go:49: unexpected EOF
[mysql] 2026/05/23 12:37:04 connection.go:49: unexpected EOF
[mysql] 2026/05/23 12:37:04 connection.go:49: unexpected EOF
[mysql] 2026/05/23 12:37:04 connection.go:49: unexpected EOF
[mysql] 2026/05/23 12:37:04 connection.go:49: unexpected EOF
[mysql] 2026/05/23 12:37:04 connection.go:49: unexpected EOF
[mysql] 2026/05/23 12:37:04 connection.go:49: unexpected EOF
[mysql] 2026/05/23 12:37:04 connection.go:49: unexpected EOF
[mysql] 2026/05/23 12:37:04 connection.go:49: unexpected EOF
[mysql] 2026/05/23 12:37:04 connection.go:49: unexpected EOF
[mysql] 2026/05/23 12:37:04 connection.go:49: unexpected EOF
[mysql] 2026/05/23 12:37:04 connection.go:49: unexpected EOF
[mysql] 2026/05/23 12:37:04 connection.go:49: unexpected EOF
[mysql] 2026/05/23 12:37:04 connection.go:49: unexpected EOF
[mysql] 2026/05/23 12:37:04 connection.go:49: unexpected EOF
[mysql] 2026/05/23 12:37:04 connection.go:49: unexpected EOF
[mysql] 2026/05/23 12:37:04 connection.go:49: unexpected EOF
[mysql] 2026/05/23 12:37:04 connection.go:49: unexpected EOF
[mysql] 2026/05/23 12:37:04 connection.go:49: unexpected EOF
[mysql] 2026/05/23 12:37:04 connection.go:49: unexpected EOF
[mysql] 2026/05/23 12:37:04 connection.go:49: unexpected EOF
[mysql] 2026/05/23 12:37:04 connection.go:49: unexpected EOF
[mysql] 2026/05/23 12:37:04 connection.go:49: unexpected EOF
[mysql] 2026/05/23 12:37:04 connection.go:49: unexpected EOF
[mysql] 2026/05/23 12:37:04 connection.go:49: unexpected EOF
[mysql] 2026/05/23 12:37:04 connection.go:49: unexpected EOF
[mysql] 2026/05/23 12:37:04 connection.go:49: unexpected EOF
[mysql] 2026/05/23 12:37:04 connection.go:49: unexpected EOF
[mysql] 2026/05/23 12:37:04 connection.go:49: unexpected EOF
[mysql] 2026/05/23 12:37:04 connection.go:49: unexpected EOF
[mysql] 2026/05/23 12:37:04 connection.go:49: unexpected EOF
[mysql] 2026/05/23 12:37:04 connection.go:49: unexpected EOF
[mysql] 2026/05/23 12:37:04 connection.go:49: unexpected EOF
[mysql] 2026/05/23 12:37:04 connection.go:49: unexpected EOF
[mysql] 2026/05/23 12:37:04 connection.go:49: unexpected EOF
[mysql] 2026/05/23 12:37:04 connection.go:49: unexpected EOF
[mysql] 2026/05/23 12:37:04 connection.go:49: unexpected EOF
[mysql] 2026/05/23 12:37:04 connection.go:49: unexpected EOF
[mysql] 2026/05/23 12:37:04 connection.go:49: unexpected EOF
[mysql] 2026/05/23 12:37:04 connection.go:49: unexpected EOF
[mysql] 2026/05/23 12:37:04 connection.go:49: unexpected EOF
[mysql] 2026/05/23 12:37:04 connection.go:49: unexpected EOF
[mysql] 2026/05/23 12:37:04 connection.go:49: unexpected EOF
[mysql] 2026/05/23 12:37:04 connection.go:49: unexpected EOF
[mysql] 2026/05/23 12:37:04 connection.go:49: unexpected EOF
[mysql] 2026/05/23 12:37:04 connection.go:49: unexpected EOF
[mysql] 2026/05/23 12:37:04 connection.go:49: unexpected EOF
[mysql] 2026/05/23 12:37:04 connection.go:49: unexpected EOF
[mysql] 2026/05/23 12:37:04 connection.go:49: unexpected EOF
[mysql] 2026/05/23 12:37:04 connection.go:49: unexpected EOF
[mysql] 2026/05/23 12:37:04 connection.go:49: unexpected EOF
[mysql] 2026/05/23 12:37:04 connection.go:49: unexpected EOF
[mysql] 2026/05/23 12:37:04 connection.go:49: unexpected EOF
[mysql] 2026/05/23 12:37:04 connection.go:49: unexpected EOF
[mysql] 2026/05/23 12:37:04 connection.go:49: unexpected EOF
[mysql] 2026/05/23 12:37:04 connection.go:49: unexpected EOF
[mysql] 2026/05/23 12:37:04 connection.go:49: unexpected EOF
[mysql] 2026/05/23 12:37:04 connection.go:49: unexpected EOF
[mysql] 2026/05/23 12:37:04 connection.go:49: unexpected EOF
[mysql] 2026/05/23 12:37:04 connection.go:49: unexpected EOF
[mysql] 2026/05/23 12:37:04 connection.go:49: unexpected EOF
[mysql] 2026/05/23 12:37:04 connection.go:49: unexpected EOF
[mysql] 2026/05/23 12:37:04 connection.go:49: unexpected EOF
[mysql] 2026/05/23 12:37:04 connection.go:49: unexpected EOF
[mysql] 2026/05/23 12:37:04 connection.go:49: unexpected EOF
[mysql] 2026/05/23 12:37:04 connection.go:49: unexpected EOF
[mysql] 2026/05/23 12:37:04 connection.go:49: unexpected EOF
[mysql] 2026/05/23 12:37:04 connection.go:49: unexpected EOF
[mysql] 2026/05/23 12:37:04 connection.go:49: unexpected EOF
[mysql] 2026/05/23 12:37:04 connection.go:49: unexpected EOF
[mysql] 2026/05/23 12:37:04 connection.go:49: unexpected EOF
[mysql] 2026/05/23 12:37:04 connection.go:49: unexpected EOF
[mysql] 2026/05/23 12:37:04 connection.go:49: unexpected EOF
[mysql] 2026/05/23 12:37:04 connection.go:49: unexpected EOF
[mysql] 2026/05/23 12:37:04 connection.go:49: unexpected EOF
[mysql] 2026/05/23 12:37:04 connection.go:49: unexpected EOF
[mysql] 2026/05/23 12:37:04 connection.go:49: unexpected EOF
[mysql] 2026/05/23 12:37:04 connection.go:49: unexpected EOF
[mysql] 2026/05/23 12:37:04 connection.go:49: unexpected EOF
[mysql] 2026/05/23 12:37:04 connection.go:49: unexpected EOF
[mysql] 2026/05/23 12:37:04 connection.go:49: unexpected EOF
[mysql] 2026/05/23 12:37:04 connection.go:49: unexpected EOF
[mysql] 2026/05/23 12:37:04 connection.go:49: unexpected EOF
[mysql] 2026/05/23 12:37:04 connection.go:49: unexpected EOF
[mysql] 2026/05/23 12:37:04 connection.go:49: unexpected EOF
[mysql] 2026/05/23 12:37:04 connection.go:49: unexpected EOF
[mysql] 2026/05/23 12:37:04 connection.go:49: unexpected EOF
[mysql] 2026/05/23 12:37:04 connection.go:49: unexpected EOF
[mysql] 2026/05/23 12:37:04 connection.go:49: unexpected EOF
[mysql] 2026/05/23 12:37:04 connection.go:49: unexpected EOF
[mysql] 2026/05/23 12:37:04 connection.go:49: unexpected EOF
[mysql] 2026/05/23 12:37:04 connection.go:49: unexpected EOF
[mysql] 2026/05/23 12:37:04 connection.go:49: unexpected EOF
[mysql] 2026/05/23 12:37:04 connection.go:49: unexpected EOF
[mysql] 2026/05/23 12:37:04 connection.go:49: unexpected EOF
[mysql] 2026/05/23 12:37:04 connection.go:49: unexpected EOF
[mysql] 2026/05/23 12:37:04 connection.go:49: unexpected EOF
[mysql] 2026/05/23 12:37:04 connection.go:49: unexpected EOF
[mysql] 2026/05/23 12:37:04 connection.go:49: unexpected EOF
[mysql] 2026/05/23 12:37:04 connection.go:49: unexpected EOF
[mysql] 2026/05/23 12:37:04 connection.go:49: unexpected EOF
[mysql] 2026/05/23 12:37:04 connection.go:49: unexpected EOF
[mysql] 2026/05/23 12:37:04 connection.go:49: unexpected EOF
[mysql] 2026/05/23 12:37:04 connection.go:49: unexpected EOF
[mysql] 2026/05/23 12:37:04 connection.go:49: unexpected EOF
[mysql] 2026/05/23 12:37:04 connection.go:49: unexpected EOF
[mysql] 2026/05/23 12:37:04 connection.go:49: unexpected EOF
[mysql] 2026/05/23 12:37:04 connection.go:49: unexpected EOF
[mysql] 2026/05/23 12:37:04 connection.go:49: unexpected EOF
[mysql] 2026/05/23 12:37:04 connection.go:49: unexpected EOF
[mysql] 2026/05/23 12:37:04 connection.go:49: unexpected EOF
[mysql] 2026/05/23 12:37:04 connection.go:49: unexpected EOF
[mysql] 2026/05/23 12:37:04 connection.go:49: unexpected EOF
[mysql] 2026/05/23 12:37:04 connection.go:49: unexpected EOF
[mysql] 2026/05/23 12:37:04 connection.go:49: unexpected EOF
[mysql] 2026/05/23 12:37:04 connection.go:49: unexpected EOF
[mysql] 2026/05/23 12:37:04 connection.go:49: unexpected EOF
[mysql] 2026/05/23 12:37:04 connection.go:49: unexpected EOF
[mysql] 2026/05/23 12:37:04 connection.go:49: unexpected EOF
[mysql] 2026/05/23 12:37:04 connection.go:49: unexpected EOF
[mysql] 2026/05/23 12:37:04 connection.go:49: unexpected EOF
[mysql] 2026/05/23 12:37:04 connection.go:49: unexpected EOF
[mysql] 2026/05/23 12:37:04 connection.go:49: unexpected EOF
[mysql] 2026/05/23 12:37:04 connection.go:49: unexpected EOF
[mysql] 2026/05/23 12:37:04 connection.go:49: unexpected EOF
[mysql] 2026/05/23 12:37:04 connection.go:49: unexpected EOF
[mysql] 2026/05/23 12:37:04 connection.go:49: unexpected EOF
[mysql] 2026/05/23 12:37:04 connection.go:49: unexpected EOF
[mysql] 2026/05/23 12:37:04 connection.go:49: unexpected EOF
[mysql] 2026/05/23 12:37:04 connection.go:49: unexpected EOF
[mysql] 2026/05/23 12:37:04 connection.go:49: unexpected EOF
[mysql] 2026/05/23 12:37:04 connection.go:49: unexpected EOF
[mysql] 2026/05/23 12:37:04 connection.go:49: unexpected EOF
[mysql] 2026/05/23 12:37:04 connection.go:49: unexpected EOF
[mysql] 2026/05/23 12:37:04 connection.go:49: unexpected EOF
[mysql] 2026/05/23 12:37:04 connection.go:49: unexpected EOF
[mysql] 2026/05/23 12:37:04 connection.go:49: unexpected EOF
[mysql] 2026/05/23 12:37:04 connection.go:49: unexpected EOF
[mysql] 2026/05/23 12:37:04 connection.go:49: unexpected EOF
[mysql] 2026/05/23 12:37:04 connection.go:49: unexpected EOF
[mysql] 2026/05/23 12:37:04 connection.go:49: unexpected EOF
[mysql] 2026/05/23 12:37:04 connection.go:49: unexpected EOF
[mysql] 2026/05/23 12:37:04 connection.go:49: unexpected EOF
[mysql] 2026/05/23 12:37:04 connection.go:49: unexpected EOF
[mysql] 2026/05/23 12:37:04 connection.go:49: unexpected EOF
[mysql] 2026/05/23 12:37:04 connection.go:49: unexpected EOF
[mysql] 2026/05/23 12:37:04 connection.go:49: unexpected EOF
[mysql] 2026/05/23 12:37:04 connection.go:49: unexpected EOF
[mysql] 2026/05/23 12:37:04 connection.go:49: unexpected EOF
[mysql] 2026/05/23 12:37:04 connection.go:49: unexpected EOF
[mysql] 2026/05/23 12:37:04 connection.go:49: unexpected EOF
[mysql] 2026/05/23 12:37:04 connection.go:49: unexpected EOF
[mysql] 2026/05/23 12:37:04 connection.go:49: unexpected EOF
[mysql] 2026/05/23 12:37:04 connection.go:49: unexpected EOF
[mysql] 2026/05/23 12:37:04 connection.go:49: unexpected EOF
[mysql] 2026/05/23 12:37:04 connection.go:49: unexpected EOF
[mysql] 2026/05/23 12:37:04 connection.go:49: unexpected EOF
[mysql] 2026/05/23 12:37:04 connection.go:49: unexpected EOF
[mysql] 2026/05/23 12:37:04 connection.go:49: unexpected EOF
[mysql] 2026/05/23 12:37:04 connection.go:49: unexpected EOF
[mysql] 2026/05/23 12:37:04 connection.go:49: unexpected EOF
[mysql] 2026/05/23 12:37:04 connection.go:49: unexpected EOF
[mysql] 2026/05/23 12:37:04 connection.go:49: unexpected EOF
[mysql] 2026/05/23 12:37:04 connection.go:49: unexpected EOF
[mysql] 2026/05/23 12:37:04 connection.go:49: unexpected EOF
[mysql] 2026/05/23 12:37:04 connection.go:49: unexpected EOF
[mysql] 2026/05/23 12:37:04 connection.go:49: unexpected EOF
[mysql] 2026/05/23 12:37:04 connection.go:49: unexpected EOF
[mysql] 2026/05/23 12:37:04 connection.go:49: unexpected EOF
[mysql] 2026/05/23 12:37:04 connection.go:49: unexpected EOF
[mysql] 2026/05/23 12:37:04 connection.go:49: unexpected EOF
[mysql] 2026/05/23 12:37:04 connection.go:49: unexpected EOF
[mysql] 2026/05/23 12:37:04 connection.go:49: unexpected EOF
[mysql] 2026/05/23 12:37:04 connection.go:49: unexpected EOF
[mysql] 2026/05/23 12:37:04 connection.go:49: unexpected EOF
[mysql] 2026/05/23 12:37:04 connection.go:49: unexpected EOF
[mysql] 2026/05/23 12:37:04 connection.go:49: unexpected EOF
[mysql] 2026/05/23 12:37:04 connection.go:49: unexpected EOF
[mysql] 2026/05/23 12:37:04 connection.go:49: unexpected EOF
[mysql] 2026/05/23 12:37:04 connection.go:49: unexpected EOF
[mysql] 2026/05/23 12:37:04 connection.go:49: unexpected EOF
[mysql] 2026/05/23 12:37:04 connection.go:49: unexpected EOF
[mysql] 2026/05/23 12:37:04 connection.go:49: unexpected EOF
[mysql] 2026/05/23 12:37:04 connection.go:49: unexpected EOF
[mysql] 2026/05/23 12:37:04 connection.go:49: unexpected EOF
[mysql] 2026/05/23 12:37:04 connection.go:49: unexpected EOF
[mysql] 2026/05/23 12:37:04 connection.go:49: unexpected EOF
[mysql] 2026/05/23 12:37:04 connection.go:49: unexpected EOF
[mysql] 2026/05/23 12:37:04 connection.go:49: unexpected EOF
[mysql] 2026/05/23 12:37:04 connection.go:49: unexpected EOF
[mysql] 2026/05/23 12:37:04 connection.go:49: unexpected EOF
[mysql] 2026/05/23 12:37:04 connection.go:49: unexpected EOF
[mysql] 2026/05/23 12:37:04 connection.go:49: unexpected EOF
[mysql] 2026/05/23 12:37:04 connection.go:49: unexpected EOF
[mysql] 2026/05/23 12:37:04 connection.go:49: unexpected EOF
[mysql] 2026/05/23 12:37:04 connection.go:49: unexpected EOF
[mysql] 2026/05/23 12:37:04 connection.go:49: unexpected EOF
[mysql] 2026/05/23 12:37:04 connection.go:49: unexpected EOF
[mysql] 2026/05/23 12:37:04 connection.go:49: unexpected EOF
[mysql] 2026/05/23 12:37:04 connection.go:49: unexpected EOF
[mysql] 2026/05/23 12:37:04 connection.go:49: unexpected EOF
[mysql] 2026/05/23 12:37:04 connection.go:49: unexpected EOF
[mysql] 2026/05/23 12:37:04 connection.go:49: unexpected EOF
[mysql] 2026/05/23 12:37:04 connection.go:49: unexpected EOF
[mysql] 2026/05/23 12:37:04 connection.go:49: unexpected EOF
[mysql] 2026/05/23 12:37:04 connection.go:49: unexpected EOF
[mysql] 2026/05/23 12:37:04 connection.go:49: unexpected EOF
[mysql] 2026/05/23 12:37:04 connection.go:49: unexpected EOF
[mysql] 2026/05/23 12:37:04 connection.go:49: unexpected EOF
[mysql] 2026/05/23 12:37:04 connection.go:49: unexpected EOF
[mysql] 2026/05/23 12:37:04 connection.go:49: unexpected EOF
[mysql] 2026/05/23 12:37:04 connection.go:49: unexpected EOF
[mysql] 2026/05/23 12:37:04 connection.go:49: unexpected EOF
[mysql] 2026/05/23 12:37:04 connection.go:49: unexpected EOF
[mysql] 2026/05/23 12:37:04 connection.go:49: unexpected EOF
[mysql] 2026/05/23 12:37:04 connection.go:49: unexpected EOF
[mysql] 2026/05/23 12:37:04 connection.go:49: unexpected EOF
[mysql] 2026/05/23 12:37:04 connection.go:49: unexpected EOF
[mysql] 2026/05/23 12:37:04 connection.go:49: unexpected EOF
[mysql] 2026/05/23 12:37:04 connection.go:49: unexpected EOF
[mysql] 2026/05/23 12:37:04 connection.go:49: unexpected EOF
[mysql] 2026/05/23 12:37:04 connection.go:49: unexpected EOF
[mysql] 2026/05/23 12:37:04 connection.go:49: unexpected EOF
[mysql] 2026/05/23 12:37:04 connection.go:49: unexpected EOF
[mysql] 2026/05/23 12:37:04 connection.go:49: unexpected EOF
[mysql] 2026/05/23 12:37:04 connection.go:49: unexpected EOF
[mysql] 2026/05/23 12:37:04 connection.go:49: unexpected EOF
[mysql] 2026/05/23 12:37:04 connection.go:49: unexpected EOF
[mysql] 2026/05/23 12:37:04 connection.go:49: unexpected EOF
[mysql] 2026/05/23 12:37:04 connection.go:49: unexpected EOF
[mysql] 2026/05/23 12:37:04 connection.go:49: unexpected EOF
[mysql] 2026/05/23 12:37:04 connection.go:49: unexpected EOF
[mysql] 2026/05/23 12:37:04 connection.go:49: unexpected EOF
[mysql] 2026/05/23 12:37:04 connection.go:49: unexpected EOF
[mysql] 2026/05/23 12:37:04 connection.go:49: unexpected EOF
[mysql] 2026/05/23 12:37:04 connection.go:49: unexpected EOF
[mysql] 2026/05/23 12:37:04 connection.go:49: unexpected EOF
[mysql] 2026/05/23 12:37:04 connection.go:49: unexpected EOF
[mysql] 2026/05/23 12:37:04 connection.go:49: unexpected EOF
[mysql] 2026/05/23 12:37:04 connection.go:49: unexpected EOF
[mysql] 2026/05/23 12:37:04 connection.go:49: unexpected EOF
[mysql] 2026/05/23 12:37:04 connection.go:49: unexpected EOF
[mysql] 2026/05/23 12:37:04 connection.go:49: unexpected EOF
[mysql] 2026/05/23 12:37:04 connection.go:49: unexpected EOF
[mysql] 2026/05/23 12:37:04 connection.go:49: unexpected EOF
[mysql] 2026/05/23 12:37:04 connection.go:49: unexpected EOF
[mysql] 2026/05/23 12:37:04 connection.go:49: unexpected EOF
[mysql] 2026/05/23 12:37:04 connection.go:49: unexpected EOF
[mysql] 2026/05/23 12:37:04 connection.go:49: unexpected EOF
[mysql] 2026/05/23 12:37:04 connection.go:49: unexpected EOF
[mysql] 2026/05/23 12:37:04 connection.go:49: unexpected EOF
[mysql] 2026/05/23 12:37:04 connection.go:49: unexpected EOF
[mysql] 2026/05/23 12:37:04 connection.go:49: unexpected EOF
[mysql] 2026/05/23 12:37:04 connection.go:49: unexpected EOF
[mysql] 2026/05/23 12:37:04 connection.go:49: unexpected EOF
[mysql] 2026/05/23 12:37:04 connection.go:49: unexpected EOF
[mysql] 2026/05/23 12:37:04 connection.go:49: unexpected EOF
[mysql] 2026/05/23 12:37:04 connection.go:49: unexpected EOF
[mysql] 2026/05/23 12:37:04 connection.go:49: unexpected EOF
[mysql] 2026/05/23 12:37:04 connection.go:49: unexpected EOF
[mysql] 2026/05/23 12:37:04 connection.go:49: unexpected EOF
[mysql] 2026/05/23 12:37:04 connection.go:49: unexpected EOF
[mysql] 2026/05/23 12:37:04 connection.go:49: unexpected EOF
[mysql] 2026/05/23 12:37:04 connection.go:49: unexpected EOF
[mysql] 2026/05/23 12:37:04 connection.go:49: unexpected EOF
[mysql] 2026/05/23 12:37:04 connection.go:49: unexpected EOF
[mysql] 2026/05/23 12:37:04 connection.go:49: unexpected EOF
[mysql] 2026/05/23 12:37:04 connection.go:49: unexpected EOF
[mysql] 2026/05/23 12:37:04 connection.go:49: unexpected EOF
[mysql] 2026/05/23 12:37:04 connection.go:49: unexpected EOF
[mysql] 2026/05/23 12:37:04 connection.go:49: unexpected EOF
[mysql] 2026/05/23 12:37:04 connection.go:49: unexpected EOF
[mysql] 2026/05/23 12:37:04 connection.go:49: unexpected EOF
[mysql] 2026/05/23 12:37:04 connection.go:49: unexpected EOF
[mysql] 2026/05/23 12:37:04 connection.go:49: unexpected EOF
[mysql] 2026/05/23 12:37:04 connection.go:49: unexpected EOF
[mysql] 2026/05/23 12:37:04 connection.go:49: unexpected EOF
[mysql] 2026/05/23 12:37:04 connection.go:49: unexpected EOF
[mysql] 2026/05/23 12:37:04 connection.go:49: unexpected EOF
[mysql] 2026/05/23 12:37:04 connection.go:49: unexpected EOF
[mysql] 2026/05/23 12:37:04 connection.go:49: unexpected EOF
[mysql] 2026/05/23 12:37:04 connection.go:49: unexpected EOF
[mysql] 2026/05/23 12:37:04 connection.go:49: unexpected EOF
[mysql] 2026/05/23 12:37:04 connection.go:49: unexpected EOF
[mysql] 2026/05/23 12:37:04 connection.go:49: unexpected EOF
[mysql] 2026/05/23 12:37:04 connection.go:49: unexpected EOF
[mysql] 2026/05/23 12:37:04 connection.go:49: unexpected EOF
[mysql] 2026/05/23 12:37:04 connection.go:49: unexpected EOF
[mysql] 2026/05/23 12:37:04 connection.go:49: unexpected EOF
[mysql] 2026/05/23 12:37:04 connection.go:49: unexpected EOF
[mysql] 2026/05/23 12:37:04 connection.go:49: unexpected EOF
[mysql] 2026/05/23 12:37:04 connection.go:49: unexpected EOF
[mysql] 2026/05/23 12:37:04 connection.go:49: unexpected EOF
[mysql] 2026/05/23 12:37:04 connection.go:49: unexpected EOF
[mysql] 2026/05/23 12:37:04 connection.go:49: unexpected EOF
[mysql] 2026/05/23 12:37:04 connection.go:49: unexpected EOF
[mysql] 2026/05/23 12:37:04 connection.go:49: unexpected EOF
[mysql] 2026/05/23 12:37:04 connection.go:49: unexpected EOF
[mysql] 2026/05/23 12:37:04 connection.go:49: unexpected EOF
[mysql] 2026/05/23 12:37:04 connection.go:49: unexpected EOF
[mysql] 2026/05/23 12:37:04 connection.go:49: unexpected EOF
[mysql] 2026/05/23 12:37:04 connection.go:49: unexpected EOF
[mysql] 2026/05/23 12:37:04 connection.go:49: unexpected EOF
[mysql] 2026/05/23 12:37:04 connection.go:49: unexpected EOF
[mysql] 2026/05/23 12:37:04 connection.go:49: unexpected EOF
[mysql] 2026/05/23 12:37:04 connection.go:49: unexpected EOF
[mysql] 2026/05/23 12:37:04 connection.go:49: unexpected EOF
[mysql] 2026/05/23 12:37:04 connection.go:49: unexpected EOF
[mysql] 2026/05/23 12:37:04 connection.go:49: unexpected EOF
[mysql] 2026/05/23 12:37:04 connection.go:49: unexpected EOF
[mysql] 2026/05/23 12:37:04 connection.go:49: unexpected EOF
[mysql] 2026/05/23 12:37:04 connection.go:49: unexpected EOF
[mysql] 2026/05/23 12:37:04 connection.go:49: unexpected EOF
[mysql] 2026/05/23 12:37:04 connection.go:49: unexpected EOF
[mysql] 2026/05/23 12:37:04 connection.go:49: unexpected EOF
[mysql] 2026/05/23 12:37:04 connection.go:49: unexpected EOF
[mysql] 2026/05/23 12:37:04 connection.go:49: unexpected EOF
[mysql] 2026/05/23 12:37:04 connection.go:49: unexpected EOF
[mysql] 2026/05/23 12:37:04 connection.go:49: unexpected EOF
[mysql] 2026/05/23 12:37:04 connection.go:49: unexpected EOF
[mysql] 2026/05/23 12:37:04 connection.go:49: unexpected EOF
[mysql] 2026/05/23 12:37:04 connection.go:49: unexpected EOF
[mysql] 2026/05/23 12:37:04 connection.go:49: unexpected EOF
[mysql] 2026/05/23 12:37:04 connection.go:49: unexpected EOF
[mysql] 2026/05/23 12:37:04 connection.go:49: unexpected EOF
[mysql] 2026/05/23 12:37:04 connection.go:49: unexpected EOF
[mysql] 2026/05/23 12:37:04 connection.go:49: unexpected EOF
[mysql] 2026/05/23 12:37:04 connection.go:49: unexpected EOF
[mysql] 2026/05/23 12:37:04 connection.go:49: unexpected EOF
[mysql] 2026/05/23 12:37:04 connection.go:49: unexpected EOF
[mysql] 2026/05/23 12:37:04 connection.go:49: unexpected EOF
[mysql] 2026/05/23 12:37:04 connection.go:49: unexpected EOF
[mysql] 2026/05/23 12:37:04 connection.go:49: unexpected EOF
[mysql] 2026/05/23 12:37:04 connection.go:49: unexpected EOF
[mysql] 2026/05/23 12:37:04 connection.go:49: unexpected EOF
[mysql] 2026/05/23 12:37:04 connection.go:49: unexpected EOF
[mysql] 2026/05/23 12:37:04 connection.go:49: unexpected EOF
[mysql] 2026/05/23 12:37:04 connection.go:49: unexpected EOF
[mysql] 2026/05/23 12:37:04 connection.go:49: unexpected EOF
[mysql] 2026/05/23 12:37:04 connection.go:49: unexpected EOF
[mysql] 2026/05/23 12:37:04 connection.go:49: unexpected EOF
[mysql] 2026/05/23 12:37:04 connection.go:49: unexpected EOF
[mysql] 2026/05/23 12:37:04 connection.go:49: unexpected EOF
[mysql] 2026/05/23 12:37:04 connection.go:49: unexpected EOF
[mysql] 2026/05/23 12:37:04 connection.go:49: unexpected EOF
[mysql] 2026/05/23 12:37:04 connection.go:49: unexpected EOF
[mysql] 2026/05/23 12:37:04 connection.go:49: unexpected EOF
[mysql] 2026/05/23 12:37:04 connection.go:49: unexpected EOF
[mysql] 2026/05/23 12:37:04 connection.go:49: unexpected EOF
[mysql] 2026/05/23 12:37:04 connection.go:49: unexpected EOF
[mysql] 2026/05/23 12:37:04 connection.go:49: unexpected EOF
[mysql] 2026/05/23 12:37:04 connection.go:49: unexpected EOF
[mysql] 2026/05/23 12:37:04 connection.go:49: unexpected EOF
[mysql] 2026/05/23 12:37:04 connection.go:49: unexpected EOF
[mysql] 2026/05/23 12:37:04 connection.go:49: unexpected EOF
[mysql] 2026/05/23 12:37:04 connection.go:49: unexpected EOF
[mysql] 2026/05/23 12:37:04 connection.go:49: unexpected EOF
[mysql] 2026/05/23 12:37:04 connection.go:49: unexpected EOF
[mysql] 2026/05/23 12:37:04 connection.go:49: unexpected EOF
[mysql] 2026/05/23 12:37:04 connection.go:49: unexpected EOF
[mysql] 2026/05/23 12:37:04 connection.go:49: unexpected EOF
[mysql] 2026/05/23 12:37:04 connection.go:49: unexpected EOF
[mysql] 2026/05/23 12:37:04 connection.go:49: unexpected EOF
[mysql] 2026/05/23 12:37:04 connection.go:49: unexpected EOF
[mysql] 2026/05/23 12:37:04 connection.go:49: unexpected EOF
[mysql] 2026/05/23 12:37:04 connection.go:49: unexpected EOF
[mysql] 2026/05/23 12:37:04 connection.go:49: unexpected EOF
[mysql] 2026/05/23 12:37:04 connection.go:49: unexpected EOF
[mysql] 2026/05/23 12:37:04 connection.go:49: unexpected EOF
[mysql] 2026/05/23 12:37:04 connection.go:49: unexpected EOF
[mysql] 2026/05/23 12:37:04 connection.go:49: unexpected EOF
[mysql] 2026/05/23 12:37:04 connection.go:49: unexpected EOF
[mysql] 2026/05/23 12:37:04 connection.go:49: unexpected EOF
[mysql] 2026/05/23 12:37:04 connection.go:49: unexpected EOF
[mysql] 2026/05/23 12:37:04 connection.go:49: unexpected EOF
[mysql] 2026/05/23 12:37:04 connection.go:49: unexpected EOF
[mysql] 2026/05/23 12:37:04 connection.go:49: unexpected EOF
[mysql] 2026/05/23 12:37:04 connection.go:49: unexpected EOF
[mysql] 2026/05/23 12:37:04 connection.go:49: unexpected EOF
[mysql] 2026/05/23 12:37:04 connection.go:49: unexpected EOF
[mysql] 2026/05/23 12:37:04 connection.go:49: unexpected EOF
[mysql] 2026/05/23 12:37:04 connection.go:49: unexpected EOF
[mysql] 2026/05/23 12:37:04 connection.go:49: unexpected EOF
[mysql] 2026/05/23 12:37:04 connection.go:49: unexpected EOF
[mysql] 2026/05/23 12:37:04 connection.go:49: unexpected EOF
[mysql] 2026/05/23 12:37:04 connection.go:49: unexpected EOF
[mysql] 2026/05/23 12:37:04 connection.go:49: unexpected EOF
[mysql] 2026/05/23 12:37:04 connection.go:49: unexpected EOF
[mysql] 2026/05/23 12:37:04 connection.go:49: unexpected EOF
[mysql] 2026/05/23 12:37:04 connection.go:49: unexpected EOF
[mysql] 2026/05/23 12:37:04 connection.go:49: unexpected EOF
[mysql] 2026/05/23 12:37:04 connection.go:49: unexpected EOF
[mysql] 2026/05/23 12:37:04 connection.go:49: unexpected EOF
[mysql] 2026/05/23 12:37:04 connection.go:49: unexpected EOF
[mysql] 2026/05/23 12:37:04 connection.go:49: unexpected EOF
[mysql] 2026/05/23 12:37:04 connection.go:49: unexpected EOF
[mysql] 2026/05/23 12:37:04 connection.go:49: unexpected EOF
[mysql] 2026/05/23 12:37:04 connection.go:49: unexpected EOF
[mysql] 2026/05/23 12:37:04 connection.go:49: unexpected EOF
[mysql] 2026/05/23 12:37:04 connection.go:49: unexpected EOF
[mysql] 2026/05/23 12:37:04 connection.go:49: unexpected EOF
[mysql] 2026/05/23 12:37:04 connection.go:49: unexpected EOF
[mysql] 2026/05/23 12:37:04 connection.go:49: unexpected EOF
[mysql] 2026/05/23 12:37:04 connection.go:49: unexpected EOF
[mysql] 2026/05/23 12:37:04 connection.go:49: unexpected EOF
[mysql] 2026/05/23 12:37:04 connection.go:49: unexpected EOF
[mysql] 2026/05/23 12:37:04 connection.go:49: unexpected EOF
[mysql] 2026/05/23 12:37:04 connection.go:49: unexpected EOF
[mysql] 2026/05/23 12:37:04 connection.go:49: unexpected EOF
[mysql] 2026/05/23 12:37:04 connection.go:49: unexpected EOF
[mysql] 2026/05/23 12:37:04 connection.go:49: unexpected EOF
[mysql] 2026/05/23 12:37:04 connection.go:49: unexpected EOF
[mysql] 2026/05/23 12:37:04 connection.go:49: unexpected EOF
[mysql] 2026/05/23 12:37:04 connection.go:49: unexpected EOF
[mysql] 2026/05/23 12:37:04 connection.go:49: unexpected EOF
[mysql] 2026/05/23 12:37:04 connection.go:49: unexpected EOF
[mysql] 2026/05/23 12:37:04 connection.go:49: unexpected EOF
[mysql] 2026/05/23 12:37:04 connection.go:49: unexpected EOF
[mysql] 2026/05/23 12:37:04 connection.go:49: unexpected EOF
[mysql] 2026/05/23 12:37:04 connection.go:49: unexpected EOF
[mysql] 2026/05/23 12:37:04 connection.go:49: unexpected EOF
[mysql] 2026/05/23 12:37:04 connection.go:49: unexpected EOF
[mysql] 2026/05/23 12:37:04 connection.go:49: unexpected EOF
[mysql] 2026/05/23 12:37:04 connection.go:49: unexpected EOF
[mysql] 2026/05/23 12:37:04 connection.go:49: unexpected EOF
[mysql] 2026/05/23 12:37:04 connection.go:49: unexpected EOF
[mysql] 2026/05/23 12:37:04 connection.go:49: unexpected EOF
[mysql] 2026/05/23 12:37:04 connection.go:49: unexpected EOF
[mysql] 2026/05/23 12:37:04 connection.go:49: unexpected EOF
[mysql] 2026/05/23 12:37:04 connection.go:49: unexpected EOF
[mysql] 2026/05/23 12:37:04 connection.go:49: unexpected EOF
[mysql] 2026/05/23 12:37:04 connection.go:49: unexpected EOF
[mysql] 2026/05/23 12:37:04 connection.go:49: unexpected EOF
[mysql] 2026/05/23 12:37:04 connection.go:49: unexpected EOF
[mysql] 2026/05/23 12:37:04 connection.go:49: unexpected EOF
[mysql] 2026/05/23 12:37:04 connection.go:49: unexpected EOF
[mysql] 2026/05/23 12:37:04 connection.go:49: unexpected EOF
[mysql] 2026/05/23 12:37:04 connection.go:49: unexpected EOF
[mysql] 2026/05/23 12:37:04 connection.go:49: unexpected EOF
[mysql] 2026/05/23 12:37:04 connection.go:49: unexpected EOF
[mysql] 2026/05/23 12:37:04 connection.go:49: unexpected EOF
[mysql] 2026/05/23 12:37:04 connection.go:49: unexpected EOF
[mysql] 2026/05/23 12:37:04 connection.go:49: unexpected EOF
[mysql] 2026/05/23 12:37:04 connection.go:49: unexpected EOF
[mysql] 2026/05/23 12:37:04 connection.go:49: unexpected EOF
[mysql] 2026/05/23 12:37:04 connection.go:49: unexpected EOF
[mysql] 2026/05/23 12:37:04 connection.go:49: unexpected EOF
[mysql] 2026/05/23 12:37:04 connection.go:49: unexpected EOF
[mysql] 2026/05/23 12:37:04 connection.go:49: unexpected EOF
[mysql] 2026/05/23 12:37:04 connection.go:49: unexpected EOF
[mysql] 2026/05/23 12:37:04 connection.go:49: unexpected EOF
[mysql] 2026/05/23 12:37:04 connection.go:49: unexpected EOF
[mysql] 2026/05/23 12:37:04 connection.go:49: unexpected EOF
[mysql] 2026/05/23 12:37:04 connection.go:49: unexpected EOF
[mysql] 2026/05/23 12:37:04 connection.go:49: unexpected EOF
[mysql] 2026/05/23 12:37:04 connection.go:49: unexpected EOF
[mysql] 2026/05/23 12:37:04 connection.go:49: unexpected EOF
[mysql] 2026/05/23 12:37:04 connection.go:49: unexpected EOF
[mysql] 2026/05/23 12:37:04 connection.go:49: unexpected EOF
[mysql] 2026/05/23 12:37:04 connection.go:49: unexpected EOF
[mysql] 2026/05/23 12:37:04 connection.go:49: unexpected EOF
[mysql] 2026/05/23 12:37:04 connection.go:49: unexpected EOF
[mysql] 2026/05/23 12:37:04 connection.go:49: unexpected EOF
[mysql] 2026/05/23 12:37:04 connection.go:49: unexpected EOF
[mysql] 2026/05/23 12:37:04 connection.go:49: unexpected EOF
[mysql] 2026/05/23 12:37:04 connection.go:49: unexpected EOF
[mysql] 2026/05/23 12:37:04 connection.go:49: unexpected EOF
[mysql] 2026/05/23 12:37:04 connection.go:49: unexpected EOF
[mysql] 2026/05/23 12:37:04 connection.go:49: unexpected EOF
[mysql] 2026/05/23 12:37:04 connection.go:49: unexpected EOF
[mysql] 2026/05/23 12:37:04 connection.go:49: unexpected EOF
[mysql] 2026/05/23 12:37:04 connection.go:49: unexpected EOF
[mysql] 2026/05/23 12:37:04 connection.go:49: unexpected EOF
[mysql] 2026/05/23 12:37:04 connection.go:49: unexpected EOF
[mysql] 2026/05/23 12:37:04 connection.go:49: unexpected EOF
[mysql] 2026/05/23 12:37:04 connection.go:49: unexpected EOF
[mysql] 2026/05/23 12:37:04 connection.go:49: unexpected EOF
[mysql] 2026/05/23 12:37:04 connection.go:49: unexpected EOF
[mysql] 2026/05/23 12:37:04 connection.go:49: unexpected EOF
[mysql] 2026/05/23 12:37:04 connection.go:49: unexpected EOF
[mysql] 2026/05/23 12:37:04 connection.go:49: unexpected EOF
[mysql] 2026/05/23 12:37:04 connection.go:49: unexpected EOF
[mysql] 2026/05/23 12:37:04 connection.go:49: unexpected EOF
[mysql] 2026/05/23 12:37:04 connection.go:49: unexpected EOF
[mysql] 2026/05/23 12:37:04 connection.go:49: unexpected EOF
[mysql] 2026/05/23 12:37:04 connection.go:49: unexpected EOF
[mysql] 2026/05/23 12:37:04 connection.go:49: unexpected EOF
[mysql] 2026/05/23 12:37:04 connection.go:49: unexpected EOF
[mysql] 2026/05/23 12:37:04 connection.go:49: unexpected EOF
[mysql] 2026/05/23 12:37:04 connection.go:49: unexpected EOF
[mysql] 2026/05/23 12:37:04 connection.go:49: unexpected EOF
[mysql] 2026/05/23 12:37:04 connection.go:49: unexpected EOF
[mysql] 2026/05/23 12:37:04 connection.go:49: unexpected EOF
[mysql] 2026/05/23 12:37:04 connection.go:49: unexpected EOF
[mysql] 2026/05/23 12:37:04 connection.go:49: unexpected EOF
[mysql] 2026/05/23 12:37:04 connection.go:49: unexpected EOF
[mysql] 2026/05/23 12:37:04 connection.go:49: unexpected EOF
[mysql] 2026/05/23 12:37:04 connection.go:49: unexpected EOF
[mysql] 2026/05/23 12:37:04 connection.go:49: unexpected EOF
[mysql] 2026/05/23 12:37:04 connection.go:49: unexpected EOF
[mysql] 2026/05/23 12:37:04 connection.go:49: unexpected EOF
[mysql] 2026/05/23 12:37:04 connection.go:49: unexpected EOF
[mysql] 2026/05/23 12:37:04 connection.go:49: unexpected EOF
[mysql] 2026/05/23 12:37:04 connection.go:49: unexpected EOF
[mysql] 2026/05/23 12:37:04 connection.go:49: unexpected EOF
[mysql] 2026/05/23 12:37:04 connection.go:49: unexpected EOF
[mysql] 2026/05/23 12:37:04 connection.go:49: unexpected EOF
[mysql] 2026/05/23 12:37:04 connection.go:49: unexpected EOF
[mysql] 2026/05/23 12:37:04 connection.go:49: unexpected EOF
[mysql] 2026/05/23 12:37:04 connection.go:49: unexpected EOF
[mysql] 2026/05/23 12:37:04 connection.go:49: unexpected EOF
[mysql] 2026/05/23 12:37:04 connection.go:49: unexpected EOF
[mysql] 2026/05/23 12:37:04 connection.go:49: unexpected EOF
[mysql] 2026/05/23 12:37:04 connection.go:49: unexpected EOF
[mysql] 2026/05/23 12:37:04 connection.go:49: unexpected EOF
[mysql] 2026/05/23 12:37:04 connection.go:49: unexpected EOF
[mysql] 2026/05/23 12:37:04 connection.go:49: unexpected EOF
[mysql] 2026/05/23 12:37:04 connection.go:49: unexpected EOF
[mysql] 2026/05/23 12:37:04 connection.go:49: unexpected EOF
[mysql] 2026/05/23 12:37:04 connection.go:49: unexpected EOF
[mysql] 2026/05/23 12:37:04 connection.go:49: unexpected EOF
[mysql] 2026/05/23 12:37:04 connection.go:49: unexpected EOF
[mysql] 2026/05/23 12:37:04 connection.go:49: unexpected EOF
[mysql] 2026/05/23 12:37:04 connection.go:49: unexpected EOF
[mysql] 2026/05/23 12:37:04 connection.go:49: unexpected EOF
[mysql] 2026/05/23 12:37:04 connection.go:49: unexpected EOF
[mysql] 2026/05/23 12:37:04 connection.go:49: unexpected EOF
[mysql] 2026/05/23 12:37:04 connection.go:49: unexpected EOF
[mysql] 2026/05/23 12:37:04 connection.go:49: unexpected EOF
[mysql] 2026/05/23 12:37:04 connection.go:49: unexpected EOF
[mysql] 2026/05/23 12:37:04 connection.go:49: unexpected EOF
[mysql] 2026/05/23 12:37:04 connection.go:49: unexpected EOF
[mysql] 2026/05/23 12:37:04 connection.go:49: unexpected EOF
[mysql] 2026/05/23 12:37:04 connection.go:49: unexpected EOF
[mysql] 2026/05/23 12:37:04 connection.go:49: unexpected EOF
[mysql] 2026/05/23 12:37:04 connection.go:49: unexpected EOF
[mysql] 2026/05/23 12:37:04 connection.go:49: unexpected EOF
[mysql] 2026/05/23 12:37:04 connection.go:49: unexpected EOF
[mysql] 2026/05/23 12:37:04 connection.go:49: unexpected EOF
[mysql] 2026/05/23 12:37:04 connection.go:49: unexpected EOF
[mysql] 2026/05/23 12:37:04 connection.go:49: unexpected EOF
[mysql] 2026/05/23 12:37:04 connection.go:49: unexpected EOF
[mysql] 2026/05/23 12:37:04 connection.go:49: unexpected EOF
[mysql] 2026/05/23 12:37:04 connection.go:49: unexpected EOF
[mysql] 2026/05/23 12:37:04 connection.go:49: unexpected EOF
[mysql] 2026/05/23 12:37:04 connection.go:49: unexpected EOF
[mysql] 2026/05/23 12:37:04 connection.go:49: unexpected EOF
[mysql] 2026/05/23 12:37:04 connection.go:49: unexpected EOF
[mysql] 2026/05/23 12:37:04 connection.go:49: unexpected EOF
[mysql] 2026/05/23 12:37:04 connection.go:49: unexpected EOF
[mysql] 2026/05/23 12:37:04 connection.go:49: unexpected EOF
[mysql] 2026/05/23 12:37:04 connection.go:49: unexpected EOF
[mysql] 2026/05/23 12:37:04 connection.go:49: unexpected EOF
[mysql] 2026/05/23 12:37:04 connection.go:49: unexpected EOF
[mysql] 2026/05/23 12:37:04 connection.go:49: unexpected EOF
[mysql] 2026/05/23 12:37:04 connection.go:49: unexpected EOF
[mysql] 2026/05/23 12:37:04 connection.go:49: unexpected EOF
[mysql] 2026/05/23 12:37:04 connection.go:49: unexpected EOF
[mysql] 2026/05/23 12:37:04 connection.go:49: unexpected EOF
[mysql] 2026/05/23 12:37:04 connection.go:49: unexpected EOF
[mysql] 2026/05/23 12:37:04 connection.go:49: unexpected EOF
[mysql] 2026/05/23 12:37:04 connection.go:49: unexpected EOF
[mysql] 2026/05/23 12:37:04 connection.go:49: unexpected EOF
[mysql] 2026/05/23 12:37:04 connection.go:49: unexpected EOF
[mysql] 2026/05/23 12:37:04 connection.go:49: unexpected EOF
[mysql] 2026/05/23 12:37:04 connection.go:49: unexpected EOF
[mysql] 2026/05/23 12:37:04 connection.go:49: unexpected EOF
[mysql] 2026/05/23 12:37:04 connection.go:49: unexpected EOF
[mysql] 2026/05/23 12:37:04 connection.go:49: unexpected EOF
[mysql] 2026/05/23 12:37:04 connection.go:49: unexpected EOF
[mysql] 2026/05/23 12:37:04 connection.go:49: unexpected EOF
[mysql] 2026/05/23 12:37:04 connection.go:49: unexpected EOF
[mysql] 2026/05/23 12:37:04 connection.go:49: unexpected EOF
[mysql] 2026/05/23 12:37:04 connection.go:49: unexpected EOF
[mysql] 2026/05/23 12:37:04 connection.go:49: unexpected EOF
[mysql] 2026/05/23 12:37:04 connection.go:49: unexpected EOF
[mysql] 2026/05/23 12:37:04 connection.go:49: unexpected EOF
[mysql] 2026/05/23 12:37:04 connection.go:49: unexpected EOF
[mysql] 2026/05/23 12:37:04 connection.go:49: unexpected EOF
[mysql] 2026/05/23 12:37:04 connection.go:49: unexpected EOF
[mysql] 2026/05/23 12:37:04 connection.go:49: unexpected EOF
[mysql] 2026/05/23 12:37:04 connection.go:49: unexpected EOF
[mysql] 2026/05/23 12:37:04 connection.go:49: unexpected EOF
[mysql] 2026/05/23 12:37:04 connection.go:49: unexpected EOF
[mysql] 2026/05/23 12:37:04 connection.go:49: unexpected EOF
[mysql] 2026/05/23 12:37:04 connection.go:49: unexpected EOF
[mysql] 2026/05/23 12:37:04 connection.go:49: unexpected EOF
[mysql] 2026/05/23 12:37:04 connection.go:49: unexpected EOF
[mysql] 2026/05/23 12:37:04 connection.go:49: unexpected EOF
[mysql] 2026/05/23 12:37:04 connection.go:49: unexpected EOF
[mysql] 2026/05/23 12:37:04 connection.go:49: unexpected EOF
[mysql] 2026/05/23 12:37:04 connection.go:49: unexpected EOF
[mysql] 2026/05/23 12:37:04 connection.go:49: unexpected EOF
[mysql] 2026/05/23 12:37:04 connection.go:49: unexpected EOF
[mysql] 2026/05/23 12:37:04 connection.go:49: unexpected EOF
[mysql] 2026/05/23 12:37:04 connection.go:49: unexpected EOF
[mysql] 2026/05/23 12:37:04 connection.go:49: unexpected EOF
[mysql] 2026/05/23 12:37:04 connection.go:49: unexpected EOF
[mysql] 2026/05/23 12:37:04 connection.go:49: unexpected EOF
[mysql] 2026/05/23 12:37:04 connection.go:49: unexpected EOF
[mysql] 2026/05/23 12:37:04 connection.go:49: unexpected EOF
[mysql] 2026/05/23 12:37:04 connection.go:49: unexpected EOF
[mysql] 2026/05/23 12:37:04 connection.go:49: unexpected EOF
[mysql] 2026/05/23 12:37:04 connection.go:49: unexpected EOF
[mysql] 2026/05/23 12:37:04 connection.go:49: unexpected EOF
[mysql] 2026/05/23 12:37:04 connection.go:49: unexpected EOF
[mysql] 2026/05/23 12:37:04 connection.go:49: unexpected EOF
[mysql] 2026/05/23 12:37:04 connection.go:49: unexpected EOF
[mysql] 2026/05/23 12:37:04 connection.go:49: unexpected EOF
[mysql] 2026/05/23 12:37:04 connection.go:49: unexpected EOF
[mysql] 2026/05/23 12:37:04 connection.go:49: unexpected EOF
[mysql] 2026/05/23 12:37:04 connection.go:49: unexpected EOF
[mysql] 2026/05/23 12:37:04 connection.go:49: unexpected EOF
[mysql] 2026/05/23 12:37:04 connection.go:49: unexpected EOF
[mysql] 2026/05/23 12:37:04 connection.go:49: unexpected EOF
[mysql] 2026/05/23 12:37:04 connection.go:49: unexpected EOF
[mysql] 2026/05/23 12:37:04 connection.go:49: unexpected EOF
[mysql] 2026/05/23 12:37:04 connection.go:49: unexpected EOF
[mysql] 2026/05/23 12:37:04 connection.go:49: unexpected EOF
[mysql] 2026/05/23 12:37:04 connection.go:49: unexpected EOF
[mysql] 2026/05/23 12:37:04 connection.go:49: unexpected EOF
[mysql] 2026/05/23 12:37:04 connection.go:49: unexpected EOF
[mysql] 2026/05/23 12:37:04 connection.go:49: unexpected EOF
[mysql] 2026/05/23 12:37:04 connection.go:49: unexpected EOF
[mysql] 2026/05/23 12:37:04 connection.go:49: unexpected EOF
[mysql] 2026/05/23 12:37:04 connection.go:49: unexpected EOF
[mysql] 2026/05/23 12:37:04 connection.go:49: unexpected EOF
[mysql] 2026/05/23 12:37:04 connection.go:49: unexpected EOF
[mysql] 2026/05/23 12:37:04 connection.go:49: unexpected EOF
[mysql] 2026/05/23 12:37:04 connection.go:49: unexpected EOF
[mysql] 2026/05/23 12:37:04 connection.go:49: unexpected EOF
[mysql] 2026/05/23 12:37:04 connection.go:49: unexpected EOF
[mysql] 2026/05/23 12:37:04 connection.go:49: unexpected EOF
[mysql] 2026/05/23 12:37:04 connection.go:49: unexpected EOF
[mysql] 2026/05/23 12:37:04 connection.go:49: unexpected EOF
[mysql] 2026/05/23 12:37:04 connection.go:49: unexpected EOF
[mysql] 2026/05/23 12:37:04 connection.go:49: unexpected EOF
[mysql] 2026/05/23 12:37:04 connection.go:49: unexpected EOF
[mysql] 2026/05/23 12:37:04 connection.go:49: unexpected EOF
[mysql] 2026/05/23 12:37:04 connection.go:49: unexpected EOF
[mysql] 2026/05/23 12:37:04 connection.go:49: unexpected EOF
[mysql] 2026/05/23 12:37:04 connection.go:49: unexpected EOF
[mysql] 2026/05/23 12:37:04 connection.go:49: unexpected EOF
[mysql] 2026/05/23 12:37:04 connection.go:49: unexpected EOF
[mysql] 2026/05/23 12:37:04 connection.go:49: unexpected EOF
[mysql] 2026/05/23 12:37:04 connection.go:49: unexpected EOF
[mysql] 2026/05/23 12:37:04 connection.go:49: unexpected EOF
[mysql] 2026/05/23 12:37:04 connection.go:49: unexpected EOF
[mysql] 2026/05/23 12:37:04 connection.go:49: unexpected EOF
[mysql] 2026/05/23 12:37:04 connection.go:49: unexpected EOF
[mysql] 2026/05/23 12:37:04 connection.go:49: unexpected EOF
[mysql] 2026/05/23 12:37:04 connection.go:49: unexpected EOF
[mysql] 2026/05/23 12:37:04 connection.go:49: unexpected EOF
[mysql] 2026/05/23 12:37:04 connection.go:49: unexpected EOF
[mysql] 2026/05/23 12:37:04 connection.go:49: unexpected EOF
[mysql] 2026/05/23 12:37:04 connection.go:49: unexpected EOF
[mysql] 2026/05/23 12:37:04 connection.go:49: unexpected EOF
[mysql] 2026/05/23 12:37:04 connection.go:49: unexpected EOF
[mysql] 2026/05/23 12:37:04 connection.go:49: unexpected EOF
[mysql] 2026/05/23 12:37:04 connection.go:49: unexpected EOF
[mysql] 2026/05/23 12:37:04 connection.go:49: unexpected EOF
[mysql] 2026/05/23 12:37:04 connection.go:49: unexpected EOF
[mysql] 2026/05/23 12:37:04 connection.go:49: unexpected EOF
[mysql] 2026/05/23 12:37:04 connection.go:49: unexpected EOF
[mysql] 2026/05/23 12:37:04 connection.go:49: unexpected EOF
[mysql] 2026/05/23 12:37:04 connection.go:49: unexpected EOF
[mysql] 2026/05/23 12:37:04 connection.go:49: unexpected EOF
[mysql] 2026/05/23 12:37:04 connection.go:49: unexpected EOF
[mysql] 2026/05/23 12:37:04 connection.go:49: unexpected EOF
[mysql] 2026/05/23 12:37:04 connection.go:49: unexpected EOF
[mysql] 2026/05/23 12:37:04 connection.go:49: unexpected EOF
[mysql] 2026/05/23 12:37:04 connection.go:49: unexpected EOF
[mysql] 2026/05/23 12:37:04 connection.go:49: unexpected EOF
[mysql] 2026/05/23 12:37:04 connection.go:49: unexpected EOF
[mysql] 2026/05/23 12:37:04 connection.go:49: unexpected EOF
[mysql] 2026/05/23 12:37:04 connection.go:49: unexpected EOF
[mysql] 2026/05/23 12:37:04 connection.go:49: unexpected EOF
[mysql] 2026/05/23 12:37:04 connection.go:49: unexpected EOF
[mysql] 2026/05/23 12:37:04 connection.go:49: unexpected EOF
[mysql] 2026/05/23 12:37:04 connection.go:49: unexpected EOF
[mysql] 2026/05/23 12:37:04 connection.go:49: unexpected EOF
[mysql] 2026/05/23 12:37:04 connection.go:49: unexpected EOF
[mysql] 2026/05/23 12:37:04 connection.go:49: unexpected EOF
[mysql] 2026/05/23 12:37:04 connection.go:49: unexpected EOF
[mysql] 2026/05/23 12:37:04 connection.go:49: unexpected EOF
[mysql] 2026/05/23 12:37:04 connection.go:49: unexpected EOF
[mysql] 2026/05/23 12:37:04 connection.go:49: unexpected EOF
[mysql] 2026/05/23 12:37:04 connection.go:49: unexpected EOF
[mysql] 2026/05/23 12:37:04 connection.go:49: unexpected EOF
[mysql] 2026/05/23 12:37:04 connection.go:49: unexpected EOF
[mysql] 2026/05/23 12:37:04 connection.go:49: unexpected EOF
[mysql] 2026/05/23 12:37:04 connection.go:49: unexpected EOF
[mysql] 2026/05/23 12:37:04 connection.go:49: unexpected EOF
[mysql] 2026/05/23 12:37:04 connection.go:49: unexpected EOF
[mysql] 2026/05/23 12:37:04 connection.go:49: unexpected EOF
[mysql] 2026/05/23 12:37:04 connection.go:49: unexpected EOF
[mysql] 2026/05/23 12:37:04 connection.go:49: unexpected EOF
[mysql] 2026/05/23 12:37:04 connection.go:49: unexpected EOF
[mysql] 2026/05/23 12:37:04 connection.go:49: unexpected EOF
[mysql] 2026/05/23 12:37:04 connection.go:49: unexpected EOF
[mysql] 2026/05/23 12:37:04 connection.go:49: unexpected EOF
[mysql] 2026/05/23 12:37:04 connection.go:49: unexpected EOF
[mysql] 2026/05/23 12:37:04 connection.go:49: unexpected EOF
[mysql] 2026/05/23 12:37:04 connection.go:49: unexpected EOF
[mysql] 2026/05/23 12:37:04 connection.go:49: unexpected EOF
[mysql] 2026/05/23 12:37:04 connection.go:49: unexpected EOF
[mysql] 2026/05/23 12:37:04 connection.go:49: unexpected EOF
[mysql] 2026/05/23 12:37:04 connection.go:49: unexpected EOF
[mysql] 2026/05/23 12:37:04 connection.go:49: unexpected EOF
[mysql] 2026/05/23 12:37:04 connection.go:49: unexpected EOF
[mysql] 2026/05/23 12:37:04 connection.go:49: unexpected EOF
[mysql] 2026/05/23 12:37:04 connection.go:49: unexpected EOF
[mysql] 2026/05/23 12:37:04 connection.go:49: unexpected EOF
[mysql] 2026/05/23 12:37:04 connection.go:49: unexpected EOF
[mysql] 2026/05/23 12:37:04 connection.go:49: unexpected EOF
[mysql] 2026/05/23 12:37:04 connection.go:49: unexpected EOF
[mysql] 2026/05/23 12:37:04 connection.go:49: unexpected EOF
[mysql] 2026/05/23 12:37:04 connection.go:49: unexpected EOF
[mysql] 2026/05/23 12:37:04 connection.go:49: unexpected EOF
[mysql] 2026/05/23 12:37:04 connection.go:49: unexpected EOF
[mysql] 2026/05/23 12:37:04 connection.go:49: unexpected EOF
[mysql] 2026/05/23 12:37:04 connection.go:49: unexpected EOF
[mysql] 2026/05/23 12:37:04 connection.go:49: unexpected EOF
[mysql] 2026/05/23 12:37:04 connection.go:49: unexpected EOF
[mysql] 2026/05/23 12:37:04 connection.go:49: unexpected EOF
[mysql] 2026/05/23 12:37:04 connection.go:49: unexpected EOF
[mysql] 2026/05/23 12:37:04 connection.go:49: unexpected EOF
[mysql] 2026/05/23 12:37:04 connection.go:49: unexpected EOF
[mysql] 2026/05/23 12:37:04 connection.go:49: unexpected EOF
[mysql] 2026/05/23 12:37:04 connection.go:49: unexpected EOF
[mysql] 2026/05/23 12:37:04 connection.go:49: unexpected EOF
[mysql] 2026/05/23 12:37:04 connection.go:49: unexpected EOF
[mysql] 2026/05/23 12:37:04 connection.go:49: unexpected EOF
[mysql] 2026/05/23 12:37:04 connection.go:49: unexpected EOF
[mysql] 2026/05/23 12:37:04 connection.go:49: unexpected EOF
[mysql] 2026/05/23 12:37:04 connection.go:49: unexpected EOF
[mysql] 2026/05/23 12:37:04 connection.go:49: unexpected EOF
[mysql] 2026/05/23 12:37:04 connection.go:49: unexpected EOF
[mysql] 2026/05/23 12:37:04 connection.go:49: unexpected EOF
[mysql] 2026/05/23 12:37:04 connection.go:49: unexpected EOF
[mysql] 2026/05/23 12:37:04 connection.go:49: unexpected EOF
[mysql] 2026/05/23 12:37:04 connection.go:49: unexpected EOF
[mysql] 2026/05/23 12:37:04 connection.go:49: unexpected EOF
[mysql] 2026/05/23 12:37:04 connection.go:49: unexpected EOF
[mysql] 2026/05/23 12:37:04 connection.go:49: unexpected EOF
[mysql] 2026/05/23 12:37:04 connection.go:49: unexpected EOF
[mysql] 2026/05/23 12:37:04 connection.go:49: unexpected EOF
[mysql] 2026/05/23 12:37:04 connection.go:49: unexpected EOF
[mysql] 2026/05/23 12:37:04 connection.go:49: unexpected EOF
[mysql] 2026/05/23 12:37:04 connection.go:49: unexpected EOF
[mysql] 2026/05/23 12:37:04 connection.go:49: unexpected EOF
[mysql] 2026/05/23 12:37:04 connection.go:49: unexpected EOF
[mysql] 2026/05/23 12:37:04 connection.go:49: unexpected EOF
[mysql] 2026/05/23 12:37:04 connection.go:49: unexpected EOF
[mysql] 2026/05/23 12:37:04 connection.go:49: unexpected EOF
[mysql] 2026/05/23 12:37:04 connection.go:49: unexpected EOF
[mysql] 2026/05/23 12:37:04 connection.go:49: unexpected EOF
[mysql] 2026/05/23 12:37:04 connection.go:49: unexpected EOF
[mysql] 2026/05/23 12:37:04 connection.go:49: unexpected EOF
[mysql] 2026/05/23 12:37:04 connection.go:49: unexpected EOF
[mysql] 2026/05/23 12:37:04 connection.go:49: unexpected EOF
[mysql] 2026/05/23 12:37:04 connection.go:49: unexpected EOF
[mysql] 2026/05/23 12:37:04 connection.go:49: unexpected EOF
[mysql] 2026/05/23 12:37:04 connection.go:49: unexpected EOF
[mysql] 2026/05/23 12:37:04 connection.go:49: unexpected EOF
[mysql] 2026/05/23 12:37:04 connection.go:49: unexpected EOF
[mysql] 2026/05/23 12:37:04 connection.go:49: unexpected EOF
[mysql] 2026/05/23 12:37:04 connection.go:49: unexpected EOF
[mysql] 2026/05/23 12:37:04 connection.go:49: unexpected EOF
[mysql] 2026/05/23 12:37:04 connection.go:49: unexpected EOF
[mysql] 2026/05/23 12:37:04 connection.go:49: unexpected EOF
[mysql] 2026/05/23 12:37:04 connection.go:49: unexpected EOF
[mysql] 2026/05/23 12:37:04 connection.go:49: unexpected EOF
[mysql] 2026/05/23 12:37:04 connection.go:49: unexpected EOF
[mysql] 2026/05/23 12:37:04 connection.go:49: unexpected EOF
[mysql] 2026/05/23 12:37:04 connection.go:49: unexpected EOF
[mysql] 2026/05/23 12:37:04 connection.go:49: unexpected EOF
[mysql] 2026/05/23 12:37:04 connection.go:49: unexpected EOF
[mysql] 2026/05/23 12:37:04 connection.go:49: unexpected EOF
[mysql] 2026/05/23 12:37:04 connection.go:49: unexpected EOF
[mysql] 2026/05/23 12:37:04 connection.go:49: unexpected EOF
[mysql] 2026/05/23 12:37:04 connection.go:49: unexpected EOF
[mysql] 2026/05/23 12:37:04 connection.go:49: unexpected EOF
[mysql] 2026/05/23 12:37:04 connection.go:49: unexpected EOF
[mysql] 2026/05/23 12:37:04 connection.go:49: unexpected EOF
[mysql] 2026/05/23 12:37:04 connection.go:49: unexpected EOF
[mysql] 2026/05/23 12:37:04 connection.go:49: unexpected EOF
[mysql] 2026/05/23 12:37:04 connection.go:49: unexpected EOF
[mysql] 2026/05/23 12:37:04 connection.go:49: unexpected EOF
[mysql] 2026/05/23 12:37:04 connection.go:49: unexpected EOF
[mysql] 2026/05/23 12:37:04 connection.go:49: unexpected EOF
[mysql] 2026/05/23 12:37:04 connection.go:49: unexpected EOF
[mysql] 2026/05/23 12:37:04 connection.go:49: unexpected EOF
[mysql] 2026/05/23 12:37:04 connection.go:49: unexpected EOF
[mysql] 2026/05/23 12:37:04 connection.go:49: unexpected EOF
[mysql] 2026/05/23 12:37:04 connection.go:49: unexpected EOF
[mysql] 2026/05/23 12:37:04 connection.go:49: unexpected EOF
[mysql] 2026/05/23 12:37:04 connection.go:49: unexpected EOF
[mysql] 2026/05/23 12:37:04 connection.go:49: unexpected EOF
[mysql] 2026/05/23 12:37:04 connection.go:49: unexpected EOF
[mysql] 2026/05/23 12:37:04 connection.go:49: unexpected EOF
[mysql] 2026/05/23 12:37:04 connection.go:49: unexpected EOF
[mysql] 2026/05/23 12:37:04 connection.go:49: unexpected EOF
[mysql] 2026/05/23 12:37:04 connection.go:49: unexpected EOF
[mysql] 2026/05/23 12:37:04 connection.go:49: unexpected EOF
[mysql] 2026/05/23 12:37:04 connection.go:49: unexpected EOF
[mysql] 2026/05/23 12:37:04 connection.go:49: unexpected EOF
[mysql] 2026/05/23 12:37:04 connection.go:49: unexpected EOF
[mysql] 2026/05/23 12:37:04 connection.go:49: unexpected EOF
[mysql] 2026/05/23 12:37:04 connection.go:49: unexpected EOF
[mysql] 2026/05/23 12:37:04 connection.go:49: unexpected EOF
[mysql] 2026/05/23 12:37:04 connection.go:49: unexpected EOF
[mysql] 2026/05/23 12:37:04 connection.go:49: unexpected EOF
[mysql] 2026/05/23 12:37:04 connection.go:49: unexpected EOF
[mysql] 2026/05/23 12:37:04 connection.go:49: unexpected EOF
[mysql] 2026/05/23 12:37:04 connection.go:49: unexpected EOF
[mysql] 2026/05/23 12:37:04 connection.go:49: unexpected EOF
[mysql] 2026/05/23 12:37:04 connection.go:49: unexpected EOF
[mysql] 2026/05/23 12:37:04 connection.go:49: unexpected EOF
[mysql] 2026/05/23 12:37:04 connection.go:49: unexpected EOF
[mysql] 2026/05/23 12:37:04 connection.go:49: unexpected EOF
[mysql] 2026/05/23 12:37:04 connection.go:49: unexpected EOF
[mysql] 2026/05/23 12:37:04 connection.go:49: unexpected EOF
[mysql] 2026/05/23 12:37:04 connection.go:49: unexpected EOF
[mysql] 2026/05/23 12:37:04 connection.go:49: unexpected EOF
[mysql] 2026/05/23 12:37:04 connection.go:49: unexpected EOF
[mysql] 2026/05/23 12:37:04 connection.go:49: unexpected EOF
[mysql] 2026/05/23 12:37:04 connection.go:49: unexpected EOF
[mysql] 2026/05/23 12:37:04 connection.go:49: unexpected EOF
[mysql] 2026/05/23 12:37:04 connection.go:49: unexpected EOF
[mysql] 2026/05/23 12:37:04 connection.go:49: unexpected EOF
[mysql] 2026/05/23 12:37:04 connection.go:49: unexpected EOF
[mysql] 2026/05/23 12:37:04 connection.go:49: unexpected EOF
[mysql] 2026/05/23 12:37:04 connection.go:49: unexpected EOF
[mysql] 2026/05/23 12:37:04 connection.go:49: unexpected EOF
[mysql] 2026/05/23 12:37:04 connection.go:49: unexpected EOF
[mysql] 2026/05/23 12:37:04 connection.go:49: unexpected EOF
[mysql] 2026/05/23 12:37:04 connection.go:49: unexpected EOF
[mysql] 2026/05/23 12:37:04 connection.go:49: unexpected EOF
[mysql] 2026/05/23 12:37:04 connection.go:49: unexpected EOF
[mysql] 2026/05/23 12:37:04 connection.go:49: unexpected EOF
[mysql] 2026/05/23 12:37:04 connection.go:49: unexpected EOF
[mysql] 2026/05/23 12:37:04 connection.go:49: unexpected EOF
[mysql] 2026/05/23 12:37:04 connection.go:49: unexpected EOF
[mysql] 2026/05/23 12:37:04 connection.go:49: unexpected EOF
[mysql] 2026/05/23 12:37:04 connection.go:49: unexpected EOF
[mysql] 2026/05/23 12:37:04 connection.go:49: unexpected EOF
[mysql] 2026/05/23 12:37:04 connection.go:49: unexpected EOF
[mysql] 2026/05/23 12:37:04 connection.go:49: unexpected EOF
[mysql] 2026/05/23 12:37:04 connection.go:49: unexpected EOF
[mysql] 2026/05/23 12:37:04 connection.go:49: unexpected EOF
[mysql] 2026/05/23 12:37:04 connection.go:49: unexpected EOF
[mysql] 2026/05/23 12:37:04 connection.go:49: unexpected EOF
[mysql] 2026/05/23 12:37:04 connection.go:49: unexpected EOF
[mysql] 2026/05/23 12:37:04 connection.go:49: unexpected EOF
[mysql] 2026/05/23 12:37:04 connection.go:49: unexpected EOF
[mysql] 2026/05/23 12:37:04 connection.go:49: unexpected EOF
[mysql] 2026/05/23 12:37:04 connection.go:49: unexpected EOF
[mysql] 2026/05/23 12:37:04 connection.go:49: unexpected EOF
[mysql] 2026/05/23 12:37:04 connection.go:49: unexpected EOF
[mysql] 2026/05/23 12:37:04 connection.go:49: unexpected EOF
[mysql] 2026/05/23 12:37:04 connection.go:49: unexpected EOF
[mysql] 2026/05/23 12:37:04 connection.go:49: unexpected EOF
[mysql] 2026/05/23 12:37:04 connection.go:49: unexpected EOF
[mysql] 2026/05/23 12:37:04 connection.go:49: unexpected EOF
[mysql] 2026/05/23 12:37:04 connection.go:49: unexpected EOF
[mysql] 2026/05/23 12:37:04 connection.go:49: unexpected EOF
[mysql] 2026/05/23 12:37:04 connection.go:49: unexpected EOF
[mysql] 2026/05/23 12:37:04 connection.go:49: unexpected EOF
[mysql] 2026/05/23 12:37:04 connection.go:49: unexpected EOF
[mysql] 2026/05/23 12:37:04 connection.go:49: unexpected EOF
[mysql] 2026/05/23 12:37:04 connection.go:49: unexpected EOF
[mysql] 2026/05/23 12:37:04 connection.go:49: unexpected EOF
[mysql] 2026/05/23 12:37:04 connection.go:49: unexpected EOF
[mysql] 2026/05/23 12:37:04 connection.go:49: unexpected EOF
[mysql] 2026/05/23 12:37:04 connection.go:49: unexpected EOF
[mysql] 2026/05/23 12:37:04 connection.go:49: unexpected EOF
[mysql] 2026/05/23 12:37:04 connection.go:49: unexpected EOF
[mysql] 2026/05/23 12:37:04 connection.go:49: unexpected EOF
[mysql] 2026/05/23 12:37:04 connection.go:49: unexpected EOF
[mysql] 2026/05/23 12:37:04 connection.go:49: unexpected EOF
[mysql] 2026/05/23 12:37:04 connection.go:49: unexpected EOF
[mysql] 2026/05/23 12:37:04 connection.go:49: unexpected EOF
[mysql] 2026/05/23 12:37:04 connection.go:49: unexpected EOF
[mysql] 2026/05/23 12:37:04 connection.go:49: unexpected EOF
[mysql] 2026/05/23 12:37:04 connection.go:49: unexpected EOF
[mysql] 2026/05/23 12:37:04 connection.go:49: unexpected EOF
[mysql] 2026/05/23 12:37:04 connection.go:49: unexpected EOF
[mysql] 2026/05/23 12:37:04 connection.go:49: unexpected EOF
[mysql] 2026/05/23 12:37:04 connection.go:49: unexpected EOF
[mysql] 2026/05/23 12:37:04 connection.go:49: unexpected EOF
[mysql] 2026/05/23 12:37:04 connection.go:49: unexpected EOF
[mysql] 2026/05/23 12:37:04 connection.go:49: unexpected EOF
[mysql] 2026/05/23 12:37:04 connection.go:49: unexpected EOF
[mysql] 2026/05/23 12:37:04 connection.go:49: unexpected EOF
[mysql] 2026/05/23 12:37:04 connection.go:49: unexpected EOF
[mysql] 2026/05/23 12:37:04 connection.go:49: unexpected EOF
[mysql] 2026/05/23 12:37:04 connection.go:49: unexpected EOF
[mysql] 2026/05/23 12:37:04 connection.go:49: unexpected EOF
[mysql] 2026/05/23 12:37:04 connection.go:49: unexpected EOF
[mysql] 2026/05/23 12:37:04 connection.go:49: unexpected EOF
[mysql] 2026/05/23 12:37:04 connection.go:49: unexpected EOF
[mysql] 2026/05/23 12:37:04 connection.go:49: unexpected EOF
[mysql] 2026/05/23 12:37:04 connection.go:49: unexpected EOF
[mysql] 2026/05/23 12:37:04 connection.go:49: unexpected EOF
[mysql] 2026/05/23 12:37:04 connection.go:49: unexpected EOF
[mysql] 2026/05/23 12:37:04 connection.go:49: unexpected EOF
[mysql] 2026/05/23 12:37:04 connection.go:49: unexpected EOF
[mysql] 2026/05/23 12:37:04 connection.go:49: unexpected EOF
[mysql] 2026/05/23 12:37:04 connection.go:49: unexpected EOF
[mysql] 2026/05/23 12:37:04 connection.go:49: unexpected EOF
[mysql] 2026/05/23 12:37:04 connection.go:49: unexpected EOF
[mysql] 2026/05/23 12:37:04 connection.go:49: unexpected EOF
[mysql] 2026/05/23 12:37:04 connection.go:49: unexpected EOF
[mysql] 2026/05/23 12:37:04 connection.go:49: unexpected EOF
[mysql] 2026/05/23 12:37:04 connection.go:49: unexpected EOF
[mysql] 2026/05/23 12:37:04 connection.go:49: unexpected EOF
[mysql] 2026/05/23 12:37:04 connection.go:49: unexpected EOF
[mysql] 2026/05/23 12:37:04 connection.go:49: unexpected EOF
[mysql] 2026/05/23 12:37:04 connection.go:49: unexpected EOF
[mysql] 2026/05/23 12:37:04 connection.go:49: unexpected EOF
[mysql] 2026/05/23 12:37:04 connection.go:49: unexpected EOF
[mysql] 2026/05/23 12:37:04 connection.go:49: unexpected EOF
[mysql] 2026/05/23 12:37:04 connection.go:49: unexpected EOF
[mysql] 2026/05/23 12:37:04 connection.go:49: unexpected EOF
[mysql] 2026/05/23 12:37:04 connection.go:49: unexpected EOF
[mysql] 2026/05/23 12:37:04 connection.go:49: unexpected EOF
[mysql] 2026/05/23 12:37:04 connection.go:49: unexpected EOF
[mysql] 2026/05/23 12:37:04 connection.go:49: unexpected EOF
[mysql] 2026/05/23 12:37:04 connection.go:49: unexpected EOF
[mysql] 2026/05/23 12:37:04 connection.go:49: unexpected EOF
[mysql] 2026/05/23 12:37:04 connection.go:49: unexpected EOF
[mysql] 2026/05/23 12:37:04 connection.go:49: unexpected EOF
[mysql] 2026/05/23 12:37:04 connection.go:49: unexpected EOF
[mysql] 2026/05/23 12:37:04 connection.go:49: unexpected EOF
[mysql] 2026/05/23 12:37:04 connection.go:49: unexpected EOF
[mysql] 2026/05/23 12:37:04 connection.go:49: unexpected EOF
[mysql] 2026/05/23 12:37:04 connection.go:49: unexpected EOF
[mysql] 2026/05/23 12:37:04 connection.go:49: unexpected EOF
[mysql] 2026/05/23 12:37:04 connection.go:49: unexpected EOF
[mysql] 2026/05/23 12:37:04 connection.go:49: unexpected EOF
[mysql] 2026/05/23 12:37:04 connection.go:49: unexpected EOF
[mysql] 2026/05/23 12:37:04 connection.go:49: unexpected EOF
[mysql] 2026/05/23 12:37:04 connection.go:49: unexpected EOF
[mysql] 2026/05/23 12:37:04 connection.go:49: unexpected EOF
[mysql] 2026/05/23 12:37:04 connection.go:49: unexpected EOF
[mysql] 2026/05/23 12:37:04 connection.go:49: unexpected EOF
[mysql] 2026/05/23 12:37:04 connection.go:49: unexpected EOF
[mysql] 2026/05/23 12:37:04 connection.go:49: unexpected EOF
[mysql] 2026/05/23 12:37:04 connection.go:49: unexpected EOF
[mysql] 2026/05/23 12:37:04 connection.go:49: unexpected EOF
[mysql] 2026/05/23 12:37:04 connection.go:49: unexpected EOF
[mysql] 2026/05/23 12:37:04 connection.go:49: unexpected EOF
[mysql] 2026/05/23 12:37:04 connection.go:49: unexpected EOF
[mysql] 2026/05/23 12:37:04 connection.go:49: unexpected EOF
[mysql] 2026/05/23 12:37:04 connection.go:49: unexpected EOF
[mysql] 2026/05/23 12:37:04 connection.go:49: unexpected EOF
[mysql] 2026/05/23 12:37:04 connection.go:49: unexpected EOF
[mysql] 2026/05/23 12:37:04 connection.go:49: unexpected EOF
[mysql] 2026/05/23 12:37:04 connection.go:49: unexpected EOF
[mysql] 2026/05/23 12:37:04 connection.go:49: unexpected EOF
[mysql] 2026/05/23 12:37:04 connection.go:49: unexpected EOF
[mysql] 2026/05/23 12:37:04 connection.go:49: unexpected EOF
[mysql] 2026/05/23 12:37:04 connection.go:49: unexpected EOF
[mysql] 2026/05/23 12:37:04 connection.go:49: unexpected EOF
[mysql] 2026/05/23 12:37:04 connection.go:49: unexpected EOF
[mysql] 2026/05/23 12:37:04 connection.go:49: unexpected EOF
[mysql] 2026/05/23 12:37:04 connection.go:49: unexpected EOF
[mysql] 2026/05/23 12:37:04 connection.go:49: unexpected EOF
[mysql] 2026/05/23 12:37:04 connection.go:49: unexpected EOF
[mysql] 2026/05/23 12:37:04 connection.go:49: unexpected EOF
[mysql] 2026/05/23 12:37:04 connection.go:49: unexpected EOF
[mysql] 2026/05/23 12:37:04 connection.go:49: unexpected EOF
[mysql] 2026/05/23 12:37:04 connection.go:49: unexpected EOF
[mysql] 2026/05/23 12:37:04 connection.go:49: unexpected EOF
[mysql] 2026/05/23 12:37:04 connection.go:49: unexpected EOF
[mysql] 2026/05/23 12:37:04 connection.go:49: unexpected EOF
[mysql] 2026/05/23 12:37:04 connection.go:49: unexpected EOF
[mysql] 2026/05/23 12:37:04 connection.go:49: unexpected EOF
[mysql] 2026/05/23 12:37:04 connection.go:49: unexpected EOF
[mysql] 2026/05/23 12:37:04 connection.go:49: unexpected EOF
[mysql] 2026/05/23 12:37:04 connection.go:49: unexpected EOF
[mysql] 2026/05/23 12:37:04 connection.go:49: unexpected EOF
[mysql] 2026/05/23 12:37:04 connection.go:49: unexpected EOF
[mysql] 2026/05/23 12:37:04 connection.go:49: unexpected EOF
[mysql] 2026/05/23 12:37:04 connection.go:49: unexpected EOF
[mysql] 2026/05/23 12:37:04 connection.go:49: unexpected EOF
[mysql] 2026/05/23 12:37:04 connection.go:49: unexpected EOF
[mysql] 2026/05/23 12:37:04 connection.go:49: unexpected EOF
[mysql] 2026/05/23 12:37:04 connection.go:49: unexpected EOF
[mysql] 2026/05/23 12:37:04 connection.go:49: unexpected EOF
[mysql] 2026/05/23 12:37:04 connection.go:49: unexpected EOF
[mysql] 2026/05/23 12:37:04 connection.go:49: unexpected EOF
[mysql] 2026/05/23 12:37:04 connection.go:49: unexpected EOF
[mysql] 2026/05/23 12:37:04 connection.go:49: unexpected EOF
[mysql] 2026/05/23 12:37:04 connection.go:49: unexpected EOF
[mysql] 2026/05/23 12:37:04 connection.go:49: unexpected EOF
[mysql] 2026/05/23 12:37:04 connection.go:49: unexpected EOF
[mysql] 2026/05/23 12:37:04 connection.go:49: unexpected EOF
[mysql] 2026/05/23 12:37:04 connection.go:49: unexpected EOF
[mysql] 2026/05/23 12:37:04 connection.go:49: unexpected EOF
[mysql] 2026/05/23 12:37:04 connection.go:49: unexpected EOF
[mysql] 2026/05/23 12:37:04 connection.go:49: unexpected EOF
[mysql] 2026/05/23 12:37:04 connection.go:49: unexpected EOF
[mysql] 2026/05/23 12:37:04 connection.go:49: unexpected EOF
[mysql] 2026/05/23 12:37:04 connection.go:49: unexpected EOF
[mysql] 2026/05/23 12:37:04 connection.go:49: unexpected EOF
[mysql] 2026/05/23 12:37:04 connection.go:49: unexpected EOF
[mysql] 2026/05/23 12:37:04 connection.go:49: unexpected EOF
[mysql] 2026/05/23 12:37:04 connection.go:49: unexpected EOF
[mysql] 2026/05/23 12:37:04 connection.go:49: unexpected EOF
[mysql] 2026/05/23 12:37:04 connection.go:49: unexpected EOF
[mysql] 2026/05/23 12:37:04 connection.go:49: unexpected EOF
[mysql] 2026/05/23 12:37:04 connection.go:49: unexpected EOF
[mysql] 2026/05/23 12:37:04 connection.go:49: unexpected EOF
[mysql] 2026/05/23 12:37:04 connection.go:49: unexpected EOF
[mysql] 2026/05/23 12:37:04 connection.go:49: unexpected EOF
[mysql] 2026/05/23 12:37:04 connection.go:49: unexpected EOF
[mysql] 2026/05/23 12:37:04 connection.go:49: unexpected EOF
[mysql] 2026/05/23 12:37:04 connection.go:49: unexpected EOF
[mysql] 2026/05/23 12:37:04 connection.go:49: unexpected EOF
[mysql] 2026/05/23 12:37:04 connection.go:49: unexpected EOF
[mysql] 2026/05/23 12:37:04 connection.go:49: unexpected EOF
[mysql] 2026/05/23 12:37:04 connection.go:49: unexpected EOF
[mysql] 2026/05/23 12:37:04 connection.go:49: unexpected EOF
[mysql] 2026/05/23 12:37:04 connection.go:49: unexpected EOF
[mysql] 2026/05/23 12:37:04 connection.go:49: unexpected EOF
[mysql] 2026/05/23 12:37:04 connection.go:49: unexpected EOF
[mysql] 2026/05/23 12:37:04 connection.go:49: unexpected EOF
[mysql] 2026/05/23 12:37:04 connection.go:49: unexpected EOF
[mysql] 2026/05/23 12:37:04 connection.go:49: unexpected EOF
[mysql] 2026/05/23 12:37:04 connection.go:49: unexpected EOF
[mysql] 2026/05/23 12:37:04 connection.go:49: unexpected EOF
[mysql] 2026/05/23 12:37:04 connection.go:49: unexpected EOF
[mysql] 2026/05/23 12:37:04 connection.go:49: unexpected EOF
[mysql] 2026/05/23 12:37:04 connection.go:49: unexpected EOF
[mysql] 2026/05/23 12:37:04 connection.go:49: unexpected EOF
[mysql] 2026/05/23 12:37:04 connection.go:49: unexpected EOF
[mysql] 2026/05/23 12:37:04 connection.go:49: unexpected EOF
[mysql] 2026/05/23 12:37:04 connection.go:49: unexpected EOF
[mysql] 2026/05/23 12:37:04 connection.go:49: unexpected EOF
[mysql] 2026/05/23 12:37:04 connection.go:49: unexpected EOF
[mysql] 2026/05/23 12:37:04 connection.go:49: unexpected EOF
[mysql] 2026/05/23 12:37:04 connection.go:49: unexpected EOF
[mysql] 2026/05/23 12:37:04 connection.go:49: unexpected EOF
[mysql] 2026/05/23 12:37:04 connection.go:49: unexpected EOF
[mysql] 2026/05/23 12:37:04 connection.go:49: unexpected EOF
[mysql] 2026/05/23 12:37:04 connection.go:49: unexpected EOF
[mysql] 2026/05/23 12:37:04 connection.go:49: unexpected EOF
[mysql] 2026/05/23 12:37:04 connection.go:49: unexpected EOF
[mysql] 2026/05/23 12:37:04 connection.go:49: unexpected EOF
[mysql] 2026/05/23 12:37:04 connection.go:49: unexpected EOF
[mysql] 2026/05/23 12:37:04 connection.go:49: unexpected EOF
[mysql] 2026/05/23 12:37:04 connection.go:49: unexpected EOF
[mysql] 2026/05/23 12:37:04 connection.go:49: unexpected EOF
[mysql] 2026/05/23 12:37:04 connection.go:49: unexpected EOF
[mysql] 2026/05/23 12:37:04 connection.go:49: unexpected EOF
[mysql] 2026/05/23 12:37:04 connection.go:49: unexpected EOF
[mysql] 2026/05/23 12:37:04 connection.go:49: unexpected EOF
[mysql] 2026/05/23 12:37:04 connection.go:49: unexpected EOF
[mysql] 2026/05/23 12:37:04 connection.go:49: unexpected EOF
[mysql] 2026/05/23 12:37:04 connection.go:49: unexpected EOF
[mysql] 2026/05/23 12:37:04 connection.go:49: unexpected EOF
[mysql] 2026/05/23 12:37:04 connection.go:49: unexpected EOF
[mysql] 2026/05/23 12:37:04 connection.go:49: unexpected EOF
[mysql] 2026/05/23 12:37:04 connection.go:49: unexpected EOF
[mysql] 2026/05/23 12:37:04 connection.go:49: unexpected EOF
[mysql] 2026/05/23 12:37:04 connection.go:49: unexpected EOF
[mysql] 2026/05/23 12:37:04 connection.go:49: unexpected EOF
[mysql] 2026/05/23 12:37:04 connection.go:49: unexpected EOF
[mysql] 2026/05/23 12:37:04 connection.go:49: unexpected EOF
[mysql] 2026/05/23 12:37:04 connection.go:49: unexpected EOF
[mysql] 2026/05/23 12:37:04 connection.go:49: unexpected EOF
[mysql] 2026/05/23 12:37:04 connection.go:49: unexpected EOF
[mysql] 2026/05/23 12:37:04 connection.go:49: unexpected EOF
[mysql] 2026/05/23 12:37:04 connection.go:49: unexpected EOF
[mysql] 2026/05/23 12:37:04 connection.go:49: unexpected EOF
[mysql] 2026/05/23 12:37:04 connection.go:49: unexpected EOF
[mysql] 2026/05/23 12:37:04 connection.go:49: unexpected EOF
[mysql] 2026/05/23 12:37:04 connection.go:49: unexpected EOF
[mysql] 2026/05/23 12:37:04 connection.go:49: unexpected EOF
[mysql] 2026/05/23 12:37:04 connection.go:49: unexpected EOF
[mysql] 2026/05/23 12:37:04 connection.go:49: unexpected EOF
[mysql] 2026/05/23 12:37:04 connection.go:49: unexpected EOF
[mysql] 2026/05/23 12:37:04 connection.go:49: unexpected EOF
[mysql] 2026/05/23 12:37:04 connection.go:49: unexpected EOF
[mysql] 2026/05/23 12:37:04 connection.go:49: unexpected EOF
[mysql] 2026/05/23 12:37:04 connection.go:49: unexpected EOF
[mysql] 2026/05/23 12:37:04 connection.go:49: unexpected EOF
[mysql] 2026/05/23 12:37:04 connection.go:49: unexpected EOF
[mysql] 2026/05/23 12:37:04 connection.go:49: unexpected EOF
[mysql] 2026/05/23 12:37:04 connection.go:49: unexpected EOF
[mysql] 2026/05/23 12:37:04 connection.go:49: unexpected EOF
[mysql] 2026/05/23 12:37:04 connection.go:49: unexpected EOF
[mysql] 2026/05/23 12:37:04 connection.go:49: unexpected EOF
[mysql] 2026/05/23 12:37:04 connection.go:49: unexpected EOF
[mysql] 2026/05/23 12:37:04 connection.go:49: unexpected EOF
[mysql] 2026/05/23 12:37:04 connection.go:49: unexpected EOF
[mysql] 2026/05/23 12:37:04 connection.go:49: unexpected EOF
[mysql] 2026/05/23 12:37:04 connection.go:49: unexpected EOF
[mysql] 2026/05/23 12:37:04 connection.go:49: unexpected EOF
[mysql] 2026/05/23 12:37:04 connection.go:49: unexpected EOF
[mysql] 2026/05/23 12:37:04 connection.go:49: unexpected EOF
[mysql] 2026/05/23 12:37:04 connection.go:49: unexpected EOF
[mysql] 2026/05/23 12:37:04 connection.go:49: unexpected EOF
[mysql] 2026/05/23 12:37:04 connection.go:49: unexpected EOF
[mysql] 2026/05/23 12:37:04 connection.go:49: unexpected EOF
[mysql] 2026/05/23 12:37:04 connection.go:49: unexpected EOF
[mysql] 2026/05/23 12:37:04 connection.go:49: unexpected EOF
[mysql] 2026/05/23 12:37:04 connection.go:49: unexpected EOF
[mysql] 2026/05/23 12:37:04 connection.go:49: unexpected EOF
[mysql] 2026/05/23 12:37:04 connection.go:49: unexpected EOF
[mysql] 2026/05/23 12:37:04 connection.go:49: unexpected EOF
[mysql] 2026/05/23 12:37:04 connection.go:49: unexpected EOF
[mysql] 2026/05/23 12:37:04 connection.go:49: unexpected EOF
[mysql] 2026/05/23 12:37:04 connection.go:49: unexpected EOF
[mysql] 2026/05/23 12:37:04 connection.go:49: unexpected EOF
[mysql] 2026/05/23 12:37:04 connection.go:49: unexpected EOF
[mysql] 2026/05/23 12:37:04 connection.go:49: unexpected EOF
[mysql] 2026/05/23 12:37:04 connection.go:49: unexpected EOF
[mysql] 2026/05/23 12:37:04 connection.go:49: unexpected EOF
[mysql] 2026/05/23 12:37:04 connection.go:49: unexpected EOF
[mysql] 2026/05/23 12:37:04 connection.go:49: unexpected EOF
[mysql] 2026/05/23 12:37:04 connection.go:49: unexpected EOF
[mysql] 2026/05/23 12:37:04 connection.go:49: unexpected EOF
[mysql] 2026/05/23 12:37:04 connection.go:49: unexpected EOF
[mysql] 2026/05/23 12:37:04 connection.go:49: unexpected EOF
[mysql] 2026/05/23 12:37:04 connection.go:49: unexpected EOF
[mysql] 2026/05/23 12:37:04 connection.go:49: unexpected EOF
[mysql] 2026/05/23 12:37:04 connection.go:49: unexpected EOF
[mysql] 2026/05/23 12:37:04 connection.go:49: unexpected EOF
[mysql] 2026/05/23 12:37:04 connection.go:49: unexpected EOF
[mysql] 2026/05/23 12:37:04 connection.go:49: unexpected EOF
[mysql] 2026/05/23 12:37:04 connection.go:49: unexpected EOF
[mysql] 2026/05/23 12:37:04 connection.go:49: unexpected EOF
[mysql] 2026/05/23 12:37:04 connection.go:49: unexpected EOF
[mysql] 2026/05/23 12:37:04 connection.go:49: unexpected EOF
[mysql] 2026/05/23 12:37:04 connection.go:49: unexpected EOF
[mysql] 2026/05/23 12:37:04 connection.go:49: unexpected EOF
[mysql] 2026/05/23 12:37:04 connection.go:49: unexpected EOF
[mysql] 2026/05/23 12:37:04 connection.go:49: unexpected EOF
[mysql] 2026/05/23 12:37:04 connection.go:49: unexpected EOF
[mysql] 2026/05/23 12:37:04 connection.go:49: unexpected EOF
[mysql] 2026/05/23 12:37:04 connection.go:49: unexpected EOF
[mysql] 2026/05/23 12:37:04 connection.go:49: unexpected EOF
[mysql] 2026/05/23 12:37:04 connection.go:49: unexpected EOF
[mysql] 2026/05/23 12:37:04 connection.go:49: unexpected EOF
[mysql] 2026/05/23 12:37:04 connection.go:49: unexpected EOF
[mysql] 2026/05/23 12:37:04 connection.go:49: unexpected EOF
[mysql] 2026/05/23 12:37:04 connection.go:49: unexpected EOF
[mysql] 2026/05/23 12:37:04 connection.go:49: unexpected EOF
[mysql] 2026/05/23 12:37:04 connection.go:49: unexpected EOF
[mysql] 2026/05/23 12:37:04 connection.go:49: unexpected EOF
[mysql] 2026/05/23 12:37:04 connection.go:49: unexpected EOF
[mysql] 2026/05/23 12:37:04 connection.go:49: unexpected EOF
[mysql] 2026/05/23 12:37:04 connection.go:49: unexpected EOF
[mysql] 2026/05/23 12:37:04 connection.go:49: unexpected EOF
[mysql] 2026/05/23 12:37:04 connection.go:49: unexpected EOF
[mysql] 2026/05/23 12:37:04 connection.go:49: unexpected EOF
[mysql] 2026/05/23 12:37:04 connection.go:49: unexpected EOF
[mysql] 2026/05/23 12:37:04 connection.go:49: unexpected EOF
[mysql] 2026/05/23 12:37:04 connection.go:49: unexpected EOF
[mysql] 2026/05/23 12:37:04 connection.go:49: unexpected EOF
[mysql] 2026/05/23 12:37:04 connection.go:49: unexpected EOF
[mysql] 2026/05/23 12:37:04 connection.go:49: unexpected EOF
[mysql] 2026/05/23 12:37:04 connection.go:49: unexpected EOF
[mysql] 2026/05/23 12:37:04 connection.go:49: unexpected EOF
[mysql] 2026/05/23 12:37:04 connection.go:49: unexpected EOF
[mysql] 2026/05/23 12:37:04 connection.go:49: unexpected EOF
[mysql] 2026/05/23 12:37:04 connection.go:49: unexpected EOF
[mysql] 2026/05/23 12:37:04 connection.go:49: unexpected EOF
[mysql] 2026/05/23 12:37:04 connection.go:49: unexpected EOF
[mysql] 2026/05/23 12:37:04 connection.go:49: unexpected EOF
[mysql] 2026/05/23 12:37:04 connection.go:49: unexpected EOF
[mysql] 2026/05/23 12:37:04 connection.go:49: unexpected EOF
[mysql] 2026/05/23 12:37:04 connection.go:49: unexpected EOF
[mysql] 2026/05/23 12:37:04 connection.go:49: unexpected EOF
[mysql] 2026/05/23 12:37:04 connection.go:49: unexpected EOF
[mysql] 2026/05/23 12:37:04 connection.go:49: unexpected EOF
[mysql] 2026/05/23 12:37:04 connection.go:49: unexpected EOF
[mysql] 2026/05/23 12:37:04 connection.go:49: unexpected EOF
[mysql] 2026/05/23 12:37:04 connection.go:49: unexpected EOF
[mysql] 2026/05/23 12:37:04 connection.go:49: unexpected EOF
[mysql] 2026/05/23 12:37:04 connection.go:49: unexpected EOF
[mysql] 2026/05/23 12:37:04 connection.go:49: unexpected EOF
[mysql] 2026/05/23 12:37:04 connection.go:49: unexpected EOF
[mysql] 2026/05/23 12:37:04 connection.go:49: unexpected EOF
[mysql] 2026/05/23 12:37:04 connection.go:49: unexpected EOF
[mysql] 2026/05/23 12:37:04 connection.go:49: unexpected EOF
[mysql] 2026/05/23 12:37:04 connection.go:49: unexpected EOF
[mysql] 2026/05/23 12:37:04 connection.go:49: unexpected EOF
[mysql] 2026/05/23 12:37:04 connection.go:49: unexpected EOF
[mysql] 2026/05/23 12:37:04 connection.go:49: unexpected EOF
[mysql] 2026/05/23 12:37:04 connection.go:49: unexpected EOF
[mysql] 2026/05/23 12:37:04 connection.go:49: unexpected EOF
[mysql] 2026/05/23 12:37:04 connection.go:49: unexpected EOF
[mysql] 2026/05/23 12:37:04 connection.go:49: unexpected EOF
[mysql] 2026/05/23 12:37:04 connection.go:49: unexpected EOF
[mysql] 2026/05/23 12:37:04 connection.go:49: unexpected EOF
[mysql] 2026/05/23 12:37:04 connection.go:49: unexpected EOF
[mysql] 2026/05/23 12:37:04 connection.go:49: unexpected EOF
[mysql] 2026/05/23 12:37:04 connection.go:49: unexpected EOF
[mysql] 2026/05/23 12:37:04 connection.go:49: unexpected EOF
[mysql] 2026/05/23 12:37:04 connection.go:49: unexpected EOF
[mysql] 2026/05/23 12:37:04 connection.go:49: unexpected EOF
[mysql] 2026/05/23 12:37:04 connection.go:49: unexpected EOF
[mysql] 2026/05/23 12:37:04 connection.go:49: unexpected EOF
[mysql] 2026/05/23 12:37:04 connection.go:49: unexpected EOF
[mysql] 2026/05/23 12:37:04 connection.go:49: unexpected EOF
[mysql] 2026/05/23 12:37:04 connection.go:49: unexpected EOF
[mysql] 2026/05/23 12:37:04 connection.go:49: unexpected EOF
[mysql] 2026/05/23 12:37:04 connection.go:49: unexpected EOF
[mysql] 2026/05/23 12:37:04 connection.go:49: unexpected EOF
[mysql] 2026/05/23 12:37:04 connection.go:49: unexpected EOF
[mysql] 2026/05/23 12:37:04 connection.go:49: unexpected EOF
[mysql] 2026/05/23 12:37:04 connection.go:49: unexpected EOF
[mysql] 2026/05/23 12:37:04 connection.go:49: unexpected EOF
[mysql] 2026/05/23 12:37:04 connection.go:49: unexpected EOF
[mysql] 2026/05/23 12:37:04 connection.go:49: unexpected EOF
[mysql] 2026/05/23 12:37:04 connection.go:49: unexpected EOF
[mysql] 2026/05/23 12:37:04 connection.go:49: unexpected EOF
[mysql] 2026/05/23 12:37:04 connection.go:49: unexpected EOF
[mysql] 2026/05/23 12:37:04 connection.go:49: unexpected EOF
[mysql] 2026/05/23 12:37:04 connection.go:49: unexpected EOF
[mysql] 2026/05/23 12:37:04 connection.go:49: unexpected EOF
[mysql] 2026/05/23 12:37:04 connection.go:49: unexpected EOF
[mysql] 2026/05/23 12:37:04 connection.go:49: unexpected EOF
[mysql] 2026/05/23 12:37:04 connection.go:49: unexpected EOF
[mysql] 2026/05/23 12:37:04 connection.go:49: unexpected EOF
[mysql] 2026/05/23 12:37:04 connection.go:49: unexpected EOF
[mysql] 2026/05/23 12:37:04 connection.go:49: unexpected EOF
[mysql] 2026/05/23 12:37:04 connection.go:49: unexpected EOF
[mysql] 2026/05/23 12:37:04 connection.go:49: unexpected EOF
[mysql] 2026/05/23 12:37:04 connection.go:49: unexpected EOF
[mysql] 2026/05/23 12:37:04 connection.go:49: unexpected EOF
[mysql] 2026/05/23 12:37:04 connection.go:49: unexpected EOF
[mysql] 2026/05/23 12:37:04 connection.go:49: unexpected EOF
[mysql] 2026/05/23 12:37:04 connection.go:49: unexpected EOF
[mysql] 2026/05/23 12:37:04 connection.go:49: unexpected EOF
[mysql] 2026/05/23 12:37:04 connection.go:49: unexpected EOF
[mysql] 2026/05/23 12:37:04 connection.go:49: unexpected EOF
[mysql] 2026/05/23 12:37:04 connection.go:49: unexpected EOF
[mysql] 2026/05/23 12:37:04 connection.go:49: unexpected EOF
[mysql] 2026/05/23 12:37:04 connection.go:49: unexpected EOF
[mysql] 2026/05/23 12:37:04 connection.go:49: unexpected EOF
[mysql] 2026/05/23 12:37:04 connection.go:49: unexpected EOF
[mysql] 2026/05/23 12:37:04 connection.go:49: unexpected EOF
[mysql] 2026/05/23 12:37:04 connection.go:49: unexpected EOF
[mysql] 2026/05/23 12:37:04 connection.go:49: unexpected EOF
[mysql] 2026/05/23 12:37:04 connection.go:49: unexpected EOF
[mysql] 2026/05/23 12:37:04 connection.go:49: unexpected EOF
[mysql] 2026/05/23 12:37:04 connection.go:49: unexpected EOF
[mysql] 2026/05/23 12:37:04 connection.go:49: unexpected EOF
[mysql] 2026/05/23 12:37:04 connection.go:49: unexpected EOF
[mysql] 2026/05/23 12:37:04 connection.go:49: unexpected EOF
[mysql] 2026/05/23 12:37:04 connection.go:49: unexpected EOF
[mysql] 2026/05/23 12:37:04 connection.go:49: unexpected EOF
[mysql] 2026/05/23 12:37:04 connection.go:49: unexpected EOF
[mysql] 2026/05/23 12:37:04 connection.go:49: unexpected EOF
[mysql] 2026/05/23 12:37:04 connection.go:49: unexpected EOF
[mysql] 2026/05/23 12:37:04 connection.go:49: unexpected EOF
[mysql] 2026/05/23 12:37:04 connection.go:49: unexpected EOF
[mysql] 2026/05/23 12:37:04 connection.go:49: unexpected EOF
[mysql] 2026/05/23 12:37:04 connection.go:49: unexpected EOF
[mysql] 2026/05/23 12:37:04 connection.go:49: unexpected EOF
[mysql] 2026/05/23 12:37:04 connection.go:49: unexpected EOF
[mysql] 2026/05/23 12:37:04 connection.go:49: unexpected EOF
[mysql] 2026/05/23 12:37:04 connection.go:49: unexpected EOF
[mysql] 2026/05/23 12:37:04 connection.go:49: unexpected EOF
[mysql] 2026/05/23 12:37:04 connection.go:49: unexpected EOF
[mysql] 2026/05/23 12:37:04 connection.go:49: unexpected EOF
[mysql] 2026/05/23 12:37:04 connection.go:49: unexpected EOF
[mysql] 2026/05/23 12:37:04 connection.go:49: unexpected EOF
[mysql] 2026/05/23 12:37:04 connection.go:49: unexpected EOF
[mysql] 2026/05/23 12:37:04 connection.go:49: unexpected EOF
[mysql] 2026/05/23 12:37:04 connection.go:49: unexpected EOF
[mysql] 2026/05/23 12:37:04 connection.go:49: unexpected EOF
[mysql] 2026/05/23 12:37:04 connection.go:49: unexpected EOF
[mysql] 2026/05/23 12:37:04 connection.go:49: unexpected EOF
[mysql] 2026/05/23 12:37:04 connection.go:49: unexpected EOF
[mysql] 2026/05/23 12:37:04 connection.go:49: unexpected EOF
[mysql] 2026/05/23 12:37:04 connection.go:49: unexpected EOF
[mysql] 2026/05/23 12:37:04 connection.go:49: unexpected EOF
[mysql] 2026/05/23 12:37:04 connection.go:49: unexpected EOF
[mysql] 2026/05/23 12:37:04 connection.go:49: unexpected EOF
[mysql] 2026/05/23 12:37:04 connection.go:49: unexpected EOF
[mysql] 2026/05/23 12:37:04 connection.go:49: unexpected EOF
[mysql] 2026/05/23 12:37:04 connection.go:49: unexpected EOF
[mysql] 2026/05/23 12:37:04 connection.go:49: unexpected EOF
[mysql] 2026/05/23 12:37:04 connection.go:49: unexpected EOF
[mysql] 2026/05/23 12:37:04 connection.go:49: unexpected EOF
[mysql] 2026/05/23 12:37:04 connection.go:49: unexpected EOF
[mysql] 2026/05/23 12:37:04 connection.go:49: unexpected EOF
[mysql] 2026/05/23 12:37:04 connection.go:49: unexpected EOF
[mysql] 2026/05/23 12:37:04 connection.go:49: unexpected EOF
[mysql] 2026/05/23 12:37:04 connection.go:49: unexpected EOF
[mysql] 2026/05/23 12:37:04 connection.go:49: unexpected EOF
[mysql] 2026/05/23 12:37:04 connection.go:49: unexpected EOF
[mysql] 2026/05/23 12:37:04 connection.go:49: unexpected EOF
[mysql] 2026/05/23 12:37:04 connection.go:49: unexpected EOF
[mysql] 2026/05/23 12:37:04 connection.go:49: unexpected EOF
[mysql] 2026/05/23 12:37:04 connection.go:49: unexpected EOF
[mysql] 2026/05/23 12:37:04 connection.go:49: unexpected EOF
[mysql] 2026/05/23 12:37:04 connection.go:49: unexpected EOF
[mysql] 2026/05/23 12:37:04 connection.go:49: unexpected EOF
[mysql] 2026/05/23 12:37:04 connection.go:49: unexpected EOF
[mysql] 2026/05/23 12:37:04 connection.go:49: unexpected EOF
[mysql] 2026/05/23 12:37:04 connection.go:49: unexpected EOF
[mysql] 2026/05/23 12:37:04 connection.go:49: unexpected EOF
[mysql] 2026/05/23 12:37:04 connection.go:49: unexpected EOF
[mysql] 2026/05/23 12:37:04 connection.go:49: unexpected EOF
[mysql] 2026/05/23 12:37:04 connection.go:49: unexpected EOF
[mysql] 2026/05/23 12:37:04 connection.go:49: unexpected EOF
[mysql] 2026/05/23 12:37:04 connection.go:49: unexpected EOF
[mysql] 2026/05/23 12:37:04 connection.go:49: unexpected EOF
[mysql] 2026/05/23 12:37:04 connection.go:49: unexpected EOF
[mysql] 2026/05/23 12:37:04 connection.go:49: unexpected EOF
[mysql] 2026/05/23 12:37:04 connection.go:49: unexpected EOF
[mysql] 2026/05/23 12:37:04 connection.go:49: unexpected EOF
[mysql] 2026/05/23 12:37:04 connection.go:49: unexpected EOF
[mysql] 2026/05/23 12:37:04 connection.go:49: unexpected EOF
[mysql] 2026/05/23 12:37:04 connection.go:49: unexpected EOF
[mysql] 2026/05/23 12:37:04 connection.go:49: unexpected EOF
[mysql] 2026/05/23 12:37:04 connection.go:49: unexpected EOF
[mysql] 2026/05/23 12:37:04 connection.go:49: unexpected EOF
[mysql] 2026/05/23 12:37:04 connection.go:49: unexpected EOF
[mysql] 2026/05/23 12:37:04 connection.go:49: unexpected EOF
[mysql] 2026/05/23 12:37:04 connection.go:49: unexpected EOF
[mysql] 2026/05/23 12:37:04 connection.go:49: unexpected EOF
[mysql] 2026/05/23 12:37:04 connection.go:49: unexpected EOF
[mysql] 2026/05/23 12:37:04 connection.go:49: unexpected EOF
[mysql] 2026/05/23 12:37:04 connection.go:49: unexpected EOF
[mysql] 2026/05/23 12:37:04 connection.go:49: unexpected EOF
[mysql] 2026/05/23 12:37:04 connection.go:49: unexpected EOF
[mysql] 2026/05/23 12:37:04 connection.go:49: unexpected EOF
[mysql] 2026/05/23 12:37:04 connection.go:49: unexpected EOF
[mysql] 2026/05/23 12:37:04 connection.go:49: unexpected EOF
[mysql] 2026/05/23 12:37:04 connection.go:49: unexpected EOF
[mysql] 2026/05/23 12:37:04 connection.go:49: unexpected EOF
[mysql] 2026/05/23 12:37:04 connection.go:49: unexpected EOF
[mysql] 2026/05/23 12:37:04 connection.go:49: unexpected EOF
[mysql] 2026/05/23 12:37:04 connection.go:49: unexpected EOF
[mysql] 2026/05/23 12:37:04 connection.go:49: unexpected EOF
[mysql] 2026/05/23 12:37:04 connection.go:49: unexpected EOF
[mysql] 2026/05/23 12:37:04 connection.go:49: unexpected EOF
[mysql] 2026/05/23 12:37:04 connection.go:49: unexpected EOF
[mysql] 2026/05/23 12:37:04 connection.go:49: unexpected EOF
[mysql] 2026/05/23 12:37:04 connection.go:49: unexpected EOF
[mysql] 2026/05/23 12:37:04 connection.go:49: unexpected EOF
[mysql] 2026/05/23 12:37:04 connection.go:49: unexpected EOF
[mysql] 2026/05/23 12:37:04 connection.go:49: unexpected EOF
[mysql] 2026/05/23 12:37:04 connection.go:49: unexpected EOF
[mysql] 2026/05/23 12:37:04 connection.go:49: unexpected EOF
[mysql] 2026/05/23 12:37:04 connection.go:49: unexpected EOF
[mysql] 2026/05/23 12:37:04 connection.go:49: unexpected EOF
[mysql] 2026/05/23 12:37:08 connection.go:49: unexpected EOF
  ✓ Time: 5231.17s (523.12 ms/query)
  ✓ QPS: 1.91

Trial 3/3:
  Running 10000 queries...
  Warning: Query 1 failed: dial tcp [::1]:3306: connect: connection refused
  Warning: Query 2 failed: dial tcp [::1]:3306: connect: connection refused
  Warning: Query 3 failed: dial tcp [::1]:3306: connect: connection refused
  ✓ Time: 2.10s (0.21 ms/query)
  ✓ QPS: 4761.20

📊 Average Results:
  Time: 3760.23s
  QPS: 1588.25

============================================================
MySQL Benchmark: categories - SELECT (batch: 10000)
============================================================

Trial 1/3:
  Running 10000 queries...
  Warning: Query 1 failed: dial tcp [::1]:3306: connect: connection refused
  Warning: Query 2 failed: dial tcp [::1]:3306: connect: connection refused
  Warning: Query 3 failed: dial tcp [::1]:3306: connect: connection refused
